path,target,class_index,file_sha256,decoded_sha256,group_id
data/raw/realwaste-main/RealWaste/Food Organics/Food Organics_1.jpg,organic,1,c92921f331ca92b77f2765122549185b19dd20d682a467ac6db407f7d6acd8d7,c64c5e1cb0cce707e0cc8c8d8669b165b3705154760098549fe29cb82fca2efc,
data/raw/realwaste-main/RealWaste/Food Organics/Food Organics_101.jpg,organic,1,bafaf40db66e5bb7adacbac521c7986f42de3d8b581e1f13f19ca4fb279d055f,0ed8bdaa8a4c0a5345198561dd84f7934854e5bf472e51b6bb01c85d025c2fa4,
data/raw/realwaste-main/RealWaste/Food Organics/Food Organics_102.jpg,organic,1,3428af99e5d4ee64947f03cf709a67173a94aee4ed3f7126bf9fd1bd6a5fc564,8a08cbb18127f79d6bca8f2ebe0c9bd9e7fd5b128640f883b43d75542de3fa6e,
data/raw/realwaste-main/RealWaste/Food Organics/Food Organics_103.jpg,organic,1,344c1b0423b2473bd07af9c53fe009aac65967b213fec0ee30d47ec053aaba38,64ccf9bf3976ceffdd626c45e27dda6e22de38093066ce0ad30c678fa8334e78,
data/raw/realwaste-main/RealWaste/Food Organics/Food Organics_104.jpg,organic,1,3915c4b4ebd5dbf7a337693d6cd815ca6a089e3ebd30e644d27ff7903430274a,9040f365c60a4c188d3e18793969d1b55c7c7b624ab5a161adf2f4f392041458,
data/raw/realwaste-main/RealWaste/Food Organics/Food Organics_105.jpg,organic,1,040214734be931395c9beb6db8bf88cc01a895b5838a76de35ce0172d282143a,7376a58c86c881f6488c41133fa1a2c806e4554e8e2a6cfc84db9e021893dfbd,
data/raw/realwaste-main/RealWaste/Food Organics/Food Organics_106.jpg,organic,1,2211fa0667d8fed7f446e552d5d680702800062971ff175f026647ae75992b9d,03718a68c96c9aaa7f67304b774e9009bb52f26ecdd5f7ab481d23c61fab4692,
data/raw/realwaste-main/RealWaste/Food Organics/Food Organics_107.jpg,organic,1,3c83d3a5ece0ff6e75ac160a0bc36de9b3a0f407b59c7eba57aefa4c67dbac1c,99eeff0587f5345b31f525d467a17b9a6ae699f07976f0004b7f76980dbb33d1,
data/raw/realwaste-main/RealWaste/Food Organics/Food Organics_109.jpg,organic,1,5080655bbb4d2b1a5e7a6b70d1ee475a5c4575b5f076ee56536d56f58be992b9,5803941909f15003abbb82ada78329e25b657fa388cd6f351d3cb9292683b6dc,
data/raw/realwaste-main/RealWaste/Food Organics/Food Organics_110.jpg,organic,1,2a6b12758fa8dbea0c7c9fde64e33650161e046745c54b8480899f8c648d49be,94f2665a6b23b74ee61b4f00bde72328277661ac5dc5e60049e8303c660a60a2,
data/raw/realwaste-main/RealWaste/Food Organics/Food Organics_112.jpg,organic,1,9aa9bf22ff7a0449ccc8053fba82a9fe30c8cb28fda41011e11e1b07273eb3b6,94249a38bc95688130c0a18eada766cb971819bde5f85c17fc651cd1701d4582,
data/raw/realwaste-main/RealWaste/Food Organics/Food Organics_113.jpg,organic,1,9b54b3c9726f5fdb825ac54f1934451b7f5417f5f6b867a5135b40824834baaa,80fc907f917135906bb7295a29ee565e86b8d2b8930895a67a14fe59a826da03,
data/raw/realwaste-main/RealWaste/Food Organics/Food Organics_115.jpg,organic,1,cede44c67554aebbde42366aa906e56115708637c949da8d649f82c4ee2ca0f6,1d0297a0253d684d711c50773bcbb199186f42d3c637cfb967b73b2bcdea4a16,
data/raw/realwaste-main/RealWaste/Food Organics/Food Organics_116.jpg,organic,1,08295c0a844bfad2542b0bc3cf8962d7464cb76dd068320b638b033ddfca357a,66be72d65443c62fb06d3a123154c2e82a02fe9352cbc151f540f104ba1ab023,
data/raw/realwaste-main/RealWaste/Food Organics/Food Organics_117.jpg,organic,1,ecf25175abfeee4315734526c808ec1ca8b2d09b67ba669d0bed2d5353b36dad,2bec263ea1554a87ac142b21b5bd3fe81f8363120670f67d7405fb2f93238ba0,
data/raw/realwaste-main/RealWaste/Food Organics/Food Organics_119.jpg,organic,1,694d2658d372c2ef309c3326f326aeb81e36840e9438f2435041ebac27e4fb72,b88c7b319ea270d73e750466e0694b86758fdb64d9523c7290c188599c6a40b5,
data/raw/realwaste-main/RealWaste/Food Organics/Food Organics_12.jpg,organic,1,46ca8346618ee2b32bb40ca428203ccb8085515fd899c80573f57a0afff60ff1,6ca4791730df45a2dc9abf4a9e75cb4ca29d14ee7008c23a2094721080f42c9e,
data/raw/realwaste-main/RealWaste/Food Organics/Food Organics_120.jpg,organic,1,06899fccd5dbfd0c390ca01f269d1100bcbbeaae00374eef954d3cf925b90633,1f780e18dbab3e169de74699fbe2947611e16c87023121572f603a1668704bcd,
data/raw/realwaste-main/RealWaste/Food Organics/Food Organics_121.jpg,organic,1,9cdd96ba321cc83c24fce06844854f98011ac0731a6430018e6142ca0c3920a9,2bdaa1af89579f1b855b2b58411a9c1ad0ce0dfe73abc80d085135bff1f5985e,
data/raw/realwaste-main/RealWaste/Food Organics/Food Organics_123.jpg,organic,1,2ad64285374a05cd440777d9a08fe208279097f14140c9eea75ed53122733878,8f89c11bf4895d64c108c287c2bcc873bd76fc2bf7d6cc42536bf657a3b1bbed,
data/raw/realwaste-main/RealWaste/Food Organics/Food Organics_124.jpg,organic,1,fc27624179dc37041dae7a1846bf7da22d526a73c91be1250528e5fd1e331fd9,5f105c248b7db9c004e8220b0e9cbdd445973030e4fa9db144ed9ac88823e46d,
data/raw/realwaste-main/RealWaste/Food Organics/Food Organics_126.jpg,organic,1,e42c3c0bafec3d1ab8ef58ece890c75296ca734a647c679d948da7a2315ed458,3baf82c060251d7331d4f263c805b4d2d6d61ee065a2f440daf197bb4334d5ad,
data/raw/realwaste-main/RealWaste/Food Organics/Food Organics_127.jpg,organic,1,9303c036ee73cf7e6d5b2f114719de38276d99fc81fd886727a2242d323774df,15a890ea862e91a76509087211e1471e6107df7c5eb50676a52c3629fc5a56a3,
data/raw/realwaste-main/RealWaste/Food Organics/Food Organics_128.jpg,organic,1,486645c599f1e9c9512234a813f4a7273d1cd4df09a920484211e8a49f8b4538,e9cfe446d75c81147cccf93baf3ad4178d2be7588c4f74b727bd06e57040774f,
data/raw/realwaste-main/RealWaste/Food Organics/Food Organics_13.jpg,organic,1,3870b1a74cb177c3fbf2448dc034731720b2d2e1130e269722c31b95490057e3,a3437cd9af82db2cc980056b5038981d8827316790a8d2f1976f04b0acfaa230,
data/raw/realwaste-main/RealWaste/Food Organics/Food Organics_130.jpg,organic,1,ec32238de66210e8412305334c60b2781aee064bdaf2dc4a0e18683206247d91,01b16b9319bf01dcfda811c1f05004b662d5bf53a9999b61c0dcb41ff0016565,
data/raw/realwaste-main/RealWaste/Food Organics/Food Organics_131.jpg,organic,1,6126f48694708171ee7a11713a5f7cc768958bc4da6460293e0fefffb5f73475,721e97279d4c08ee1a15788411299da696123ff672108c21514ba0b8fdf17303,
data/raw/realwaste-main/RealWaste/Food Organics/Food Organics_133.jpg,organic,1,428a3c9161295b8922ebf15842813da3bcd617276014f2e2be7e16ba9c2d9035,7ed7eefca475598fb32fe1427f74a69217548fd84e97732e7ec24faa8b281003,
data/raw/realwaste-main/RealWaste/Food Organics/Food Organics_134.jpg,organic,1,2dfb1e6eff5950253e79dd5ed9c3fea42c38145f6cfc40dae3d2372b088150c3,194c934fe6ad053ebe69e7fbe7e566947dbe22fe3fb8bf7333d8ada31ea598b6,
data/raw/realwaste-main/RealWaste/Food Organics/Food Organics_137.jpg,organic,1,2eace19d4387e050341ed5dfae6e116fde1c27e144fbe7f87ad28838c8cadabd,9728afb04cc76a0bc2e2a8e0c686217ed47b710bd4b3633335f053de4e22a5fa,
data/raw/realwaste-main/RealWaste/Food Organics/Food Organics_138.jpg,organic,1,251ae72a69e1c41de939fd331db25c6b092f4e8bc521c092305ea70ed4d41272,db3aa550a07f5018eff4d93c4c12357bb393b9521dd11f3dd1bd2a3cde87c752,
data/raw/realwaste-main/RealWaste/Food Organics/Food Organics_139.jpg,organic,1,79d142cd964188d83931dd5877eacec4850f1d6875107b5fbd3f0d3d2667fb25,32d72d6af83a990d2a40a89ab35d154b628e180b8aee99b63079297c0f1faa16,
data/raw/realwaste-main/RealWaste/Food Organics/Food Organics_14.jpg,organic,1,ebda7f3b5b54f627bc3a29c00472b8a0db1f79009315239cfddc4300d3f500f1,9e249ef4367019461281c67af3454ecd66f5a99819eb37f41dd62e437d41dc99,
data/raw/realwaste-main/RealWaste/Food Organics/Food Organics_141.jpg,organic,1,88129f7a376a60fcd387818396f26b309f49fd8e486670ae0dd159cbd03fe542,d2c151b98702b8af55fa6f8d3daf39fc37018ed8f495646b1348c5cd8aafc4ae,
data/raw/realwaste-main/RealWaste/Food Organics/Food Organics_142.jpg,organic,1,f9dfe34271da35bb1d5911681d37a8a8283e5e903b25e19f80b52e9ef3090131,0f33656dac1cb41e2b63d33db22342c66c04828ce18fd812951ec176de7eb54b,
data/raw/realwaste-main/RealWaste/Food Organics/Food Organics_143.jpg,organic,1,6fb8fde92a70e9cfca246f89b96c229e270b7d6d23b4e7f2ae984456dc3e8160,31bdeb18b363fd2fc73a71cebb2333474c05ff82b6382f5319e0928ab6a01b52,
data/raw/realwaste-main/RealWaste/Food Organics/Food Organics_144.jpg,organic,1,7db273d370329aeec971bfe4aae7b37495e677aaea4d9324a0beb920aeb66c31,b85ae08798098e8c00dbb3172965f26bb7993db7e6779df0fc88210d31938313,
data/raw/realwaste-main/RealWaste/Food Organics/Food Organics_145.jpg,organic,1,4169b1ff12ac5e24c47ba44b9e0057684eae7a33a532f7ba2d4dd64be0e394a5,92471ec736ba97542dde8d27f417089160d4ee3d226476035942f9ee0c85bd42,
data/raw/realwaste-main/RealWaste/Food Organics/Food Organics_147.jpg,organic,1,65eb3e7bbc4fdb1e922267bc16b4a3c147e7347c4693f498721fe017680a21a6,2b1828085a48d2b4882cf4963f0e370282bd6c6f052b056ec3fe7af7de785a3f,
data/raw/realwaste-main/RealWaste/Food Organics/Food Organics_15.jpg,organic,1,b58d16b2d6d275fde622f57baa2f06e696359b3632e5cfe185f12e1fe6489861,b0b0728b787cc73640842ccf727e12dcde7bd59acfab4bb8aa8659683f0e5453,
data/raw/realwaste-main/RealWaste/Food Organics/Food Organics_150.jpg,organic,1,1103d667bb229ed83f68b237942bf10fae81f508face09f5ee1ebfffebad5b6f,91e5c299d2581bd6c7ba96cf93857718d3a2a379b8c3c91ba224b4f7abd4d35a,
data/raw/realwaste-main/RealWaste/Food Organics/Food Organics_151.jpg,organic,1,c816ffa8076e6d08ce9108a021fb6ecd2feb8a9b65badb0a9d16cee8066639f9,8a4c23c6455e31661200b8eced2d4f9690eeac1f3290d9b06bda599ab71994a2,
data/raw/realwaste-main/RealWaste/Food Organics/Food Organics_152.jpg,organic,1,f17ff9f26e7000d5d44cacb79fa04892055beb5929357c3dc80c1a65cf8d767d,e54c486eff320cb7aa1c1309abbdff075b7428e67a3c817fcb0a4c8583c77d1b,
data/raw/realwaste-main/RealWaste/Food Organics/Food Organics_153.jpg,organic,1,33a7a850cf5d2b056e7c4f9d70e3c86e4d246ceccde6e7d2261edaf2e10903af,228d9afa0fb3e7f2b218f4004ab592c3f375510214c6ccbb3b243bfbab4b41eb,
data/raw/realwaste-main/RealWaste/Food Organics/Food Organics_155.jpg,organic,1,8aaf76570fc100260a40168f3a59cc06d3317108ef0c2046154809b2ab331366,5a3c0c8b78c69c6a8aeede2c756bb229481fdc946b8b7c9c151053870e07cfad,
data/raw/realwaste-main/RealWaste/Food Organics/Food Organics_156.jpg,organic,1,6d03503a7f88701cecaacf4de8ff6623ca68f39bc96f312ae6ac4c4010e5d059,2901871ca6e5d7c9f875d997c5158eb048c69baf28d06f97e35520102b2e71dc,
data/raw/realwaste-main/RealWaste/Food Organics/Food Organics_157.jpg,organic,1,2af4afb018f6bda3cc96881e75133241ea673851ce7880bf9b1fae4ccf2fab5b,6836886d0295c8aea4795e02d83b6cc396ce923aaa5be633b110dbc864c2918e,
data/raw/realwaste-main/RealWaste/Food Organics/Food Organics_158.jpg,organic,1,d6e5987cca96288fce79e6eb3944a5dfeba00905ad44634e8f2db6900c0afe41,9029c62b362d35c5a802459113f06cf173986f2cd36758e4e0ac7df8bdaaf766,
data/raw/realwaste-main/RealWaste/Food Organics/Food Organics_16.jpg,organic,1,7c4500b51269bd813900a331dc868ec548e9d98a2d7f859dd3da65cbffe91790,f716f4162db681a49efd164924675ba973aabf8fe925b6236bef1af09721f300,
data/raw/realwaste-main/RealWaste/Food Organics/Food Organics_160.jpg,organic,1,e2ee316cacd8f3f3081bef78168ff4c699d6ee7c8796b7d68532e425c54357bc,dab1c0a69f0b67659c9045751ed2027c19db86886e937bd05a6251634b9c3b34,
data/raw/realwaste-main/RealWaste/Food Organics/Food Organics_161.jpg,organic,1,96a66cc07240161ad59427e0c3244e2433065e985341d147fbcfc96830eaa227,2f7c66be76b4e5dc0bfd1a3d8cc1657d03336907a3e4cb81b88daaaa723cedfa,
data/raw/realwaste-main/RealWaste/Food Organics/Food Organics_162.jpg,organic,1,5e5739449648fa23cee2c33189f4a04a4e194e62581affd8fb11828f572ba05f,5dee8d4f9398dbb99c5ab428f58b17a5b3455de8eb2886ee9a858a2146a346ba,
data/raw/realwaste-main/RealWaste/Food Organics/Food Organics_163.jpg,organic,1,b2ce3a02c1e7b85b54bf871c9cb41c7dd9fad1ba7a16bb34dea3ca157e9e02c0,94ce6149b5bb14626cccd2c935a4fe33529e06e0fe604ab0401c0385b042c29d,
data/raw/realwaste-main/RealWaste/Food Organics/Food Organics_166.jpg,organic,1,e337dc9578b1723f92c6f9a2d46056afa84959c928f098077432bd0293357d74,a1cede116a4d3ca1c61d427141cd53f5504c9da80bb19e6bbb689743d536b892,
data/raw/realwaste-main/RealWaste/Food Organics/Food Organics_169.jpg,organic,1,10972d2005e95ee346545f0a8b6aed48ab09fbdf41ee32af3715d5b05e29a723,e646dac58470a23fc8df3c18675bc191adafaa4124bf8aeab87dfa093485b9d6,
data/raw/realwaste-main/RealWaste/Food Organics/Food Organics_17.jpg,organic,1,3f02977837a68be771a3f995fd19474c62b60c2bf82bf1494d5e7b65ad4e3d20,0bbcd5d7c445b9236f4ec5af0e7e1ecd4e0f5f8027d7e8cdc89273f4947788e8,
data/raw/realwaste-main/RealWaste/Food Organics/Food Organics_170.jpg,organic,1,385c0f4de511edd422c7893615524706271b68bee3985911c1808d371d29eea0,97e8bf80071e7825154a980fa08b21f1b791b9b626662dbd8a8d4591862975ac,
data/raw/realwaste-main/RealWaste/Food Organics/Food Organics_171.jpg,organic,1,c722deb348d52ef5e53eb8c37e6eae820f353e656041fdd077c3743125d82a93,41fb1edecc9a2184857509d70e5410404eb6938e45525033c6c2815e276a87f2,
data/raw/realwaste-main/RealWaste/Food Organics/Food Organics_172.jpg,organic,1,94ee693344768b770e372f65af3fe7326ec49770e56f67473744bf901a899320,ba8225436d58a0543778e8165b884c5459a886b745f0dc6b2e902f9f9de4bd73,
data/raw/realwaste-main/RealWaste/Food Organics/Food Organics_175.jpg,organic,1,9746588d879825522e9845e51a5d19071b1d9b0ebe9e265ac8623a12a0957347,0443cdb536359524c0357a37e555e7d45f6774df8a6925ea7d87b5efe6b09d39,
data/raw/realwaste-main/RealWaste/Food Organics/Food Organics_176.jpg,organic,1,c6dbd74add1cc87e344ea06f0493e51b06f9b32f4ab215d1f2f26053a23864d2,334e815bfa3e7d7f92b8dfaff421ae840b0e3377cecfd97568d9dc9c55f3889f,
data/raw/realwaste-main/RealWaste/Food Organics/Food Organics_177.jpg,organic,1,8bc3722353f4f71e154eea47d21ff856334d56db2c403702361b1dec781005e7,ad9b6656ee00c949b175c77f85ab0f39f6e840b373a940b2e8c8db064c04a60a,
data/raw/realwaste-main/RealWaste/Food Organics/Food Organics_179.jpg,organic,1,f02ac5fb380ff4fa7ee9e56a85ff7234042c0db83fe147fc629145822618c095,67347346e3c29036874e1b18022a04354ffb84f18ef7a3851e09f58dc64d505d,
data/raw/realwaste-main/RealWaste/Food Organics/Food Organics_18.jpg,organic,1,e6fc488892a2031690606a3e9d436e4cc1c87a761fea546dce795f29c9ed064c,8d9ca70cf07ca5f6a4a5fcd113a2119ca9dd1bd5ee47106a030c55083fb1d875,
data/raw/realwaste-main/RealWaste/Food Organics/Food Organics_181.jpg,organic,1,458124be23209e4e38872b35c9db7efb09e51b601892df0955043f415e72eec6,c3425d02ae090d18cf0f22d618a590c638e732db4dca1bf7774ea536e7bf53ef,
data/raw/realwaste-main/RealWaste/Food Organics/Food Organics_182.jpg,organic,1,efae3aac3b8b4f4235ef2512d0ade0a1f9c5bc5b8bbc3cadc0e45236143c2087,63d474ab6e71a2cbc4d70fb880a3856da8ba3c9e55ea8f14bcfebeda7b812715,
data/raw/realwaste-main/RealWaste/Food Organics/Food Organics_184.jpg,organic,1,c3508b2e367c7ba8ef9e400fdcae3f2200cc0abac2240c9565fecb6803064cd5,b50044570ae09af1db1cc35cede2012e2f0aba66510b91936c00d3abecd0945f,
data/raw/realwaste-main/RealWaste/Food Organics/Food Organics_186.jpg,organic,1,eae71227a7ad3e04317a408ac4f3353e7f8b6d8c5a26f2e871f324c2bc358256,af75e91f5a6e36f87a841e9b62c04e3bb5a91add2b6525c8d790eca97a7e2a19,
data/raw/realwaste-main/RealWaste/Food Organics/Food Organics_187.jpg,organic,1,517ca4d1fd280a77e973445da32d6365c62c0e17d0685e0aa30761dd7ee75cc1,583f5b396940490247061588cdeef31e2926b76985da3ccc0871514759b05e3a,
data/raw/realwaste-main/RealWaste/Food Organics/Food Organics_188.jpg,organic,1,1dd599dd5f01adc30268e35a5fb483ed929f069bcea63a69e437eef8067bcf66,829892c3846792016f3c5f01907a113df884939a0d97f260e01ec09c3f1e6cd0,
data/raw/realwaste-main/RealWaste/Food Organics/Food Organics_189.jpg,organic,1,00fa6dbc864c38b55d87e2647ebd210bd4ac739bd7d13761988d8e5fcb576555,e61514b81db6a43eb70895894650725e768f612cd6cc73ee56fc12cdd1f379d9,
data/raw/realwaste-main/RealWaste/Food Organics/Food Organics_19.jpg,organic,1,1f5142a9877590292cd419f6f8a105151fe8356848db4cb4bcf812fd20315f9d,5f494531fe4d86aee77d2d6a7e9f8eb31615f808c739cd33a6d63d811be463bb,
data/raw/realwaste-main/RealWaste/Food Organics/Food Organics_192.jpg,organic,1,b2ce59ab9fa55581133cc788ea212961f07271ceb43838ebe1c740be6ce14643,8a7be47e10ceb922abf43fdd33bd7a95c0f62adaa1709d1cf3a9ce9a0d37d52f,
data/raw/realwaste-main/RealWaste/Food Organics/Food Organics_193.jpg,organic,1,aa92ae9f939ac33c5c3fc272b3b65834b0f53d01893fd6a30fd9f5e94a684d76,cee075e25be7524982bf6a1f8971dcda5ec731147ee670701cc319359eb953d7,
data/raw/realwaste-main/RealWaste/Food Organics/Food Organics_195.jpg,organic,1,c7a690dc44c96e41ad208e08c341be5b8dc6eb1bf55781cb0980649a406c52af,1ac65d407e40195dce5345399b811704d1ba2fc9ec27edb123e16cbd2157745a,
data/raw/realwaste-main/RealWaste/Food Organics/Food Organics_197.jpg,organic,1,407c15378c30955998770c1dc169f22ef7807d9270c181ab3b1bca6523e74874,cdc99af08ee146d06685b94d16d7aad5ac6fd9d74818b0c7cc8fae125c236ed1,
data/raw/realwaste-main/RealWaste/Food Organics/Food Organics_198.jpg,organic,1,ca06b1db824e9f4348430763665b95147edd41f44ce69b6de70a1b266f9677ca,6f347ee529f39b9f3170ba1a6879226271b67d3a6f68db0b433ebd475c57a337,
data/raw/realwaste-main/RealWaste/Food Organics/Food Organics_199.jpg,organic,1,6602e35f95ef7c9f4659a9ed0a8776fefacfebc469f05b3e0c009a394b0f69cb,29e49383037677e9c4b3901d4dd9c3a8ea9fc5a44dff03bf3d24338c6332c61b,
data/raw/realwaste-main/RealWaste/Food Organics/Food Organics_2.jpg,organic,1,23b479d0dad63e0c3b5646a184b2602d62a9843bae5bf4a804e1974d3f5b1a16,32d4df57010d7905b1ee0be76b694ef0db4d25f7e2c87c9bc0887e1b034a0447,
data/raw/realwaste-main/RealWaste/Food Organics/Food Organics_20.jpg,organic,1,a8988fc507de42ff6b4502438c4936a453634f0bc6b30108c7d89b443ece1052,363575f818cffa8401f3764f974f3350d6d3df68ee21f58aa8fb32b38dd5c919,
data/raw/realwaste-main/RealWaste/Food Organics/Food Organics_200.jpg,organic,1,2ef4b2166c1de5e15da4c00feeb1a2635e9b6ee9c97d35010b09cdf6a4b84d7c,11387f959c28f6e8b2f6843897c89e2b33a6498f6533fa52c43164b9dc750576,
data/raw/realwaste-main/RealWaste/Food Organics/Food Organics_201.jpg,organic,1,eff327de5286189dfd5f0c6fb721eb30b18f89815cd41665b4d9b9f9e4e418bb,25c67f047bb3b24a7dd44c93457921f216f797729019b5fa7de584fdb559525d,
data/raw/realwaste-main/RealWaste/Food Organics/Food Organics_202.jpg,organic,1,f3894843039c736d02d4d051c56925bb9762140a08d74438fb464993cee67b4c,d8ca8dc4553e40bafcde8e5cca4a5b8c1ad5916fb71694d407fd63e94930f278,
data/raw/realwaste-main/RealWaste/Food Organics/Food Organics_206.jpg,organic,1,0573e4251b7afecd59b183dbde6b8cda2711cff341f073dec78941f3acc6de9b,6dc3c9ade64f826b149515404f8126c8101c7e0cfd392786b62e60904e1560c4,
data/raw/realwaste-main/RealWaste/Food Organics/Food Organics_207.jpg,organic,1,8200f22f97ab0ac37091fc90fc2087b62d44e9f366954c4de435d335617fd6d5,4ff10cfc1674f3614c6d5164e3c2239bf344a05bb03fab549fd0ebaeb968611a,
data/raw/realwaste-main/RealWaste/Food Organics/Food Organics_210.jpg,organic,1,9e7ba90f103ef6949381064ce34579470e80c3ef7e041fd69dc7e719a4d7578c,434b6b82c5621005919e5b8ab374c29b8c4fd80743f98c82c1fe1725268c2c5d,
data/raw/realwaste-main/RealWaste/Food Organics/Food Organics_211.jpg,organic,1,45cfa8c9cf10254c5825cd02c2c1437f12f0d911740ce27324000f3a424c6d08,4c70f71d4fb10ac6425776af9faa409ddb63309392c7adc93e2a9030d94183b7,
data/raw/realwaste-main/RealWaste/Food Organics/Food Organics_212.jpg,organic,1,d4b63ad5f06cdc571102330bc7cdca527b6e1d395bd686e2200ca25d2a7a2e05,b9d0c7a58eae4f32a3f1210bd83cee29d4543b8e7440d39f3fcb8d8ff12e7a83,
data/raw/realwaste-main/RealWaste/Food Organics/Food Organics_214.jpg,organic,1,84259cbb160d2ba9f4d92e93e9bc63151691f5533c58802cc8d481740f551f9e,f35b14a548c342d1776ae10a4a413ff5c4c8a4892f2c614b68cdcf21cfabe0d1,
data/raw/realwaste-main/RealWaste/Food Organics/Food Organics_216.jpg,organic,1,d4c587d9669677b209da2e74e1583b47b0d59f4b75f62850319ca2fff4e2759d,3bb406287626695999c501a3e6adf5fba9a37e11995a005d09d8e6436fdde0bf,
data/raw/realwaste-main/RealWaste/Food Organics/Food Organics_217.jpg,organic,1,343747837403ca352d476a88ed19666273d7b7b59c73514fe6cb80469c18647e,aa9e56ab79308bb614021b8bf063cc1bed4dbfc2ca6111c069b2c90adc14f936,
data/raw/realwaste-main/RealWaste/Food Organics/Food Organics_218.jpg,organic,1,3e3d1b1e15b10deae6535f94bc6bfa705e451538377b5ad2b5def04392596261,9686f539348a2dc1ec46ffd8de45660b038717439ddbd83d446770f083da0e31,
data/raw/realwaste-main/RealWaste/Food Organics/Food Organics_219.jpg,organic,1,c533d5dc78a9a29db923fcc99191471951a0fd11129d661f3c7688f4a7d4b606,37ca5055514e3cdacfcdf3fc0930b56dc2d95db797ad852701599600944101ee,
data/raw/realwaste-main/RealWaste/Food Organics/Food Organics_22.jpg,organic,1,073cc986ca705a22c1cf49057e387f20b321624b285b816962b2b5fbefbd97f9,1c474b020fe18ed6a5d5f502062ddf651ad97c8d7f1cf5b3fca8b2e783bb6d56,
data/raw/realwaste-main/RealWaste/Food Organics/Food Organics_220.jpg,organic,1,64f14cb2e02dbab1c222e5d9615198319f7bd2791b48d1ba4e7616589f30ca0f,7bb845ac1d8f5d6112cae46dd86e1f6e6b0d4049d6964ad9013056e227beaffc,
data/raw/realwaste-main/RealWaste/Food Organics/Food Organics_221.jpg,organic,1,23cc306a4d179811465d7e05106489fdc8c3990d8d943ea59ed5f32a3542e016,3460811e910cb5969c29e361fb323f5b2abdd46d98bcb95d7873a26244e33fe6,
data/raw/realwaste-main/RealWaste/Food Organics/Food Organics_222.jpg,organic,1,b3f0bc4a3f914aa897ef2ff26eb131f56aac1c86e8f9874be14b4c3d2e66822f,5dbc426799d9119cc6d634fb340d79558b7e4aed4356eb94fe6039268cf8dfc6,
data/raw/realwaste-main/RealWaste/Food Organics/Food Organics_223.jpg,organic,1,437da651371e8e7ff25e0ae763b87b20afaad2910b88a6a9a731e4d29dcbf9f6,fcc029207690a4a65df05df73628af67101512609dc414ddea86861fecbf2d76,
data/raw/realwaste-main/RealWaste/Food Organics/Food Organics_224.jpg,organic,1,5597d8ce7ae1f630f5d7e0e40567c01120ab0ee3557080547cc74b822b4653dc,442a52cb875662586334a5e8996f8d365734adf00f84e7a7e9e00da5468d4d33,
data/raw/realwaste-main/RealWaste/Food Organics/Food Organics_225.jpg,organic,1,45d1184b5e3d0481d46336c1d9bf10614aea4bcd4d6ce30a6cf2faf4efc4516c,55a4b8aad0c4dcb5f956dfa86733d44930c0abc71c27587ecdd120484750a9e6,
data/raw/realwaste-main/RealWaste/Food Organics/Food Organics_226.jpg,organic,1,8625f4361da66e6a140e36ee337c7431ed1afe45b6cbfa9f4afe1644af9e0a09,c897b28658a030db22ae03451a33107c09d0fee4f5f2b39cba5e366efdc35cc7,
data/raw/realwaste-main/RealWaste/Food Organics/Food Organics_227.jpg,organic,1,b12965a04f981f5f2da1f9088a30af664621abd3a6463d5b31796c9d9371bd56,37ac98002d17993e476ae11185f193fef06b5497fd4f9d2830038eb9b8bbc17e,
data/raw/realwaste-main/RealWaste/Food Organics/Food Organics_228.jpg,organic,1,a17769d1ec5c7ccfbf4c7abafdc5dffc856394c033fccd9ba4b7e3467ce7a129,311a82aa1ad52b9cc4180eb19fd145a0ab6ea5e4ccd88cf3439b967f4642d74b,
data/raw/realwaste-main/RealWaste/Food Organics/Food Organics_229.jpg,organic,1,330bf1b5bdf54fcab87a18425380065d5bc768e80f3924244f3ef7f9170a498d,2208703535d80813014be5375e6882423cc8fc8cc31a0d4721a18c7bc6076f49,
data/raw/realwaste-main/RealWaste/Food Organics/Food Organics_230.jpg,organic,1,8b98687fe4b238a93dec57f0c89d12802985e38f7cc352d20c4580074cd248af,3c624243e2d9d37802176cbef1c6e1606b22715399ce2cdb4adb98771df7c3ca,
data/raw/realwaste-main/RealWaste/Food Organics/Food Organics_231.jpg,organic,1,f7ca469e865e022428cd783d6a7ac41c2030ef8b6e21a0a502814360709f8538,fbfe7a8a7134becd2c2e509b18c2d88ae567d5562c679b347c9eff3ab901612a,
data/raw/realwaste-main/RealWaste/Food Organics/Food Organics_232.jpg,organic,1,924164be74ea2a9fd25de6cbc67589e677ff69f5e217cf9b4d37d726b6abac93,b081bb5abcece590249e55fef02c004c6947fa9fc77c8dd2c43d50827196a5e0,
data/raw/realwaste-main/RealWaste/Food Organics/Food Organics_233.jpg,organic,1,c0cffd5b78780c19a73531184810d131ceb9315bfd98f4e18d088c36f90d546d,beedccc51b87e1c82bb313e4a861d8d7f0e2c69f9c54c0e9099aae1a9fd953b2,
data/raw/realwaste-main/RealWaste/Food Organics/Food Organics_234.jpg,organic,1,d694cd1671d74ae4f5b071c1dabdf4e76a0e974ea4c03ab19df3eb8948e40227,6ed0e0fc5449f57b5db9702fc984d983c5c53c6175a4dcdcc11ce250c41c0e64,
data/raw/realwaste-main/RealWaste/Food Organics/Food Organics_235.jpg,organic,1,a3a1616c44372c667c2700c9d245b7c2c4a44b7a806e6623277cf2dc748e14cd,2314e331e529f532aa1689682224b5facb6bf42050e3c7bd4587f2c0e258cc4e,
data/raw/realwaste-main/RealWaste/Food Organics/Food Organics_237.jpg,organic,1,e1a64c2824deab30fe36b0a19a23743978da3d9d2cc94c724d78854e9897364c,c181ca67c1e50caffffb05f0d4373a3f11bb67efd1af87ca2e79053ec638ec5a,
data/raw/realwaste-main/RealWaste/Food Organics/Food Organics_238.jpg,organic,1,265b6de62f0c544e88aad577de1341265f4f45e8a78faa3fc48f3a584613e331,89ecd5615bd0e1567a3df597d15c6bd8b7c57a39983c0786d8730f0e227d4177,
data/raw/realwaste-main/RealWaste/Food Organics/Food Organics_24.jpg,organic,1,b1a102e7c2b3f791c4e1e8ba6b83dfa5dd7ae9b5d33739592a97dd4c9fc5e33a,7e2f91070b75e73c3a1afb9e9034d2fa8d64ff2691d82c263b416d98902e83b0,
data/raw/realwaste-main/RealWaste/Food Organics/Food Organics_240.jpg,organic,1,a28a3ce7da0f8c46abed1913732c6d260af2caaf404c67c15e8268035dd7c8ea,2b92f086b96ebd377dc8109a785b1bd38b1a759a9d7e7443b0c8b5decf473985,
data/raw/realwaste-main/RealWaste/Food Organics/Food Organics_241.jpg,organic,1,99ede3380f9427d04b7b7c6aecc6bc2b0bfae3b37710fdfc2accb293c336973b,adaedaa22c8b41152bcb0065c66de1c38e737f6c6acb9fbac320bfe5de4b23a1,
data/raw/realwaste-main/RealWaste/Food Organics/Food Organics_242.jpg,organic,1,eca597ebcd20511568e52539829ee2367fde0f4591fb16e9ca1092dbb786f59c,1d34cf56da5f6face76df754f4a5784310e71222aecd30660ee527d8d46178c8,
data/raw/realwaste-main/RealWaste/Food Organics/Food Organics_244.jpg,organic,1,65a398664208088f7b8a533a47f4417209a60aa8872f9d61180595c1c56b53e3,7f1ae8f50b6fd5f1417a80d62690e413388b38dcacc4dfcf92b94939b8f2a2ed,
data/raw/realwaste-main/RealWaste/Food Organics/Food Organics_245.jpg,organic,1,282ae515be4a986435e36b22418d200a572235edc49a04881bf12949d09388c7,b7bf3b1c83fec4b259955a4b5763e379d5e85ee565eeab7a9c07cae10a056825,
data/raw/realwaste-main/RealWaste/Food Organics/Food Organics_246.jpg,organic,1,56761350ebf428fdd81098d26375d429cdf464c34657774b5253375ea4b7c3bc,d7e93140ab1637f3e4a59bad0468e9dbda74fd36f50d5b62df4a5b15c6b5dc21,
data/raw/realwaste-main/RealWaste/Food Organics/Food Organics_248.jpg,organic,1,ce80992aad92cf2946597dd0f2ce5a8931cbaaa48d1c041bb2e98d95b5669065,d3a34e5e45908ffd6ac32115d35e4b034da17245a726d342cbb43a1fd3cba903,
data/raw/realwaste-main/RealWaste/Food Organics/Food Organics_249.jpg,organic,1,814d6dfe75c1db1c844d29d5c50ecdafacc7bda3b9e032465ddf477a707f616b,2a7c257b15c975aa000b19ef05ba29c57eb8692110020bad31a0750b70e3a9ad,
data/raw/realwaste-main/RealWaste/Food Organics/Food Organics_25.jpg,organic,1,52723125e7b1bcc27e352a951d9a1e0e472c17d334645a784c73c5650a28b12f,74edac7e73897e2b45548201f297f8120bf0dd7a129864af71057840d21400e1,
data/raw/realwaste-main/RealWaste/Food Organics/Food Organics_250.jpg,organic,1,79c823d43328529ae4c6c84044a342ca1d6c7f1cebe3fac73ae9a24fd8225e8a,cfd097860f8c8a22d98c6d809af28d075b98cdfd7fdad519c62cc7fa191192bd,
data/raw/realwaste-main/RealWaste/Food Organics/Food Organics_252.jpg,organic,1,90744cf9b3073b628c1c99692a543bbcf933beca29590db2c04d2b4227b108aa,fea4f4f1f4ee07a174e2f6097799007d6ed1b731a20a4429943cb13ac89631d4,
data/raw/realwaste-main/RealWaste/Food Organics/Food Organics_253.jpg,organic,1,d84f03b703fd8547f31dd3954e18320cadc05bd62f5fd1b8fb996593426fe149,3292ba4e1f88586f584e91541a94596b5e8d8f7e8c16e372b6bb2dbc25bd9c3a,
data/raw/realwaste-main/RealWaste/Food Organics/Food Organics_254.jpg,organic,1,7ded70a26c74563ac062831c0b60501ccf09c56b797a4e95cdf7403b17511c91,9f1729f4021f5b85ad29f8ac19987bb64fb618477f609b7ae44e395f62925714,
data/raw/realwaste-main/RealWaste/Food Organics/Food Organics_255.jpg,organic,1,f408fbd3b83be3bc3632cda1ef41ac4ffc46b3d5d1185408243cf7f530644262,f222164b171f98a29cf18b28f6922b455f0619eb6745486798ca7a4ee5e355c6,
data/raw/realwaste-main/RealWaste/Food Organics/Food Organics_256.jpg,organic,1,e1f363b54da1bbddedae4794f8b94f090977b23f9ffe08537f14ae2ffc5b582f,4a1f95713e6d2b77da4b02346b2b97e5fcc5adab050e2e286f9cc4515f56dffb,
data/raw/realwaste-main/RealWaste/Food Organics/Food Organics_257.jpg,organic,1,c09b5ea869aba680cd3af5420d8bb4bca824985150507cfe592fb5fde7d60faa,0dce0d290df7dff95821a082ebe7137b68847c8122fb4056730a38364670fa86,
data/raw/realwaste-main/RealWaste/Food Organics/Food Organics_258.jpg,organic,1,d8537294e3c7498a0840cd0ef0dcc79c3e2f4a44ee2351531511c3fdc545a756,7543bbb3b6e320bd02700d87b31d64ad02d090a94fc5c82ba48cd3350bc5f4a0,
data/raw/realwaste-main/RealWaste/Food Organics/Food Organics_26.jpg,organic,1,84235a89c8da93188e6926931235fc657add5719840a8a9dca4774eb7b985f7e,2e2583e7380fe12fe23226a04ab7c5668458f69b67b612642b1e7e29aafa1496,
data/raw/realwaste-main/RealWaste/Food Organics/Food Organics_261.jpg,organic,1,3cac876f5bada91db47c8b634981872579265bb717a534120036e378e9e673c1,cb907e7318cea3f301bbcca5466c7c3084c0d4e931d1cadf273afb38f97c3ab2,
data/raw/realwaste-main/RealWaste/Food Organics/Food Organics_262.jpg,organic,1,dcbc21fb40479c199a1d905d84e2a26cc5a3c2992d8f266a12f6982ccbc90a96,c9f920ef2ea39f83ec95b1e41b5b315729bcc7582488d723267558781f00a2ba,
data/raw/realwaste-main/RealWaste/Food Organics/Food Organics_263.jpg,organic,1,b3643abee4d7594f9e07120a3c7aba04416ff17992d4a0840eecd4228b2f21f6,74fd7154b5111893e81d7e4f5c12c690610938f5b793fc8384a887c84a9499ef,
data/raw/realwaste-main/RealWaste/Food Organics/Food Organics_265.jpg,organic,1,d7998b321f3b18966d6c80924a762d46320c0ba3cf77e3c80fd744c708eb75c4,179f23ad7ba7184bdb46b34c9188de3c98530c75b3ad502f3b38a169a0d181a7,
data/raw/realwaste-main/RealWaste/Food Organics/Food Organics_268.jpg,organic,1,95be8ffae09eabccdcd069b13a654a96276b016f5ee2758d19f3df35b444f6fa,1fae0ce250029727a5302af60f378df1d1874105c9c9b4e68a5d4861e9fa08a0,
data/raw/realwaste-main/RealWaste/Food Organics/Food Organics_270.jpg,organic,1,1626af9f4fddf7a3c2f767339293e15b61a71b172d9570e2523d40c6ce43ae25,bcc249eb7aba696bb28ceeaebd8929d3e4ca8525140233af827fcf3ec97984c9,
data/raw/realwaste-main/RealWaste/Food Organics/Food Organics_271.jpg,organic,1,99d14f4b83326075ce2d14396113ad27e72e8fe2aefa91c40dbb645a9ed531fc,fae38cc01677d75f384b66a24edd619dcb56ff8c51efb6336b47dbc0a162fe9f,
data/raw/realwaste-main/RealWaste/Food Organics/Food Organics_272.jpg,organic,1,381a529eacb946ae6782943516bcb9a628bc0dad122d76c043a00b3831540763,26f23393fe53f64b28ff5b1196eda668612306bdfc1281f8b19959a53e5760ee,
data/raw/realwaste-main/RealWaste/Food Organics/Food Organics_273.jpg,organic,1,03ebc7cc591fe6efd304ba3307092f71379e9c5b88c3d28d71c344d43e8fa13a,86db8bbe7125060b487bce1f711577832ba490eca6e00aede45bf09e49382c1f,
data/raw/realwaste-main/RealWaste/Food Organics/Food Organics_274.jpg,organic,1,65f5ef986c3f1bb4118577f4b82e3a47492715d4eb7fba896a5ecf2487f62eb2,3eff188b122123cd364e82faa7858040b8f6f0b9dd6698c932b8cabafd927d4f,
data/raw/realwaste-main/RealWaste/Food Organics/Food Organics_279.jpg,organic,1,ef3c8673a9e0b0eefe514dca0086f8bbf80005ca3bfa92433074864b221ad5c4,85f6a283d4749428623e8df99f257efadf369119775d453008e8fc5d21322f57,
data/raw/realwaste-main/RealWaste/Food Organics/Food Organics_28.jpg,organic,1,bf3d18e8ce77103795a5aef2936e445ca9b953ee5bddd9d9a144d391799e189b,95462d03758c090833c9d04ee1b169a007f74048681835992ad8a75eb7083994,
data/raw/realwaste-main/RealWaste/Food Organics/Food Organics_280.jpg,organic,1,6b858608cfa772da6b927576052d7723937572d9c5e7f4b06d0d3f795f29a91e,b865cd27e546074d66f27ee16ae1fc13ac078127650d468ff20cc978fad27705,
data/raw/realwaste-main/RealWaste/Food Organics/Food Organics_282.jpg,organic,1,b1b9d62396f2570f7592284fa96dff5476e53a504519b94513ff4b3e27bcfe2c,328ec7a66f2683d7bf94ed8ec78023dc1fe71ff7c72e73c3055eb19aa53bf77f,
data/raw/realwaste-main/RealWaste/Food Organics/Food Organics_283.jpg,organic,1,339cf2854ea5bfbb0eeb943e1fa0cb795a5ff9dcde938eea2d03daf3f2f2d8e2,2b6bd46304aef25f3e65c5606defbf1e3c0d106e2e00a6f01c3faf7f87238385,
data/raw/realwaste-main/RealWaste/Food Organics/Food Organics_284.jpg,organic,1,5c3d05daa9997011f265fc05241e1715ad754ce07f8c78b1b8135abc5d68dc38,27ac5a750278a5dd77cfd4680e8399ba0ba0f4c7fe34c1909492ff6146cc6577,
data/raw/realwaste-main/RealWaste/Food Organics/Food Organics_285.jpg,organic,1,2e1a5811b80c12eb2da937a4eb8bddc0da57cd85a3afdf5248ab0ade32208fc2,b879599af22b7542eb4b682ec72a59c5f6ffce22e4afbe6ba7d44bb6361ee537,
data/raw/realwaste-main/RealWaste/Food Organics/Food Organics_286.jpg,organic,1,be3877db5f7471da0052ecbd1ac344d3f8954d027115a50eae8626676fff8446,6df14aa38988cb728026ad1d461fd5c09b4f044c456428ce96f0678eb15b6951,
data/raw/realwaste-main/RealWaste/Food Organics/Food Organics_287.jpg,organic,1,7abe1ca6a5f4a85abf48d6d298d5ebc611985d9e319ac5156d938e09c8c13438,537b017364f380af033a199a3193e57010d6d4f0725369f26d6653e17e421fff,
data/raw/realwaste-main/RealWaste/Food Organics/Food Organics_288.jpg,organic,1,7cada6b36934eb4d48b415873314786db9702d099c9ad2a39074536b7ac8cd41,fdd18dde25275e1ddec6a1b351df2559d0afd466513f3c0fb62ee972f3fca79c,
data/raw/realwaste-main/RealWaste/Food Organics/Food Organics_289.jpg,organic,1,1e5f3d6fde9a0091c72ccf6751e55f7167ea1bcfcb5e272ff4f8fc4a28a1924b,1b9d4db948bfed05d51da901fb1f44e3681bdfa5854a7911cad1346cf7adb928,
data/raw/realwaste-main/RealWaste/Food Organics/Food Organics_29.jpg,organic,1,4f55de42f48fa943f3bfb5e564b788b3e4d9bc5dc9a8fa70c782cab27125f765,600d1bec8d5ec3ec9c9f32b73dd1a20648ea0f1c26f29f862801d2c760cbc91c,
data/raw/realwaste-main/RealWaste/Food Organics/Food Organics_291.jpg,organic,1,de10d38200dbf31f72c50bd5b19403f02e8314481dd91ebb53801fd17568d02a,cc295c92567bd285ed9939e7e5923afbf2bfd210a2e31e0e3adef8dc112e0854,
data/raw/realwaste-main/RealWaste/Food Organics/Food Organics_292.jpg,organic,1,79adab2762fd6a9ec0302cb7eedd73b5bd65fcb30c71fb7ce6d585c976b5f274,2da6b782cfb0dd9b1c0920b7f80be8320348095a12351c77211d36d053c15256,
data/raw/realwaste-main/RealWaste/Food Organics/Food Organics_293.jpg,organic,1,18f414a5ba27c85b33d736f53c6c670c83f32ef36da4519d1b37526dde90f8a8,01026e27da083702ad94d1f6371bdb45666a39f863e1f88e0093d49bc520ce31,
data/raw/realwaste-main/RealWaste/Food Organics/Food Organics_296.jpg,organic,1,7c61ee676484da58839b92cb2eb7a3f61b16555670d44161a93f8c033bcaa1c8,a9eecc4284bfc92be7dbf485b9078457195aa40de956c67dd513a1cb7eb97eba,
data/raw/realwaste-main/RealWaste/Food Organics/Food Organics_297.jpg,organic,1,9a54bda46e8f7e69cce5edb9e3761bea3af4df7dd360ddd8a077c24dde7a08b6,667b8b420e455c3781e03315e8ef21185a9832bb0257445a0b0b294c064ed11f,
data/raw/realwaste-main/RealWaste/Food Organics/Food Organics_298.jpg,organic,1,14bd4d3b35535066ca1fd4b9e0ad0345aead41b5627d9a975dfd8aa20f078406,b6aae28752ea61510a49ae6869dfc41f359d181b534bd8512d4a7e34d2f04c35,
data/raw/realwaste-main/RealWaste/Food Organics/Food Organics_3.jpg,organic,1,472008fa42ab27ef03850e8a3d3f2d2661c64aa5027e10c5b188220fb6b628dd,094ac809b8e4fa50b363f41e265d3ddab5cd778ce6babd32a633e01efd39f3ec,
data/raw/realwaste-main/RealWaste/Food Organics/Food Organics_30.jpg,organic,1,38204aef75a94e5d3c9c5ed5e15eec55bd7a8b103480c67f11c534a90c49885a,aa6b2587524a6ad753b5a9056f0dcc84f4fd191db7bb19960d9d4404dfe9c12d,
data/raw/realwaste-main/RealWaste/Food Organics/Food Organics_300.jpg,organic,1,6686e1ea7ca11eef554ae98331258407af7803f983060b2fbdd7ac2cafba4245,4189f507a1654c625fb9b74dde022353579a70de7ed9aa4f2cfb3c69f1b9cd7b,
data/raw/realwaste-main/RealWaste/Food Organics/Food Organics_301.jpg,organic,1,193e7a469998e1ae20b9601b28cd425e9dd0a8ec61b0ac4cf2c002a4a118650d,3778514fc512510878785e5097d5f72f698fc43365a5a04db2b0eb6f9318238a,
data/raw/realwaste-main/RealWaste/Food Organics/Food Organics_303.jpg,organic,1,2889e670b774cb15745ba433eb498688f7dbff960bcfc584018cb7567b0402ac,3b55dbd8a4ec36a734f9e2801df25e62573e0ef9582955b9245374d9a86e4302,
data/raw/realwaste-main/RealWaste/Food Organics/Food Organics_304.jpg,organic,1,ead09063bf405310291fe6b217557572a7dd3fbf5467f7ae93584796968c4547,45f6ec2246c757b1a4a9444a6951e1105f2b96c3878bde38074454a6fe09e330,
data/raw/realwaste-main/RealWaste/Food Organics/Food Organics_305.jpg,organic,1,e46a3b63837a72bb1110296dad31472486ad97c4d139948188b25d1629c0c840,c1520f9ef53331d3abe1c62740ee63525ee80a81631707a27a050932aa1dc173,
data/raw/realwaste-main/RealWaste/Food Organics/Food Organics_309.jpg,organic,1,bc2a7e3e7457ff115f1b94b17938eaf7f07011aac451521398cae1686ed20db9,b882e754a59fc43acbb0fd8928cfa6e1574ef4e8ee1f73b761aff118d840968e,
data/raw/realwaste-main/RealWaste/Food Organics/Food Organics_310.jpg,organic,1,2e39d393bef0a7e20caa2e5c5292f5b94b237d379db0d94d80e642438b2268c9,44658f47d2419713afe494ce02ee5cff72c2db75f043096a86689da66a79f8ef,
data/raw/realwaste-main/RealWaste/Food Organics/Food Organics_313.jpg,organic,1,02289c55be8c49c2dbca1de934fa457d49ec7dd8c8aa4f63181b193875634a86,6632c560e193eca2dfb7418dd3bb6e7f2880f68c70c990c2ca1f18d41c654458,
data/raw/realwaste-main/RealWaste/Food Organics/Food Organics_315.jpg,organic,1,38433accd45aa3c75032600d5ee85bb89735935d6aed3b0f81e7f57f586193c7,7b6f968111d6bc623b266b59fbfa106976bbd971f42b901e653c678405d4b6c2,
data/raw/realwaste-main/RealWaste/Food Organics/Food Organics_316.jpg,organic,1,4e05b08cb50ff739231976aed167ca9ea85307e956902c05215edd383b944db8,83e0d0b2642c1161e6df58f3c8431d209304bd66e46ea2accfe6238e07acb61e,
data/raw/realwaste-main/RealWaste/Food Organics/Food Organics_317.jpg,organic,1,6d8d2d3725b64143e3fe0de1637fe567295fc16d1f5d84d4a486e2de30634155,597c2b8fc6c76cafe45f38f57be042b4ed801b8f8f67f48d9d83ab85fa6fbe9d,
data/raw/realwaste-main/RealWaste/Food Organics/Food Organics_318.jpg,organic,1,beaee0f908b1093f02b2060623a545b0f7cb6b7bd326270da8f7275378ce5a67,4845145845d7e7b9bca43068626669df658beabec47dc7e035e4f4b92bc10460,
data/raw/realwaste-main/RealWaste/Food Organics/Food Organics_319.jpg,organic,1,e14c46802c32a98670ac4f16a65ae10c06e5398ce2f8ff9a1d6f54dba2865d53,4e1b0de426d3e1100f8f1d747583d2ad7f6ef08fdcc422499db4b8ffab54bc74,
data/raw/realwaste-main/RealWaste/Food Organics/Food Organics_322.jpg,organic,1,7fc274bb2de74d69e465073cb8f19b732ee2f19a5eb9b92e3a2779f483e6e30c,3e7dc7e90ccca0a88eada56e6579ef6588dce502bbfc5aff69453a5818bf7c03,
data/raw/realwaste-main/RealWaste/Food Organics/Food Organics_324.jpg,organic,1,72943a3663db95148d11a20d1ffb1f42709646fb19b465d13927b6db0848d6ce,4ec29bf875c7ff305b0ac41962e3e1d2f572c2b4b58032f88dae8296f9599d37,
data/raw/realwaste-main/RealWaste/Food Organics/Food Organics_325.jpg,organic,1,334f3c7958dba2e23b345638e43f9cd0285b296cd73db7085508cc0641a27f59,a78ac5def683e4738ea29c9709f4278a8dbcd0c4f2cec5be28d3e2f4bff327fe,
data/raw/realwaste-main/RealWaste/Food Organics/Food Organics_326.jpg,organic,1,036b78bda197f2b9ab563ab911aa53171f984145f454f01b066d27943616f687,c3b2a50c46e569657f8167b2b4dc4928804a835284a4a02e59bff3edf1036f92,
data/raw/realwaste-main/RealWaste/Food Organics/Food Organics_327.jpg,organic,1,60feb9a195a6d09f58ddb93b30f0ad06f4b272dd5576f08458d1754bf07890c8,f13e0ed3e8fd5bd01dba2a8e527a1aea275931ae00d96cd6fa977a71f531f09e,
data/raw/realwaste-main/RealWaste/Food Organics/Food Organics_329.jpg,organic,1,0e3abf078580033fcc9f3bf56cabfa47d36dceacb55c3b5f8bfa6c01c207f821,b8ea9e9b4fbc5d94a7b212d82ae651629a352d1b598e969e5e772ebb8ceeac8d,
data/raw/realwaste-main/RealWaste/Food Organics/Food Organics_332.jpg,organic,1,a2fe0f6bea6777de0371a488a97e2dc1ac6b62292438189c7976f4c686afb704,4a812dc6cbb12acab3cf1c164a1e43e31ab090130f0d33d7264a13fa6b577265,
data/raw/realwaste-main/RealWaste/Food Organics/Food Organics_333.jpg,organic,1,d5eb9db4d3a848260506148c1f04be0b14e1afc5f6cfe006c594fa58a1e5b540,c0f562fdd532fe6de5a2420578dde7f607c5e0da3196820f023e6818554ece67,
data/raw/realwaste-main/RealWaste/Food Organics/Food Organics_334.jpg,organic,1,a470f722553d343f694d426c7024b632c1543946f9597304a341a5429cfe4e9f,7773e62b200b2f5081a60d4f2afe1eb1515319832c98e9c1fb75ff28dac1ee20,
data/raw/realwaste-main/RealWaste/Food Organics/Food Organics_335.jpg,organic,1,1b2a4155f1d3a852b46d3cd41c7b2935ea1e84585fb4aec80d636733db186eed,014577e8c444decccc1788b7f3fc2f2ddaea2abac26bfe2faa9400f9f3b081b8,
data/raw/realwaste-main/RealWaste/Food Organics/Food Organics_336.jpg,organic,1,93673f1ab4886f65ea052898388492b3c148818a0c90c9368355e7bd2c872f39,563d2b1cebcc4ad817aab5f041c37b948b4970e274f17db8aa97ce1e9fbb3b23,
data/raw/realwaste-main/RealWaste/Food Organics/Food Organics_338.jpg,organic,1,934ea3b05ab8562c2225885631eecac36a3c9df1cea73f67fe20deee35f9079f,2705e7343e67e0a8af895849f799e236750a095ad7237a73c4318caf9f1c197f,
data/raw/realwaste-main/RealWaste/Food Organics/Food Organics_339.jpg,organic,1,ce36f15ee44693763a241a6141843f046ada32a17c425567d9cfeb5292c5373b,8a7a8ba0b5b0b82d7d6b75db83479a26aeabb3e8338c2aeece92029955103750,
data/raw/realwaste-main/RealWaste/Food Organics/Food Organics_34.jpg,organic,1,4f9c683aba4d370758b1ff39647f4d23c147b41b8541f3891dc9891c05aa5c39,e93c090150fccbbb240810682e193cee44841a9bbc572ce2a5739bdac4d3186d,
data/raw/realwaste-main/RealWaste/Food Organics/Food Organics_340.jpg,organic,1,125be707820d5968e18c8b7e524d68889fcb31cbb6b53402678ed6a7060e15e9,8ac629917ea638b8895e965947694f067a0667b86de7960c79f893101fb772db,
data/raw/realwaste-main/RealWaste/Food Organics/Food Organics_341.jpg,organic,1,7d98ca829e920ca0bc8bc6fc51607491a7e28f9f32320446506e5b18aec31b4a,531874aaee408d8a4ce5ed71508422edfc9682c9d7084f9d35e62af462634284,
data/raw/realwaste-main/RealWaste/Food Organics/Food Organics_343.jpg,organic,1,96ce95762dae7b5bb92109f14702d1bdc5f029e8df11977295c34a527660c5a9,90cfd44c1c66688bac685589e9c9550afeed23df201d4f5802ac8c429e37629d,
data/raw/realwaste-main/RealWaste/Food Organics/Food Organics_345.jpg,organic,1,990685c178bfe99f6f73d69a4a366f6c80fef6a0876799dd701ffac9bc37c3aa,8b482ba15fea0b0501a4db04e622664a27a1512ad4a9c9c555dde7f5572148c9,
data/raw/realwaste-main/RealWaste/Food Organics/Food Organics_346.jpg,organic,1,b39662f3641e1aecfd5e3276e7e48e0be9fccc4124a9f5aeef49d2a4b14c006d,24b47091f1e11db41df378215b3862d18289258a13e1ff471e4065ffdde5a8ac,
data/raw/realwaste-main/RealWaste/Food Organics/Food Organics_348.jpg,organic,1,0c640fae69db2801885b936088d0422174a14e9e13f3663ee2d65f18af28ea10,207a753a796a100a00add960a73db0f0bdcf93754e520b42d4a27815975d2669,
data/raw/realwaste-main/RealWaste/Food Organics/Food Organics_350.jpg,organic,1,dfdbce2f0afa04f49dcc05a4a492a7e164c909e15234f27d4f9f047360a740f1,103aca112d18a2013c2d3969ea68d84ba3092acc9832d673329a2b059da012bb,
data/raw/realwaste-main/RealWaste/Food Organics/Food Organics_352.jpg,organic,1,c9fddba466115cdced23771622c3928ebf683069bfebd7456f9f6c163c1c7f4b,b3d3627281029aec85506010c7d93b43f6ae536d6c2da2dc2046b63e489bb0ea,
data/raw/realwaste-main/RealWaste/Food Organics/Food Organics_356.jpg,organic,1,9db6807781cb564befd576e29cbb7da81b0683b3a8231bfdb0cf1375ed0b8cc1,e737dc732ffce5358c65b9ed59828c7ae163f0d06f561f34aa9701a5de09117b,
data/raw/realwaste-main/RealWaste/Food Organics/Food Organics_358.jpg,organic,1,c4462bdb5fc19363e58eef408c38b3cdade2e48bd61ed97109a8d363952f3441,78065333e563fcfd992a203a3ca92f3d6285b81a61aba22e9eaa38094662e4ee,
data/raw/realwaste-main/RealWaste/Food Organics/Food Organics_359.jpg,organic,1,b9c49f9baf8f528bf4723a64acb95e0ec62b9f9063e2e29d7a861010637fd39b,3b5feed2b22b7664f54ee0466c039ecae5fd3588d7ff06311ff4cb0439654c96,
data/raw/realwaste-main/RealWaste/Food Organics/Food Organics_360.jpg,organic,1,5d2ccb02e0cfaad32cb6a7579323d972be15b9304a31385c5261f5623b03fe75,0ea257ab841b6f74a3311ea8ecd7825728988939e02e3838d56a9fbd48af5c68,
data/raw/realwaste-main/RealWaste/Food Organics/Food Organics_362.jpg,organic,1,887b472a0ab2da3c19a605e5167908c86d93b9633f1ee30fe4043d87df935538,f1e2693db9c8106c75f95d2ae4881c3608d31e48d15efe473c31d442cdc95310,
data/raw/realwaste-main/RealWaste/Food Organics/Food Organics_363.jpg,organic,1,581cb9a4c7d739110a7965000c3206757692811f9cd2dd42ecb74dc148b6afb8,27297c5222f01df560416b584d1f75718f49677a1043961c46f63c708a49332e,
data/raw/realwaste-main/RealWaste/Food Organics/Food Organics_364.jpg,organic,1,db748ae7ae72abaa541931ffbd763bc6cdca9f2a9fd66dff9a5735682dfa2864,abd77014b350910192b135c69130914abcb2402dfd95d68ebd84a4c3e0c2e9f2,
data/raw/realwaste-main/RealWaste/Food Organics/Food Organics_366.jpg,organic,1,37b1c38f380153f2156cebc0e0fc3d197ba03bcc1c2fe8e6891c1bde0416813b,0b5a9cd23ca1007b684dfbcc1520278a9ff339d039a5455a89fafe1678cedd0a,
data/raw/realwaste-main/RealWaste/Food Organics/Food Organics_367.jpg,organic,1,44492859b30e5f8baddeb3d11019c9d4c613c40f5f0951711210454db650e426,3fb2101776b65230908397edfd2526f52b7f8440bbecaf9a3410685b1a3acc90,
data/raw/realwaste-main/RealWaste/Food Organics/Food Organics_37.jpg,organic,1,8cd4e23b3123e489be6a7eeee82e1a4991fc4b65513423a4ecd5f2244d897ee7,a080e7cd2d86b57ffec5ef1061040c54a4c5f06c239cfe68291efb681a2b46e6,
data/raw/realwaste-main/RealWaste/Food Organics/Food Organics_371.jpg,organic,1,dfd3035b0b62dfdea1858baee81789487e0a2988d7b53855b9759489edeb10ee,a1dbd0df2b63387b7436ddf5cf0b1c3f31fad50f7b1a6594047a9a71c741a71a,
data/raw/realwaste-main/RealWaste/Food Organics/Food Organics_374.jpg,organic,1,288e1db6d670250c5a23397ddf2092e7ba27c14c36c6f05909d2e347877b8319,aefe335b7a64077435034f22a5d7547feb1ace18fee6f2ee3c1dfd65646a068a,
data/raw/realwaste-main/RealWaste/Food Organics/Food Organics_375.jpg,organic,1,78e2dd5c0d80ab26d40cfaf98c8c3ff4564880c3b2ccb6449665563ec8fa262e,08b1a31bd3ba445680acdac5608f27cd6ab43619a1fe09277b60abff1cc0e33f,
data/raw/realwaste-main/RealWaste/Food Organics/Food Organics_376.jpg,organic,1,67c53bd9b528f52bffbdfe633950e7bc4a78cdf4b23cc8d99b525bdf2446f37b,222546e221ef34722c2c900fa79f5ea2f3b6d7f38827886bd5a9d63fdefaec7e,
data/raw/realwaste-main/RealWaste/Food Organics/Food Organics_377.jpg,organic,1,1335b77403c7160a242b2ba26efb26b2903224cd420e4c7944f82d6a57053281,c7e5013cc7564721d8cc5512f3595822990d01c5c949142b6dd16b1e34d4c29f,
data/raw/realwaste-main/RealWaste/Food Organics/Food Organics_379.jpg,organic,1,264b919c1b85b3f6c5c0b6136d994a8929cc9bf127f2895e6247743fe6507952,4f35e064aff202fc64a7422982e3e824ee54402bd3b3aed7a87a84db3dd102ec,
data/raw/realwaste-main/RealWaste/Food Organics/Food Organics_383.jpg,organic,1,538488118770920fad80f4db7b96d6ff0045eb633c192d7149ea2fcd9c150dcb,6b660ad22b38a36d91021065aa67ee5070000881d383962e984d8a8ec43d6b48,
data/raw/realwaste-main/RealWaste/Food Organics/Food Organics_384.jpg,organic,1,326e3320f2b586b746a0050b17cef6cca6c8fe12a6fca6e7939d0ae9db1f9a1e,321a9bb068a69b6b562a92c269bf16ab816b65f342909e364624a78456fa6528,
data/raw/realwaste-main/RealWaste/Food Organics/Food Organics_385.jpg,organic,1,2b9edff47bd7302a13607499b5aa18e5a0d64f1212ab47bc4873bea118085adc,5281ba66c1d10dd8f83773d1aa9b5fafaf527f4bc7b348e056301cdefc7edf1c,
data/raw/realwaste-main/RealWaste/Food Organics/Food Organics_386.jpg,organic,1,c98c4489946aab26d225d85dd45aac6d2dd7cd46c8f5988244daaec749ac03a0,0802850672fb195467a425bfdb2407ac7fac507f54278b98f8e792a99bf09827,
data/raw/realwaste-main/RealWaste/Food Organics/Food Organics_387.jpg,organic,1,a1f7100a67cb61d08904cccb0dec1b45e9b6eef8ae0cd3e0b594ea80e3dc64fe,bdd2635021226fa972b6318956a11bea86bdc4c8cdb1927806debd8ae1bea236,
data/raw/realwaste-main/RealWaste/Food Organics/Food Organics_388.jpg,organic,1,b06b2e6fe5d8970d0f5beb05b28045ebccaaa3d2baee19806a96a5fa43e74b21,adcc81b2e6548d300372b8f87f31d801774fb09a60e9aba504c46d8516871280,
data/raw/realwaste-main/RealWaste/Food Organics/Food Organics_389.jpg,organic,1,c0fdcd323a7e47b1d7d67729979167f60c44a0bb4ff9b895e3ade4b4223e0c74,69c6d7516fc3dbf64702c5ee42f6a46db40018ed0285e86627bef3c8cda1cbf5,
data/raw/realwaste-main/RealWaste/Food Organics/Food Organics_391.jpg,organic,1,450d39ad7ee40b1dbefc2811002a0237e345ef7bf1c4c4462b0eb047aba59461,0fb06959e1e8fcacd79100615fb8f3c184703d71bbd3977517ce20cfe3d3b58c,
data/raw/realwaste-main/RealWaste/Food Organics/Food Organics_392.jpg,organic,1,5b03618b4de1d780a6cc3401fb4aa40ddd8ac75b0b11526415c5bbef1b6b681d,1687a065829755a47cc6f286e31a92015ea835ed6840745831ffb7206500d2e1,
data/raw/realwaste-main/RealWaste/Food Organics/Food Organics_393.jpg,organic,1,15049f875110a85ffd1a50f5df4e86c768f470da45940bb17a9a77f16c9d499f,5ac11286aae3a283946964d6c8bde6dc482cd5e0a915385bb7cdc72126806200,
data/raw/realwaste-main/RealWaste/Food Organics/Food Organics_394.jpg,organic,1,423f910e61b4918e816b442353058887e215d00acd91aa6a374dc52e668c63c9,68c34fd106c2c45cc613798eb097cf21ef731137bdb9e55a5fc359c341e6f187,
data/raw/realwaste-main/RealWaste/Food Organics/Food Organics_396.jpg,organic,1,9e7d68dfca3180fc64ce3f4c393c979136e39f4a54ac32b17fe9bf3c95bd028d,560f093ccacf2252b4c7c8e05d1383b63b7e782d453e7ce0651f561e86e77e98,
data/raw/realwaste-main/RealWaste/Food Organics/Food Organics_4.jpg,organic,1,c668e45515d554a11a140e7e4725f2945520731d1bf0c1638d0f53208cecead7,2690a4585baae1732e8ed301359f6d9e1c6acc584f2dc716caa914a7d8443e05,
data/raw/realwaste-main/RealWaste/Food Organics/Food Organics_40.jpg,organic,1,1c9259d20c84abc2e592f3f47d3ca8574e3ec643585274861d002a1c7d7e7eb0,d3850c077a71fe6e58cfcc2398dd282198001c22210516b14bbce8daabe25cfd,
data/raw/realwaste-main/RealWaste/Food Organics/Food Organics_400.jpg,organic,1,0fdb4ca900827f092c41370f13b2ec47c41b9622adfac3a468ca1ae87ddb4f39,a44576839fa69359904905d00f35a9ca1946a0c32ccba1c7c822c608d9464a5e,
data/raw/realwaste-main/RealWaste/Food Organics/Food Organics_401.jpg,organic,1,c1e4da69fdc832aa8f409cf69d8770df4cc47f382783d20801489c748fde414c,6c4f523172d1589d3541165cf8b22466c674080cb17a0613b2f2e24f27f71889,
data/raw/realwaste-main/RealWaste/Food Organics/Food Organics_404.jpg,organic,1,a37f1a58c0649242d207467839b9f764121cd02274a7e09b11fc51f7f35f7ec3,6355320a0774d0cbde5e4d98ebc05fa5a9271ee737661b656e10bc2154e00e8f,
data/raw/realwaste-main/RealWaste/Food Organics/Food Organics_405.jpg,organic,1,b1cdbda11f3e0a9150c7200bec297abdf200a0f437bf51528401aa0f24b476eb,8b0987bfe6a9890412eb042999486535c16d1b79995b3d56ea632b84b24b3675,
data/raw/realwaste-main/RealWaste/Food Organics/Food Organics_407.jpg,organic,1,602ec8db209ef0da5085ff8701389c9089167fc8c03f943cf91fc1558eb47ddb,b208e6e766659ee217fab1bb5e0cf19af7cbd32cb901c025f54ef1cc0d3c8d34,
data/raw/realwaste-main/RealWaste/Food Organics/Food Organics_408.jpg,organic,1,e6dc7afa50b5d529ee94ac3b859ba4290512bd5875616331656f6e0e148701e5,3393923e40cc63422f7d4b50a3347379d354ea010df3aab9e39b094c9a37ad88,
data/raw/realwaste-main/RealWaste/Food Organics/Food Organics_41.jpg,organic,1,9efe195af9471f79a0bedbf02f6fa601516f0854d4ef2b026c373ca7e127b1df,07819c3e55a3618096cdc0de4bf68e1bcd8bbf2e88a93398175c44f05f8ca366,
data/raw/realwaste-main/RealWaste/Food Organics/Food Organics_410.jpg,organic,1,d621a8f5ec080ad93dc7bb38b671eacb08433646d27971af15ef5b9a45909ef0,b630b74a0ae2dcd32c0f060cea1f7eb32c527c5fc0603cea9694c55c090533d1,
data/raw/realwaste-main/RealWaste/Food Organics/Food Organics_411.jpg,organic,1,aea51572e9ce25da2b73cec1d8d8d34b06819f6001d4fdb98b2d0610131602f6,b6375ceb101ba8943476585bc4e9ad78d4f71da4401155f96c88dd93ea4e8cb4,
data/raw/realwaste-main/RealWaste/Food Organics/Food Organics_43.jpg,organic,1,7d37fd6b262f14b08504056c12bff28fddff1eb8852180345cc85921d0328a00,679a64c9e5bdf01c2b45f3825ccc810a7d0ae98960b4859576b85a956eedb175,
data/raw/realwaste-main/RealWaste/Food Organics/Food Organics_44.jpg,organic,1,7c3ea96cb91bb3fa5d7ab60bdfb0a4b3d5ad4a3a430f43c4426e4b5594b2b379,4af938aeb052ae2ef63f699d5eef1662c64aa51f35c78b203f86e49600d83eee,
data/raw/realwaste-main/RealWaste/Food Organics/Food Organics_45.jpg,organic,1,c00d71f68d8e3a577c5fe25e1d7110f83272c396babc82bf139538e462c9661e,0cb2f3ec4245e3c0eb250aa3d32d10c3732dbdeffbb0f53a9050da991a7960aa,
data/raw/realwaste-main/RealWaste/Food Organics/Food Organics_47.jpg,organic,1,a5dd0c40874263ee0a29e8a1eaafb0b69d4448baf83c808c2155160a3f24ea95,a4f1dd15e148aaf625c175afccfbe478b901b39f187c680c236811fbd8b3c7d0,
data/raw/realwaste-main/RealWaste/Food Organics/Food Organics_48.jpg,organic,1,994505e288f81c8ba30f92bca3f852ed6734984805e0bb385534daf21836da80,55401461686aee53da18167f3d359aae091c961e9797533d23bd360ce57a3300,
data/raw/realwaste-main/RealWaste/Food Organics/Food Organics_49.jpg,organic,1,08b72f52ca8c24c55be9c7c2c9ee9d1d75c33b31bc7f175597cd2212f4046c51,618b8f18d580c84a07d396f03c2f0a9b9ef6263cd1dc9560a7581797a02bcb45,
data/raw/realwaste-main/RealWaste/Food Organics/Food Organics_50.jpg,organic,1,f3dc1df58f4f3f13cefd998f5f766e252c8612d7f07e688decc5480bfc8debbe,f36d2b64c4ee4e6c02296ecfbe1f5f05684bacb9f17973abcd26b729db228527,
data/raw/realwaste-main/RealWaste/Food Organics/Food Organics_51.jpg,organic,1,9113dbe8b097de2c955e801b66a54e316a14526bf10ed86576644e32b3df19cb,3a599d9189753802af2d6952f49eb05dbd4b47d0fd1f2ab36ef758b566331fcb,
data/raw/realwaste-main/RealWaste/Food Organics/Food Organics_52.jpg,organic,1,67245db300f7d66a20af77520db9c3b5ae94a415228fb88d1fad8ae20b937ef7,733bb721e238d0e8c8fdde95d9ccfd77f2ce6610792d0dae9c0f98780aa4f228,
data/raw/realwaste-main/RealWaste/Food Organics/Food Organics_54.jpg,organic,1,d12bd82f47d2029121ba21a86f0269b69210401894fba3f03549eced39927e04,bda10809b06393197ffaa7b9c062482d4e370bcf23982c667daece88f9380b63,
data/raw/realwaste-main/RealWaste/Food Organics/Food Organics_55.jpg,organic,1,ab81cee159a9deb0fe31a38fa3752c18e1be0f471c1d0f2049ecf15b3f6b59ed,34f0a9a22ae75ae1caf358b68ff375479a87344d4ad31c2723cb54f0ff8e0ac9,
data/raw/realwaste-main/RealWaste/Food Organics/Food Organics_57.jpg,organic,1,b3af18f326043636e44cbe43eafb80f87e1e5b89b80fe5c2fda90644712bebdf,ab462b38b5f8cda0f59c87051d0a78a7c42ea79c2a2e3c96b4378d92911c13bf,
data/raw/realwaste-main/RealWaste/Food Organics/Food Organics_58.jpg,organic,1,7aecbd965acc3a3d579308db2b8158b04461795eaa293405e7188cfc27bb1f12,45a80493697a9f69c73fe319649cf9d4c7e364c221133dead6c81537b7e75951,
data/raw/realwaste-main/RealWaste/Food Organics/Food Organics_59.jpg,organic,1,99c48a99bf126ca9f5d26933b21c9f483cb559f68717c069835df58e60582f88,48a9ff11a600dccec58ff7d9af1a8fb98a54e3ca16df37d861ab0d8e43f76640,
data/raw/realwaste-main/RealWaste/Food Organics/Food Organics_6.jpg,organic,1,0230027f2432107121b38a4d9d60edf1f31b15fcf1f525450f7e747d117a1faa,4e5e19bccc712cbcd7610a651c652490aa5f50edaa96f53e3c20f38373bbe844,
data/raw/realwaste-main/RealWaste/Food Organics/Food Organics_60.jpg,organic,1,012a64326ea86beb64e863f6682da4fd8f7105573ca002ae87141709b01f1616,b93ea51b933c9bd4da6ea4cf18a223c5a2dd9d1b6fe9cc9269b6c94486adc169,
data/raw/realwaste-main/RealWaste/Food Organics/Food Organics_62.jpg,organic,1,2d5106f76ca63f93f0d8d93eae5b1473ac0d2d7cda9298588f6c57b23d4221ae,c6e85a17956174b79cbaad2bf75c32eab5026dc74801e2f60e621f6cc92eac23,
data/raw/realwaste-main/RealWaste/Food Organics/Food Organics_63.jpg,organic,1,00aff6baea95598fb1b55548742790b95fcd6e1529d8e733ffa4a92c45e7fe82,038320b4cf7df6bb407ec3529fdc8db4c626823b6f4cd3238ded6513d84df354,
data/raw/realwaste-main/RealWaste/Food Organics/Food Organics_64.jpg,organic,1,c035480a5ff76b32e2bbcef8cfcbf9342dbdac6a3169e3458cf8a4305b6de5ba,8a7961d7979777d6a39a01df9659d632dbe9db4b7295799a52206d9368553e20,
data/raw/realwaste-main/RealWaste/Food Organics/Food Organics_65.jpg,organic,1,9bcf7eed6e73b6e033e756bd01f08662dfa54ab2345150c4fed15cdfbeba6d76,b638c1298cb3189c39130e181784334a49e16c86de6e87c49cd9906482cbafa4,
data/raw/realwaste-main/RealWaste/Food Organics/Food Organics_66.jpg,organic,1,e2ee64d957d9226136e21b68c869d4052eb198bdb967ff3e171bf1658ec8433b,4249e5436cbb1a658cef3a0f0d2e27345819891044cd05d1048004fe65e92e4e,
data/raw/realwaste-main/RealWaste/Food Organics/Food Organics_67.jpg,organic,1,95449f666d84389ef95d1208e3323f6a5ffea3e7abbdcc9c3a9b2138a19853d0,33615abfa1fb1a91450ad04c4e813b9c42c3c3f438f100b4a316c5b41a250fa1,
data/raw/realwaste-main/RealWaste/Food Organics/Food Organics_68.jpg,organic,1,e4c1e5daf6ec4c1af439f410e36029eefd34777cd7c3ba8e7a0d7bb89948d07a,e673481f0d75c742befd33568ae5fcac766bf82ce40503ae4c9dbaaf9678ace3,
data/raw/realwaste-main/RealWaste/Food Organics/Food Organics_7.jpg,organic,1,d641097f2144879eb267a14bdd4d767550b948091a8c5018b02ac0c453d78bf2,5535f536aad23aba49e22f8a682fdef752c5690731635ff5b578021a80e6781b,
data/raw/realwaste-main/RealWaste/Food Organics/Food Organics_70.jpg,organic,1,d37aca8afb4de8556e0c30c6f1fa0e4a826437c0972d836fa043fecedcedd485,644d9dfd5cc72687bac340dafd8d2d3502e246f509a17f33abf339375c206e63,
data/raw/realwaste-main/RealWaste/Food Organics/Food Organics_71.jpg,organic,1,9c2332463ad178c586c3eaac9886ff392cab8dca7ed28346c66f867f31b27b81,bde66de8d203be946ed118f622cbcd233d691f39748e46cd09006e2985d51fc1,
data/raw/realwaste-main/RealWaste/Food Organics/Food Organics_72.jpg,organic,1,1c8d0a6dae8102aecc4e6fb700519914117aafbdf7e9808fd96d5a3bf40a993f,903a91d2aa8c2aad232164b67e2b4baee7ec472e02d87258cd94093a13186de0,
data/raw/realwaste-main/RealWaste/Food Organics/Food Organics_73.jpg,organic,1,04a0a19f065798074384c5fca744ca37749150fd8c24f880b72096869a9bffdf,6f8e8241c01914b697e01ca1c5fc06da90646de5f177a3f3f5579311dac7f2e3,
data/raw/realwaste-main/RealWaste/Food Organics/Food Organics_74.jpg,organic,1,036b5fcb5e2eec2e99e5100b7c2e2932083cea3959c775aa82b179f3000482cf,a517106c584f626fd8e926a124650dc96aa6cca3dc98a4c9c924bd91ecf2f388,
data/raw/realwaste-main/RealWaste/Food Organics/Food Organics_75.jpg,organic,1,ecfcbba04f8240ce02e8c2a776b82cd7bc0ccc51ed603ad47a6a5c6067ee5f7f,0c16898adcb537d36b8cf2180e481efcdd367123a43a8eceb73a06bae47fb47d,
data/raw/realwaste-main/RealWaste/Food Organics/Food Organics_76.jpg,organic,1,b194f5eb2a56a6c849a9015a165b392a61cfd28632febb0f280c5fd99702fd5f,d4c3ca67a8f3d6acefdc8243fe2e330d69e5dd70d3897ae8f954618501f72835,
data/raw/realwaste-main/RealWaste/Food Organics/Food Organics_77.jpg,organic,1,3e5442ec49200aea35a8889e15a0fc85006f3841b0323771f1125dc0609c1d6c,7af4ce4b028ba97d8974a71476d5237f27d42b43046844fe676c3da6fba5b980,
data/raw/realwaste-main/RealWaste/Food Organics/Food Organics_78.jpg,organic,1,3e1ba356e4e46e30b0619aae84862ea2a160cb7f3a48a188d7b09ccc017f0ace,535b8b76e91de78988cb6aa0bafc5c85b9c147ba1340be0ddf6d2a1b2094a9bb,
data/raw/realwaste-main/RealWaste/Food Organics/Food Organics_80.jpg,organic,1,5fa32b06f37d726edf54ed665ad085dff50990bb6ab021c4e4dc4b21e8069c96,833750b64d2193f7e7a91557097d882cf8361b9a91ec2285a3f28ad4ae38b931,
data/raw/realwaste-main/RealWaste/Food Organics/Food Organics_81.jpg,organic,1,74ad09a22eed0f60b596b798e5e3e446a70c0fd868e1282f09ace7bec26d8ec7,56cc1fc05a488cef4f369553cb4942e689eef15a1eceaebb9b29c854616e44e0,
data/raw/realwaste-main/RealWaste/Food Organics/Food Organics_82.jpg,organic,1,409cb9f50aecbccc8f25b8fa64d93a6c72fa2c579231e8c02db866cfcf816780,6df74460566f9d4ac51ea0182bcb18e5e618353aa537cd5a846b8ac384700a1f,
data/raw/realwaste-main/RealWaste/Food Organics/Food Organics_83.jpg,organic,1,c552be3262635f3e5f47c2629b1b74fe19a38290fdbc0da36384e8c5ffd6faed,cc7e17a831e54efd71ac4ce0e7271cbfa6f742a371023c768d9f7cb4acc7d3ac,
data/raw/realwaste-main/RealWaste/Food Organics/Food Organics_84.jpg,organic,1,21ee7e731df95cfd4c65fa43a12b110639f225b1d1d5cae4e27af3adc752dc32,535c63d1ed4d95af9256dd561e3b79b4e89fd741a977a8d6813b0bfbaffb22cd,
data/raw/realwaste-main/RealWaste/Food Organics/Food Organics_85.jpg,organic,1,bcd1ee4f69467864edd38dd723be60901f5ec9f5058723202196dd4e5587dcb4,21a403164f41fd1052a861bc11254e4d3885db0f43309c9c3ae70ca796f38eb3,
data/raw/realwaste-main/RealWaste/Food Organics/Food Organics_86.jpg,organic,1,cb02aed74f8352bbc1b694a7869bbca9a8a31750e1e2e47e5e2824c701fb5643,46957155c7e3a494fc7baf5bd9c8b97b9e51c5809a6c43d333d4dd6e11e3092f,
data/raw/realwaste-main/RealWaste/Food Organics/Food Organics_87.jpg,organic,1,11fb53d6c7cfc04bf49a5e8ff7355dad2165c75323efe15e8c4e70713e73c2ba,3fd9dd40ec1674cdc2ce25c0cf73b0857b29cb2f98ecc364cb8fedb4684893e4,
data/raw/realwaste-main/RealWaste/Food Organics/Food Organics_88.jpg,organic,1,661d1715058e26769a715205241a8da6fb4b197a914d4c4e6d3ae15ada6d48d6,aa2a4bd20e6273926062d078a421bc796f257b1c6c32b9412eb4855e95b54fb7,
data/raw/realwaste-main/RealWaste/Food Organics/Food Organics_89.jpg,organic,1,271776354587450caeeb167a5e253bd9a1d76faf50ad6e7f00f4ae2bf7ecbb43,e1cd9e32196d39ee156ed9effbbc747e9f2d5f95d7619f18be28452e8efec45d,
data/raw/realwaste-main/RealWaste/Food Organics/Food Organics_9.jpg,organic,1,040c543a6a1f38f8286d4ef856356a919d2f045b54af9de6044b1733b2965a84,30c97730c8cd96722051bc5936aa5278279930706f2d215fea1a588ee547db30,
data/raw/realwaste-main/RealWaste/Food Organics/Food Organics_90.jpg,organic,1,34801117e38f9c5f1cb6f97ae49be8ff0402291e0ab52330f93e8da3c4d9619e,1f05e6d28458fb35d0acf1800fa5c31f0b2da331bca94e4e00c490a76e949153,
data/raw/realwaste-main/RealWaste/Food Organics/Food Organics_91.jpg,organic,1,a024e3025314d3f70c9c02453f6df025eb246794a17bdb62c4b3019441eaf77e,97310a44848ac9cca947f3e52e1237e2ad342bbad3f8b50818335071b193d5b3,
data/raw/realwaste-main/RealWaste/Food Organics/Food Organics_92.jpg,organic,1,a3f03cded04485a119b23f77adb08527574cea4a91852ab81e4bc1247b35942b,5e284f33f7d80f0b1dac3426d56ca30b4f2029bd20b869fe571cd91dacd5851f,
data/raw/realwaste-main/RealWaste/Food Organics/Food Organics_93.jpg,organic,1,39795aa7a63638e823e96cac31eaee95b1d4955aa1ad879e5732d88f79d9a5cd,60f2ed725eb7bec785e2a19dba65147871e859c76b34649a7e7dc450659a3c16,
data/raw/realwaste-main/RealWaste/Food Organics/Food Organics_94.jpg,organic,1,d7e1d4c24dcc362510453e7e2a2edcb26e074dc2b8f14c42251fdc1ab592617a,0329615d0f065f2ba97781b6cbfbac3b135cb512b0fe1c4932682216452c8b2c,
data/raw/realwaste-main/RealWaste/Food Organics/Food Organics_95.jpg,organic,1,e99fe6b1813e1e4f65f22edb3ed8a6568e14501ff20e7e00ead910f0c64a733f,33f2b5f7b2e3c44ebbcc809b4e82a3388026e790a89142077f2c571d08cd8399,
data/raw/realwaste-main/RealWaste/Food Organics/Food Organics_96.jpg,organic,1,913cf2f7eadf3c81df09edfa7a1f1d7dafc2c85f637ca92b658ee7a0f24f1b75,9a37939968012090b69e9773719474796f07298747e8809b1c4149f807b6de11,
data/raw/realwaste-main/RealWaste/Food Organics/Food Organics_97.jpg,organic,1,7230620d14565f7ba9158ccd0b4b99ad82b16fdd7f8d0a6e1f37aa818e539e6c,0f935d69d67f7c45647fff97b33716f8ec4378bc544b195ea172611feabaa4b1,
data/raw/realwaste-main/RealWaste/Food Organics/Food Organics_98.jpg,organic,1,a86056b3cd5d3e6b92d8832f381f956544c8239e819a43b707c05bcaf1770fdb,3850edfeb575ef06b42434d841e3f7b2a3d9f0a80c667719e6b85b1c0421d6a4,
data/raw/realwaste-main/RealWaste/Metal/Metal_10.jpg,metal,0,653da343056095c73260fa51138a853cf751d821dfa631230d5daaf13b248dab,0b4f650156cde0f5ac26c442f8c9164a99f3f7f29e96559359ae42877c57558a,
data/raw/realwaste-main/RealWaste/Metal/Metal_100.jpg,metal,0,2b90177683ee93551b998e58f02c09ef9e50d391ade0b301ee594a20f12389c0,2605bd190de22963f5648cd6599d08b7bfcaff9a9cb2940dfba111a552851d60,
data/raw/realwaste-main/RealWaste/Metal/Metal_102.jpg,metal,0,8d9d8f713a2f75823b561960e3e1c6360a10e41dcf59eb07c61b2cfab3810382,0f7e89f3b26a84ced1ce3e4d3173a80306a8a4032c66f7a34cc164046e750e25,
data/raw/realwaste-main/RealWaste/Metal/Metal_103.jpg,metal,0,caa68a5b8aff718b8260ed561af314f4c013fb8db9d95423508a363b331f254d,c2d439f64cb0fe9908357090f9783ba3afa2c1be13cef9245250b7f1a3e12a37,
data/raw/realwaste-main/RealWaste/Metal/Metal_106.jpg,metal,0,f19ee311f65b2bbc564dd0084ac8ce7f41e3c6f796b47dc3e43b81ff4d686ac1,65d6ed8c4f232675931b0711cd53aa6d1d856c288e0ee178b2cb523575467f51,
data/raw/realwaste-main/RealWaste/Metal/Metal_107.jpg,metal,0,4e22e085ee0e37633eb59f55e6da8845d2eb4d32a565a8ec9ad89cd67b6574dd,585f1023ecaa9a8641f2997a85fb7bc3c056473e56e230e1575363ae699ae7ce,
data/raw/realwaste-main/RealWaste/Metal/Metal_108.jpg,metal,0,a5582276d317f3a17106d318ddaa1e91d6dd336411b2df87b6b5b0e7759f8af9,b2c8b3683d1cf52b49912f9df5213feaef003c44d9c96b85000d9c9b2b592b96,
data/raw/realwaste-main/RealWaste/Metal/Metal_11.jpg,metal,0,5450c866b0d39bf9f4ad23475c1025a0a049744a97aef859d0f031280d452d75,97ec43174a6cf3161b6b84407a6af2100d11706f46c1afadcfc40ebdeb848a57,
data/raw/realwaste-main/RealWaste/Metal/Metal_110.jpg,metal,0,118c05023ae5c33463a193439870d36439dcacc2873cc6e93ac76a4d577fa569,70762c9720c15aeb015b755662498319f03ef0cca7dd101de5dcbb0969713578,
data/raw/realwaste-main/RealWaste/Metal/Metal_111.jpg,metal,0,ad839ac903cf4795e9f0f194025acca283ef19c9ae608b6ce0bf118a335dfeb4,08344ef517103cb2c12056fa9a94e7765cf1ed2502390d720886a94322ba3af0,
data/raw/realwaste-main/RealWaste/Metal/Metal_112.jpg,metal,0,8426e0b27c4e06301a3de72d853dd4ed3cc729437b2a0dd5adcfb3d8e8d49835,c5f7c3215b4b0973b25a1127b2caddf315a71f296a46586a272763e3e82bc7c5,
data/raw/realwaste-main/RealWaste/Metal/Metal_113.jpg,metal,0,4aa3e8700c264989afe86606365b5ab0688f097e243472e478f63d61e5e08328,a5ad80d4536d9b6b40d7fca0ac08bfcfa8affa802aae8e2d7815becdbcf9b7f2,
data/raw/realwaste-main/RealWaste/Metal/Metal_114.jpg,metal,0,8454a2dbbae82fedb42c7786c5b62ddf655471404a87017efa8b5aca05a43520,43c612249186395b1182c4777766f32480547b8fec7c748d296d933846717dcf,
data/raw/realwaste-main/RealWaste/Metal/Metal_115.jpg,metal,0,04c1ba3d61b6b9fa78a52928c9ce4763ec97ede9129412529b81e31500fbc963,47f3a9eddd1071926d38487c193f4229ab355750c8dd642bb540f2eebdbae7d9,
data/raw/realwaste-main/RealWaste/Metal/Metal_117.jpg,metal,0,a5bb5ba698276fa2ac5ec12d714b1573eb856f30b6806c1683dd98950086f1d3,e1870ebe5c6a91ad52a71c32d18780e1448e70d3a4e6833fdf9244b6091f9d1f,
data/raw/realwaste-main/RealWaste/Metal/Metal_119.jpg,metal,0,78c69b99f794e34ed3a5f0dbc26206039dcc9624c3b04ff7ca4ac9966e50e27a,1fd6244ae21fbf69898b5372afe22146cc7b83b48d4ffd57c12de6547c7bba23,
data/raw/realwaste-main/RealWaste/Metal/Metal_12.jpg,metal,0,af322927fb2f0bc7e2b9b38f4ef8062e12c7750a09c4768b329d1f5648b940f0,fc3a87897b901ecd8c6766cd5966b06ec547885f4fc1fe650f4826e95dae209d,
data/raw/realwaste-main/RealWaste/Metal/Metal_120.jpg,metal,0,78e2e0c98006dadecca287857a054291e58b1cd0b64e28998d3f481700b55bba,8ca76d3d79558ed9f88d3d3d3a511a1a02d149bdc30a4d22592b1ba126c5de4e,
data/raw/realwaste-main/RealWaste/Metal/Metal_122.jpg,metal,0,c20bcc770459f9ac2c62dca83528e657ec55048aa388e5658d63e5d83adfbe14,9c0ff995b7c66bffb94771b9fe104da0a2bdb1cd347ed3744ed11fc655fd7c9b,
data/raw/realwaste-main/RealWaste/Metal/Metal_124.jpg,metal,0,66bc1e7bdb709172c91c2cd37622648e76a8640234904bdb044ea5587f793f18,e18dcc9f551846af76ae392bf0b9f40182e72381c55df1407eddce65af08d6bb,
data/raw/realwaste-main/RealWaste/Metal/Metal_125.jpg,metal,0,7f59751d95704f5acb70327f43d071048ed7e9257c995a42d7290b6a66470193,7e6c68976688e8e054fe699c34c12fe16407389712c42556014fc4a929d4290c,
data/raw/realwaste-main/RealWaste/Metal/Metal_127.jpg,metal,0,843dbf09a587ead29e40cd8608350c6a16e6f26545e0a8b2f926b27195358300,e04ff2df7ed5d3e4ea5bc19a3130f9cc9345ca79e993fd8afaeb6703570ea8ef,
data/raw/realwaste-main/RealWaste/Metal/Metal_129.jpg,metal,0,c6056a3be4e255abbc14dde4b42fef70aef2db64d996da6238ad4f3c5e116ab2,0cce4c5941b83f586c8ec16883f96aaf086e87539660a9ec39f26fe5dfd9d330,
data/raw/realwaste-main/RealWaste/Metal/Metal_13.jpg,metal,0,a1dec9c9b1b90809da34328b426c546d801766d15c7906ba95569bcb75f14e9d,f24cb6779609a20b8ddffc773bec5610f57a9325c03e0d55517fee95a2e2d25b,
data/raw/realwaste-main/RealWaste/Metal/Metal_130.jpg,metal,0,2e4d166f2cdee35416c45675a9a8105af7b42190ae41dbcaffa010ef4b266c22,0b4b5f8facaf7de5b2fe27643d66972476bff09cdee06ff47010ab0c6e419edf,
data/raw/realwaste-main/RealWaste/Metal/Metal_131.jpg,metal,0,fc967af8c47e89b2a08d08b2cf517aa2ae8671a9144bc3df997f67dfdcb82dd8,b1a789db3d84b574549cb29ba38eb4c1920b16ad4ada9c58fd7c00c3611bbb65,
data/raw/realwaste-main/RealWaste/Metal/Metal_132.jpg,metal,0,bcb19709f0619ee0d38d790e0d94e72c8005049e8d485a9e78ed64d8a26da87e,4dfdb5bdb224fb9d3e5ca8b5d90bc13dd9411da5a1dac61d7b5917f2c18f3570,
data/raw/realwaste-main/RealWaste/Metal/Metal_133.jpg,metal,0,496042b7b5458bda91b3fe211106c4e3c4f5bd87fc8494254b06655d856f513f,b74effbb59bb85f00b2397814ccb37f15429abfa67980aeffcf019f461d104c5,
data/raw/realwaste-main/RealWaste/Metal/Metal_134.jpg,metal,0,5aec29ca4c59777910c1d2ef18231c7de56394ab1870bd38f3c389cfd878e40e,c8388e04771fc626a859ecd4fb95ef6aa36c05c64211bc787f867a5a9a18a87e,
data/raw/realwaste-main/RealWaste/Metal/Metal_135.jpg,metal,0,d1b4d93643befb39a8686b0ba1223af8f679ca037d95843b8cbcb1529f2cb012,33f96cb5f138a71d3b168109303555a6a170a46069eb84e94461dee1da23b0ce,
data/raw/realwaste-main/RealWaste/Metal/Metal_136.jpg,metal,0,ee7d8172953dc7539c63f0bc64966b5e6c17dc1ffe3aac85a39cc5c8d99687a9,42d1a6a1ef80e194dd34db6c98f1b039ba9e6ec642c50e88c8abf4eb086cbd25,
data/raw/realwaste-main/RealWaste/Metal/Metal_137.jpg,metal,0,eafd2dd2841e1d74866a439dfeb14f43e9d971724ff509c6907c97e5cb7fec42,f3c7e32f5da3f12baf7f334441d892d8a821aa7b671fdef71255fe8998baa114,
data/raw/realwaste-main/RealWaste/Metal/Metal_138.jpg,metal,0,dea07264af9dace96400a17b1587b2182a4803aacc0c679e30274cf94493735a,2c5a1b81d112a29b0a6caaa8512b766b16aecb0322942114c85c032fe4d22f19,
data/raw/realwaste-main/RealWaste/Metal/Metal_14.jpg,metal,0,2f21c188ff520afb448c72288303c5ea1d18e0dc9a7facc6791870c95c896730,28ae5b292c08257795cf0f8f50d681c92878b5bd52fa785741b1d4820bbdd910,
data/raw/realwaste-main/RealWaste/Metal/Metal_141.jpg,metal,0,a65d0969863071e8556766668338cd0cb282b3fccc2116adaeb23a61b7a39b69,d5398530022c4e4e17bfbcb00cfa6796303714d6bf64a4148a7d6fe687c6730f,
data/raw/realwaste-main/RealWaste/Metal/Metal_143.jpg,metal,0,4b41561623bb45a6864300cabf10744c0b5df31820032522d190a38aa9220fa4,759ee0c6db54114428f9459ae6cb9aa08f05200d2a0db6180a99339d441a8514,
data/raw/realwaste-main/RealWaste/Metal/Metal_144.jpg,metal,0,fc003d87c022f6e0a386525c7e6804771b5937f22691953e5f88298bd149c80b,11f44c10a55ac04ce78c0c149d0ae81623d902cf94305f67dfe57061e5ab6585,
data/raw/realwaste-main/RealWaste/Metal/Metal_145.jpg,metal,0,fa4fa273c4ee555c7fad3426ec7429d729bfbb954f3773336b299761b203aeeb,0114957dcc899426b0284321cfbc6621305801638a5f27784a8b6e141da80840,
data/raw/realwaste-main/RealWaste/Metal/Metal_146.jpg,metal,0,e470b5a03e5758b57a62e3f1b4f9d53c2580f586539d97e4bdaea063ab5ca8f9,b0a9f732ab9837840d7f2a7e1827e27be2c5d5ec08ff898f525dc398095bb2fa,
data/raw/realwaste-main/RealWaste/Metal/Metal_147.jpg,metal,0,c3e64081336b89e1a9f2eb42ed1b727d366d175558161e806010928c774627e2,43aa1c8b256c1351f785d796cb4b8083b64584009df50ef4d12ccca50226983c,
data/raw/realwaste-main/RealWaste/Metal/Metal_148.jpg,metal,0,ac0bd850a0a93f3fcd26bb6981f0819757855f220c02ff1277e95b469b5627c4,17e7309c029760cd019c7eeb3e26f615f51d2eb2d7d8ad9b22030fa60b7d522b,
data/raw/realwaste-main/RealWaste/Metal/Metal_149.jpg,metal,0,32b7b10f3b518db28bb118d5193ab9fe51dce6524bacd0cd4100137ee2a9c765,568eeb3ee6dc39c5f910f7ea46f8b9c48f002538594cd910b7c5d2aded59ccf2,
data/raw/realwaste-main/RealWaste/Metal/Metal_15.jpg,metal,0,85d0784957c35e339a50481330a1b8c49adc7a66cc425a6b4e6495152d2c345d,c2fab57ec0af1742068d1b903119c3f2e51b5d3caacfb9ff15b8bb8a1a08e806,
data/raw/realwaste-main/RealWaste/Metal/Metal_151.jpg,metal,0,4a1b076d531f19b8667a2b817bdfda664d20aa20f4dbe000344c68efec926bb7,25465cc0cb1f194fabcd3ca11b7d344b810e7e9dc26d1e1634ce84c144cf39bf,
data/raw/realwaste-main/RealWaste/Metal/Metal_154.jpg,metal,0,d54433a23a09edeea03abae0efbb60cfa63f3b668056c11c3efa92ad948f2300,5a7ae780a321be042654c5cf381902d6deee3adfd7eaec6a4a03594c506611dd,
data/raw/realwaste-main/RealWaste/Metal/Metal_155.jpg,metal,0,bc4d77bacc2a5ec56553ec0f2c85c4510efb911f0fe3cd5cc03d9340f4d07956,0116bcca7d63bb69b747f4d9a4d601c8a5d5878d8f1c68dbbbc91353898ef1c0,
data/raw/realwaste-main/RealWaste/Metal/Metal_156.jpg,metal,0,8886cdae9cc818552028cbe0669fac540d8e56d2da1599648bca9a0c92c3789d,dea8b578911d70ccb1eb1f1351eeafcd1504bdeec2ce76235de6df8dff9fc658,
data/raw/realwaste-main/RealWaste/Metal/Metal_157.jpg,metal,0,01ee7e0f6607fa916fcdb8d77fb87fe4894fb3f0110155d65bf084ddb07a4e86,0b1e8fdd2e909dfc456780cc7d1a545c9e988ac91b1829fed0331d65292ac2de,
data/raw/realwaste-main/RealWaste/Metal/Metal_159.jpg,metal,0,d4041a22f4ad3006ff023373e81c083d8817c93913ab13e022a269ac08937c65,e437b875bd9e2879fe8f37711d2c7944df1878154dc154d2c1b6b0bef6dd0159,
data/raw/realwaste-main/RealWaste/Metal/Metal_160.jpg,metal,0,a5bad926c3d21e9ea2c57b2a2cf4e4db085acfb6c4fa0882b88f9f9cc49f503f,4f59e19d4b0b6b38e189e668f038621ca4d12d283bb3bb28c54825d011f4fef8,
data/raw/realwaste-main/RealWaste/Metal/Metal_166.jpg,metal,0,d740ad682c07c3f05563cbe70691a4f1c8d57397217ba5ed9cd299e181311ba6,24c26ab21b7cec191c98e01e82a1e785332b4f06d03c108a110863cf41d3519b,
data/raw/realwaste-main/RealWaste/Metal/Metal_167.jpg,metal,0,1f6405f753d25c7bccb26a5933ef26ad539627648a09472362ce5fd5156f07c9,22636feae4162646d7d370de4a53db83610fd4270f51d4bf593d4fd32ece0726,
data/raw/realwaste-main/RealWaste/Metal/Metal_168.jpg,metal,0,17875b5ec2511acbc12f4e4a5067b18ae5e4953f23bc46b4061f33247cfa412d,865c52fff18fbea337efbd6e649b5f2988fe6c7a8befe2a2839d14bc7c5d92c0,
data/raw/realwaste-main/RealWaste/Metal/Metal_169.jpg,metal,0,c93654468d21333e3f4c01263a51ff930de6e3b80fb7aa54fb8102b0d1a64aef,7fbb86ff5d59c67dc74865037d3dcc0c09a8ca6cb4b8ad0cf24ce8173b8553c6,
data/raw/realwaste-main/RealWaste/Metal/Metal_17.jpg,metal,0,cb9cfafcb340e8ffefa2b0a1ea9a359de156443b1adf65b26ea541e5e6a45cf4,d63fbe5b2124415ec57317c14a3f36ddc1a6f20f78e8cc43c3f4545bbb1f0b5d,
data/raw/realwaste-main/RealWaste/Metal/Metal_170.jpg,metal,0,cb76a80fd1e93c7640854c80bcad355ee65364969d896427d9a5172028e440a7,44075e14a3139546b7c7069a5d4bf6f71541ec1c7d9231038ffedf1638926f33,
data/raw/realwaste-main/RealWaste/Metal/Metal_173.jpg,metal,0,7cb6f51e33ff90765bb5dda5c55e3897cda63c4c8938ad28e984ed1974d89b13,7ec464edc684887a6134a14d06fc9f54856335a18cd6cac80a459aa110212da3,
data/raw/realwaste-main/RealWaste/Metal/Metal_174.jpg,metal,0,b924a33ca2dd68c20abb395476ffdd4df1492720734dafd8d574d6d409b13f7a,a8ade6bb31fe4fbe12ac97003b9fca55b73ffd0f526a362fec439e8dabbade88,
data/raw/realwaste-main/RealWaste/Metal/Metal_175.jpg,metal,0,62bbd20f132b632cd3bc32c3311be43c633ccf6c4bd641fca5e144a709dce7a2,fbf013994e4cc035e2d8bfc4c9d5f5e9d3c1b1c6836ca2f599299b76b1eeab1f,
data/raw/realwaste-main/RealWaste/Metal/Metal_176.jpg,metal,0,5578e433db62b145986bc71bfc3c314db74819a06a68f7a8d3b314b2ef25b561,12d5694bc0648e8ec1cbcebaf6e299213bfe253ea81e3dae5d5e192f51ec3505,
data/raw/realwaste-main/RealWaste/Metal/Metal_177.jpg,metal,0,b36c56997aa68b73c638959dd09a544c29827a9141a6e32d7da4cef91624d23e,be60d4c03dc19b7305122b78b3e167a687ad2e2743a0aab7a8c2d10c91da57a1,
data/raw/realwaste-main/RealWaste/Metal/Metal_179.jpg,metal,0,b5faac175015c6ce479ac8f73ab6559c8eb15a01599678e2463a0b65eee7ddbb,06463d1d71e4aea383ed9505e7e754240ee2d40427a21e0d5ea1c5be1f0c0978,
data/raw/realwaste-main/RealWaste/Metal/Metal_180.jpg,metal,0,41a1c068a27d95f8fab505646231fa060383235d86d1f43c2b1c9230a5321e68,fee13e74988a07b823b25a08fb50fb7d9b57045298c9a7f71bdfbbc9508957c4,
data/raw/realwaste-main/RealWaste/Metal/Metal_181.jpg,metal,0,70ee471aa60eea0cc640a53ed6b06734d98f70a4aff1ecb33f9dbcc5daa179b9,1c8da02b762e7132f413c78cde9558ae4e7184c7a44862a27c14d250e59b3176,
data/raw/realwaste-main/RealWaste/Metal/Metal_182.jpg,metal,0,5a65da88dd4187008027fa3e5666ddad3e1661cd70aa91add2eec33814e949f1,fc97a3990520524e65633119861a8ccd8fc82c042b7b77197947d3504549a53d,
data/raw/realwaste-main/RealWaste/Metal/Metal_187.jpg,metal,0,f21908c90aae81982ed675665d84ea48c454b5863bee57022efdf9f49975c874,83187759559382cbfea7fe8edb9c6c1bb8ef9dd1b24d135ab4f98b78e0706eb1,
data/raw/realwaste-main/RealWaste/Metal/Metal_188.jpg,metal,0,fc7525be6864db4c20849fe3a207c78881de6c17d8a34f324797945100ceb17a,cd7a5fb6bb1436e647e2afb3539b162545e7bd5fabc600f2862dd620778f6008,
data/raw/realwaste-main/RealWaste/Metal/Metal_19.jpg,metal,0,26ba2b2bf6cfa1ad18d38807742c9f5294d6fda55509b1aa23c2fabb1299f2f2,5730fceeafcfa756f1e1fdc7ef58993119d6d0c7a43af1be7bdb66721df02a09,
data/raw/realwaste-main/RealWaste/Metal/Metal_190.jpg,metal,0,2077641aa50c1915c5e6b1e4c1fd2d3d1f14da429314971239dc8e0f35aefde3,0fab388bc5d4261feea437cc4005140dce23af0bff2c6b42f026460bdf32c6ae,
data/raw/realwaste-main/RealWaste/Metal/Metal_191.jpg,metal,0,3f846015a1b81ae9e7f0d17cea894c4ef8c747d8f5c1cf33b944ce1a23d867f1,6ff45da37c5444b2c6d7fcafae89c3af05c7b56f87cbfbd382576e61063c617b,
data/raw/realwaste-main/RealWaste/Metal/Metal_194.jpg,metal,0,a158d1e891ecb9044be2a14f14ab0385bc15753dc7d1ffc4bd6d0793b50a823d,5196c0fb869e4ee99515653b13fbfb32a665d881795632e22b5507e0f2f9c174,
data/raw/realwaste-main/RealWaste/Metal/Metal_195.jpg,metal,0,5db17391ba816335c9c943f02f232cdcd12780fcfd17458f9c5e6c70d8681d35,9591197813720ff62e2e6871e92999944cc71754bc99c2a9cd59fe96ed2fdb30,
data/raw/realwaste-main/RealWaste/Metal/Metal_196.jpg,metal,0,5986be52c2bd41fc0d337f4e71b2db563137fac37a0afd4b183d5d5d410cf989,de52fb693be45878e1faac6d026cf22d01f093ede1522be2b4d0e1b540691953,
data/raw/realwaste-main/RealWaste/Metal/Metal_198.jpg,metal,0,43bfab29249dfe7249df388989fc4afe10f8071dc6a1f703aac3b46b6df278fb,0799b48ae998ab525a404d56858741eb05ea9cb37b8433626df1a7c427114712,
data/raw/realwaste-main/RealWaste/Metal/Metal_199.jpg,metal,0,292263b9c47f235117fe24efb8cd654a40272298fcc09ca71bb754ca4d10db18,44e677d5f147dc5b68b34b3b308ed496f117542dfef2e9f4167a8088625919b9,
data/raw/realwaste-main/RealWaste/Metal/Metal_2.jpg,metal,0,7b4937577dd7a7a5b89adb166933a776bf9bbfa9dc5adafc2b3551c00e7e91fc,b3596180675dd43116a1f78f1c1916f26ff7d7b312797e863f99714dd99efce1,
data/raw/realwaste-main/RealWaste/Metal/Metal_200.jpg,metal,0,2b51e693737967abed5b588c78d52da6bc0356b49140f596a2f43040ea508930,5ee53d60dc33743b2e45817ad96060e7a6bebedd9c7ba7381aa5d66fc13e798d,
data/raw/realwaste-main/RealWaste/Metal/Metal_202.jpg,metal,0,90ed16090f7616e0c00547027aec624910abd9d682b6b510550ae60fe0834833,047f4964e694f6582ffd903527c6ba6cd0040a5c1eb6bcdfdfc7a4c95e0a0058,
data/raw/realwaste-main/RealWaste/Metal/Metal_203.jpg,metal,0,c993d482ab1ff0ff80defba2d8a6e41164218b6830b2d1681b35df829744faa3,6e43a39099696e70c680beda3a49936b6e92d616b06126aa486bce5c05c4082e,
data/raw/realwaste-main/RealWaste/Metal/Metal_205.jpg,metal,0,3b20f84cfa5b666967144f07f5837dee1ad8baeb983ddca71e729f8b5a1024ef,3f5847ee2c010ca7c9c65d5313d8716e37005a774b78c20dae839b9f7e969cfa,
data/raw/realwaste-main/RealWaste/Metal/Metal_206.jpg,metal,0,84f634da284375aecc6ba8758a4b63e9cbc939d6d1ab06ce2c5feac8cf7fa196,8fc63bf6793862ef41f0571a8248dc2cdf14663b2cff98466939877b013197c2,
data/raw/realwaste-main/RealWaste/Metal/Metal_207.jpg,metal,0,ff8a58f534069561f8345f6c2e05d29aba6fc34840ff18c777adb795d1adccd3,2bc5b06c522028b4db75aacd61855470e0093f24bb3e399a72f623290916ef50,
data/raw/realwaste-main/RealWaste/Metal/Metal_208.jpg,metal,0,756ab0206a81ae9eb639a94f6088132824a8bcad1271ffdcd6570d8809827b8f,55347c153d7986e88a1944d64fba320393240fe28ba25c79a8059409ed451b91,
data/raw/realwaste-main/RealWaste/Metal/Metal_209.jpg,metal,0,b12d95871e9aa2675af679be78913a2f86c38aa44bfed96a69483c1804a3090e,e68f3331b6b65a3b87dccdf4509df79c88488287da367232126201c42d9bb6c4,
data/raw/realwaste-main/RealWaste/Metal/Metal_210.jpg,metal,0,5383ace78a4a9745f452c09728233b6518765383863b2fb46b2497f9da8b6e4c,577e083b78d3665e3bdf3c6bc426fab4b0c5a995f73df4189cf587d532332f4c,
data/raw/realwaste-main/RealWaste/Metal/Metal_211.jpg,metal,0,cc1ad12447cd3b3dda93b73aa6bb7a4f25573af44ffa64e15e4f316e894db75d,181b887beae7ad7c16a8b33f1020ddeba7e37327a3cd4e70701846bdb4d56dcb,
data/raw/realwaste-main/RealWaste/Metal/Metal_212.jpg,metal,0,7d7db970ab9890673b25654970f7253663e67c17248e2610b51b2efe6bb53556,9fab694e4f4932be1a2f431e05d66c541ce15a27268372da07920218416f3c71,
data/raw/realwaste-main/RealWaste/Metal/Metal_215.jpg,metal,0,f59166ffdaeef9e59547195074061e69e40e016dc68fc2160f7155b4bb440c14,8c72f0d7759367580ebe575021ea46f1e145ad58df2acab59f00fe12c94c345e,
data/raw/realwaste-main/RealWaste/Metal/Metal_216.jpg,metal,0,eebc8962e26e38171ec2c4d097ac3a6f0a614eed1bcf8f22013f474267864ac0,f258492e0a663117cb7553a4b08a4abd01933180234bcf6835bc1415d8a4aacd,
data/raw/realwaste-main/RealWaste/Metal/Metal_218.jpg,metal,0,302eb3e70bc92dcf1b9f4dbea65f49c1da131e04011c1b718f40faee4cfca485,5ec642e7dd536ca99fcce2b614db3aa80a0b04e725ec4699389d44facb3ffcb3,
data/raw/realwaste-main/RealWaste/Metal/Metal_219.jpg,metal,0,7c2ef55c48af9b331913a2d1b2964c95e00fe7d8210e0133b18a0a4c80413e37,ab3df134a94ebdeeb7ff8b3738c01a7b87023768e8d716587ca58e1ab1129848,
data/raw/realwaste-main/RealWaste/Metal/Metal_22.jpg,metal,0,039cbd630b1c75c69ff231ea2d99cb2ff9bca819c2590eaa3195383e05ba274e,d553c8fd5712066ef13b4739d82aaa0e73cb6d251eea26abb42966db4a788e84,
data/raw/realwaste-main/RealWaste/Metal/Metal_221.jpg,metal,0,1a69ffbba6a16dcf3d274c8e8706f23dcda8c3cef89d79388864b2a604c4c0ba,84c5d48ede7cea7268e7bc9dee49ec324633e6bf0a2fb51e59afc41456a12750,
data/raw/realwaste-main/RealWaste/Metal/Metal_222.jpg,metal,0,c1ca7a45a3f5a4a5d281ffc282397e8519ead2174f5bb231a57fefaaa37a4707,6534d953717ae33eebab8b2fc1926104057e52a440916350842b2008f0ac3353,
data/raw/realwaste-main/RealWaste/Metal/Metal_223.jpg,metal,0,a2375b8e45a767b9e49c8dea25be63c85895f77ca5f9fbd30ef341110e3ed6c9,a815756674ac411c998f5f9729cdde6ee943a8c391194092ce67fc4640770d7e,
data/raw/realwaste-main/RealWaste/Metal/Metal_224.jpg,metal,0,222ef50b8b646e41a1f61d6d2f185c88231fb88dbfcb8362256fcf1f34ab6453,cff3e89ab62ef3734e3d94aedf79864c4a5a9dc557377211efc488304ab6c5a6,
data/raw/realwaste-main/RealWaste/Metal/Metal_225.jpg,metal,0,592499f19004c2bfc524dedefd7b0faf8ab74a2ef7df018342ae2d07bf9f91f7,09c4b99744ec7fa6e41d533c5c3377631e8df9162df4f8ea22deb7f1f4a393e3,
data/raw/realwaste-main/RealWaste/Metal/Metal_228.jpg,metal,0,868b738931aee5082a807d557c4797ae393056f1ff6fa1a741bbd702c3f13441,f5e47914d1c06394d8467e7e61a8e2b79ba518daad6596d05163338cdd3f113b,
data/raw/realwaste-main/RealWaste/Metal/Metal_229.jpg,metal,0,d6d84a9c76d8db40fadc47206627c9688541ef14bcabda59a64cf2df99ed5f23,ad0abbca55b3e6e3371a7954146f21ad8b07beaf040e667b6f7ffb5b28998c8e,
data/raw/realwaste-main/RealWaste/Metal/Metal_23.jpg,metal,0,ec30774597c2d60e33a8cf4d02bc1ff395a9787530a4d677b9a174d900e40f8c,612dac698259a78fe5527472a574f14c033aed6c8de37ca2cd0631bcdfd8dffc,
data/raw/realwaste-main/RealWaste/Metal/Metal_231.jpg,metal,0,721f7436def5fa8777a1d859a26c622622fff5dca0a85f904eafb0decc8660bf,7e7caa2f8cdd53cee87ae6b67ab7565a54f8920127e54282caf3a599dd4883c0,
data/raw/realwaste-main/RealWaste/Metal/Metal_232.jpg,metal,0,9f8bfc52850d589335442887070aaf35f21605e28ead6a2b954614bf6401daeb,73d9949cd1d87ab340ce11e91e3c427128abf10ec821c44291590190ab805e7a,
data/raw/realwaste-main/RealWaste/Metal/Metal_233.jpg,metal,0,8c23d1f320b85b4314b4b1522e70446e0a1f5af0e9214313cef57d22d8824ed7,a819990d790bf2fbdd9c833bd9a157ca489f466f840e830176393ab8994b3044,
data/raw/realwaste-main/RealWaste/Metal/Metal_234.jpg,metal,0,659b0cbcc430f2303499989965ae56cb0c877d360d074e3d9b43f6f51f0e9965,988a4dc44ed1828c37c0b8d3a05e707f7e311d78de41859966ee037263b664a9,
data/raw/realwaste-main/RealWaste/Metal/Metal_235.jpg,metal,0,c9c53f9ff6dbc8b53788a252e6181274c0744f1be0a0f3723220868fd4444074,f5e1a986e1517f3cee4dd72030e5aace85d1dbbe8f853f8ebe08c51f769cd63d,
data/raw/realwaste-main/RealWaste/Metal/Metal_236.jpg,metal,0,e1ee4b05c3192c5fad6ee29ea20afc87e933ef5fd02ee942823448314c72e6ee,7ddf33deac0d2aeacf9312b6e3eb35ecd82c2dff394e509f08e0767f146621a4,
data/raw/realwaste-main/RealWaste/Metal/Metal_237.jpg,metal,0,4cd0b790a29d10d1292b9f81df5741e049fd3e7042e87a260d75ded1e284019c,fc3e9f5e1f3f1bb6d01db08bd8939e91282eeba18f0430845d0d22182337cd63,
data/raw/realwaste-main/RealWaste/Metal/Metal_238.jpg,metal,0,a90e0462cdb8239ad7b4cfa5f2ba4594d0b10f4bd3c9130785a3f0d0aaa5472d,5330a7e3b8db99df433d964e9bc0464fb2c29e9f55c4853d38bc3f14b35cdc9c,
data/raw/realwaste-main/RealWaste/Metal/Metal_239.jpg,metal,0,7f24070eaf352f4e329bb6ab4815c5fd2b0a2c22032672fd9acb83777913dff4,aff38c20de5b6a485eac5fb5d2af000e29fe288697eb30444d8eb880668f8fb7,
data/raw/realwaste-main/RealWaste/Metal/Metal_240.jpg,metal,0,d2620208ba73f9e9c8519f702beb4ee7f26f7df0e359bd026cb6ec2545beaab3,b1d8ce3ab5acd30591c720f5590b8a43916ed24cb6d015e81fdfb0deae0f688a,
data/raw/realwaste-main/RealWaste/Metal/Metal_241.jpg,metal,0,3db616adac56fa525151ae5ac9726ac279f467dc1a407960803175d22e472558,2eb0a194d34a4f769de3cbf359c3c43d931883a965655160c28e54518197df5b,
data/raw/realwaste-main/RealWaste/Metal/Metal_243.jpg,metal,0,910c3648c3bb034ffd608a3c7a1fb4be9e61c2f32ad2cb5e14bf60adf99ab97f,7e4012f313a37d65f543c41b2388a49225a9986bc826fa8abef607f830399b09,
data/raw/realwaste-main/RealWaste/Metal/Metal_245.jpg,metal,0,6e016b33f1847324f348a49a3011de37ee58249f15048b92cf0350ff7d03a819,9268c20bc99626d079f87c30165c4a443c88bc50779b8d78579f27acec34e00a,
data/raw/realwaste-main/RealWaste/Metal/Metal_247.jpg,metal,0,e495e773ea0365b6e13034b80a349964bb4a9cfb8986a1675adb6ff9e7205036,6300bc27df78c5816008b356b0e098e995a32bffdb87aa85aa74e537a2c6cbee,
data/raw/realwaste-main/RealWaste/Metal/Metal_250.jpg,metal,0,0d520c261ccda9621c799e08b592fd74a116ec7d9db8ef36699eb784c7f9f0aa,d3fc42b3e89101076ac40e665cf5c523d91b4c148b7184bb93c070d138710d10,
data/raw/realwaste-main/RealWaste/Metal/Metal_252.jpg,metal,0,6e93b96ec3b3cc700c05f93268577c9016839ebba6e1891146cb0cedbda430c7,dc60d0c3cf0ce7af8aa9d432c38acb0a3dbc988e8fe4b4428093e8822ec582d2,
data/raw/realwaste-main/RealWaste/Metal/Metal_253.jpg,metal,0,975668a9698a433f5ba56b81620a4380e8e78d3f015b1502a71b9ef1ac5f2df5,4058be25574c7704f804a99543f83dd57cf9cb9249669ed9ecd5ec695c4ac8d4,
data/raw/realwaste-main/RealWaste/Metal/Metal_254.jpg,metal,0,2e261457870f38b633dcfb9905e41ff1b21c7308d8e14c9ecc07844617d3d427,4cc2eae8ad46a339fc5310e7c86bc2d76aed8c67a17588bdb4c29efa58aea95b,
data/raw/realwaste-main/RealWaste/Metal/Metal_255.jpg,metal,0,2a569939e0333790b57338746fa2ebb5603c00c11995f11469276af6dd959c04,db02b912a944655d68dd148b561223145a47bd841a0aa7461fdc9c8e6edd0601,
data/raw/realwaste-main/RealWaste/Metal/Metal_256.jpg,metal,0,38072923f15c668cd744d8a63e118ec640528851584b069c38ba87d70a40fde2,18ee6ab42e2d546ccca315546d097781bb80a5b90a703ec921c5c79aff17f86c,
data/raw/realwaste-main/RealWaste/Metal/Metal_258.jpg,metal,0,6febe209d75a014942137175c5093453a301b2f29900ac839443ba527a01ca42,156a13be1543feb5f60a1862ac11996f97b9816236aafa6d2be3bab2fadfa2d3,
data/raw/realwaste-main/RealWaste/Metal/Metal_259.jpg,metal,0,9400e034b57f61258da1a072a58ada88bf598818dd10a3ce312953d1c17af000,61ed5a977f70ce5595011b3a883ffaf65539768f2f0702cec3e0663c66a7d5f9,
data/raw/realwaste-main/RealWaste/Metal/Metal_26.jpg,metal,0,930d33a8b41d223ed35e79f0e34496f1f41103b7efab976524c8d130ef4856a7,1e18b7d98bb8c8af3fc0040f76aad27dabb2f29e71a71143c888d94ec953f6ca,
data/raw/realwaste-main/RealWaste/Metal/Metal_260.jpg,metal,0,88ec916c810766ace05be4ce2187ed1af4da19459f4868250db2228d9e211990,6fe0d5c189c0b0b4908b27aaaa2a08678f916362f737f6ed76ef81cecc85923a,
data/raw/realwaste-main/RealWaste/Metal/Metal_261.jpg,metal,0,b636120383f88131271b8203cf2b651ad361b4069b6b8ce25f045aaf2dce8e18,90477dd0203ee1f8684a1d533f546ebd784b85bba35a4428e33d8a1bbe578bd8,
data/raw/realwaste-main/RealWaste/Metal/Metal_262.jpg,metal,0,c4206cc1a1aca61750a1d1aafcb639a99e6c7313cc6325284592e22eb9309897,ccf0936dbfecac9c3804f339f84cb410c0f6f4d50dd148034cb53816b5693a52,
data/raw/realwaste-main/RealWaste/Metal/Metal_264.jpg,metal,0,55ea2c46ce6f10b6230b8c5f0e618d2f5178a863e4cb11fb85726e596b5c79be,f3838dc7a05866bb3efbf657880ddfcd806e43d88a2a8fb70355a02b2dab4598,
data/raw/realwaste-main/RealWaste/Metal/Metal_265.jpg,metal,0,0c43447c94c3d1a7cc5ea12dc40544d174868d100815eccbbb56d827550c2112,8613ad6db7968fbf23841c100042d952450c4b65685b55746a8fe25796aa75eb,
data/raw/realwaste-main/RealWaste/Metal/Metal_266.jpg,metal,0,c747ebf36afcd0a0b3b9b27d42619879fd32eccd10a314051208350d9667beb7,c3778652b5fc4802e46240850359b7c1481f0ada129a7a84fef2274c8e8e2ecb,
data/raw/realwaste-main/RealWaste/Metal/Metal_267.jpg,metal,0,42c2b91cc7fe2a725e3194bd5e7fd1f35aae29dbe9a593550224a7e37ff333d9,312d8d675995cb3cc94782d998988b6c5f06b14852833f8b3657636860e12b37,
data/raw/realwaste-main/RealWaste/Metal/Metal_268.jpg,metal,0,705e4c3ff8f72f68acfdb11395961a4ff2f461b1ddbd6938b598f28be5f09d42,8c4c3ab8ca0a33568dbbbf642ed1baa6c697836118e6f6c9389b14a651484e48,
data/raw/realwaste-main/RealWaste/Metal/Metal_269.jpg,metal,0,8598c32950da58d6afebdd50775469073082463ea975d7007c79139a8a0a1e00,7c3b7bce110688d2712efb9628777c6a35b9760429ba0e8a900200ed7cb59806,
data/raw/realwaste-main/RealWaste/Metal/Metal_27.jpg,metal,0,3ffa5b8ef539c79279a2cd72a44f26580011835c5cf8eb4e2a9e3f94b7a602db,30569d513b7ef049d95586bcd692afc6cd6422640dce315ba89aee724227c9a6,
data/raw/realwaste-main/RealWaste/Metal/Metal_270.jpg,metal,0,02a7ee84edd5882ee9af4511bcf27f1b87ec9aa4fba66c4a226a2cfd077946b5,eecb8c7e4921265912bd0721d5fe5607677e385ec802f9674bf451f8c013251a,
data/raw/realwaste-main/RealWaste/Metal/Metal_271.jpg,metal,0,905aeb94bb0b48eab423bde603607e6aba7317da29a29cffa011c2dbe28a407e,f8575688c8e82297c99fde29bc8e4b818b6ea17be730d5e36432a6fb3c07c5c4,
data/raw/realwaste-main/RealWaste/Metal/Metal_272.jpg,metal,0,17784415004270f2dd0113faeacc2b2ea37d6f7923e8337c270b92e087ec81e2,54b617d636f920d3d560501be9a5234dc959e425f95e849b8c483c30a5a6d0e2,
data/raw/realwaste-main/RealWaste/Metal/Metal_273.jpg,metal,0,46a5446b7ae45e5ebb75057abc7621aa58030f83c603c3f08f9f91c6d3077683,1479307bb3ea3ae1b919514320647d47a73ffd0a55729f7a532f32533d6b2855,
data/raw/realwaste-main/RealWaste/Metal/Metal_275.jpg,metal,0,5a9c733c5bd8764ee353fa0fbb81abdad59c396b56a961ca4bf3aa4475f47d45,571f4292228a3276e0ce12127990e6e87f7d3de7d7bb912f41f8d4abd818017b,
data/raw/realwaste-main/RealWaste/Metal/Metal_277.jpg,metal,0,393496c6becaaef8cd124f50295c70c5793bbff79820606bb777fcc168135f42,609267cad5bc1c9d8ee81112399c42205b078b74bb34806bcffcbbfdcede7592,
data/raw/realwaste-main/RealWaste/Metal/Metal_278.jpg,metal,0,0e5813a1c0c059a4fce059bfe80eba0382780db70becd98e04849f10a166a68f,da31f04bf6156125ac53504f1794fd988fef4a0494d392e70c4f9fcc84e0a8e2,
data/raw/realwaste-main/RealWaste/Metal/Metal_279.jpg,metal,0,abba8d604c4110d5c4d0f255734a980de503a3c4bfc395bc6edf3d7863c55f10,2d31756c5e4189f39d2694c9b05022b03ac2a3c92e9be64242acde15f3bf905e,
data/raw/realwaste-main/RealWaste/Metal/Metal_28.jpg,metal,0,ba1443ccfccd3c0d06ee2e17e9ba6507eb3f6c06722344454c3dd03ab89f3bdf,f1b7432a3cb57ae37c64b9bcb82f02c616ea109ac89cfefb4105989969673d0a,
data/raw/realwaste-main/RealWaste/Metal/Metal_280.jpg,metal,0,e352f62261bd3f22e9eb31370f9d50b0379d83396feda7a0396a4b883f903eae,1deb773d072ab817f094a7d3b51e9a3f08a3792aa5498545af098e0afafc9675,
data/raw/realwaste-main/RealWaste/Metal/Metal_281.jpg,metal,0,27360aff8c3ff873c0592c7f35127232004e8c17f032a5897cd83ecf6013ffd4,eb88d0e56927d784fa93dc5d75a85a8e8d9b3e085e723824a10bb349474f9a16,
data/raw/realwaste-main/RealWaste/Metal/Metal_283.jpg,metal,0,b8b4f69428f8e767f88c6b2ddc0518c08a4f552e3cba5bd5f66d9f4e95333431,5aee7524052c0144e5c714c0312a6f27a008fc9fd677091d365dbbfff32012df,
data/raw/realwaste-main/RealWaste/Metal/Metal_285.jpg,metal,0,310d9d9e3e35e54c6704e6b534b605af2427faffe7719c9865e6ad4d0722ead7,4dfcbdb15ebf2de412195766c9a6100e363428d4131c0492d99404f8de8b2c9c,
data/raw/realwaste-main/RealWaste/Metal/Metal_286.jpg,metal,0,8e4ce22ddbb477ace7ad0b8e3c1f6f4aaf42128edda384a5fd646f38842032d7,4c5bb769a0986d97990347a68f688f8b3bc32fc2405c92554ab966f782806f9a,
data/raw/realwaste-main/RealWaste/Metal/Metal_287.jpg,metal,0,6ea0744786064eb9d999df92a21230732de3627e750cbd626d2b22e5be2f72e6,bedf59e7950bc4d675ef7d18408895a682d6e15d3a448bac6dd7095a167ffd68,
data/raw/realwaste-main/RealWaste/Metal/Metal_288.jpg,metal,0,e2ecee31273190ffad95f0d2ed239aebeaf92ed6e5279df4577bc24d6c68dad2,c66929c6826801ab51da499a2a322765db1fd5895aea03aa60445cd090e4cd4b,
data/raw/realwaste-main/RealWaste/Metal/Metal_289.jpg,metal,0,21f06e66286cf56f33e6914223895506aebb2063bdba974fda883cf22359db4f,8a72aa012d2eb407ab03ee8b5c25541b127903a926eaf60689f71d55d4b72e9e,
data/raw/realwaste-main/RealWaste/Metal/Metal_29.jpg,metal,0,326184d984b8d6be777145a68889a6af292baeab7371f4b386286dcc715881e8,ea527df284c0b6f7f9f6cb0962729e351a1962ecd9413f0c8d7343c84b770fdb,
data/raw/realwaste-main/RealWaste/Metal/Metal_290.jpg,metal,0,f3da6a8a2a88c507d14c9f4743108d07e574f58e0663acfced4e55935f4a654f,8928ff482d0e40676bc122b101caf7581291052f98b325e2f7b9c01d455e1aa2,
data/raw/realwaste-main/RealWaste/Metal/Metal_291.jpg,metal,0,8eb5e11fe41beffd674951dafcde4896345e410587d4af24256224a513141091,6dee3d4b0c81562f79196d999387757bf3372db7129e0a746b887fa3eca1bab2,
data/raw/realwaste-main/RealWaste/Metal/Metal_293.jpg,metal,0,2108680a766548008e2a3126063362018d097f05ba5b1fe591c162252dbb2afa,f39c50be06b8bcece1efac386dcc5afeb4d90206ddea8cb04a96ab1ba71a6337,
data/raw/realwaste-main/RealWaste/Metal/Metal_296.jpg,metal,0,df537260f27f9d0246bd26798fe8a023e5d473894fe8da971ff9c49c00c0d38b,c8b62e42580ca9c2d8733efc236ecd293659cd06a928ebbf48363e9fff178707,
data/raw/realwaste-main/RealWaste/Metal/Metal_299.jpg,metal,0,9affbafca782722d614ea18e55303042fc717fdc059d72caf30d864d4f51c008,af93e0365855b0350a9bc578b9864f4f288fc41c998d619b713f180e5eee8291,
data/raw/realwaste-main/RealWaste/Metal/Metal_3.jpg,metal,0,9f046149ac32bba382e3299010a3a7d93982af0a4a5db9998895fbd8b0fcc403,644066216d3eb2d9a96068dbd3d6deb0df70588171b113e648b43cd3012b8c9e,
data/raw/realwaste-main/RealWaste/Metal/Metal_302.jpg,metal,0,e8e64a7c2d2af866c20db3067efac0dcc6f582adc7715cb7f2695815c773a41c,5d1c9219fd3b9086b32e5cd8215ad20dff35318c20ad7a08d36e55b59408914f,
data/raw/realwaste-main/RealWaste/Metal/Metal_303.jpg,metal,0,b9de5c70721994aaecb97a9c08a8bccf260906292b7fcb30da6863bb257ae080,dafad850adbf31fa57ccab159861bb00393115688e603e823198b6851ccadc11,
data/raw/realwaste-main/RealWaste/Metal/Metal_305.jpg,metal,0,16950abaf22a14b753a31d824322b7dee40f540c6c7efeb353757ce00a9e9ef2,a6d4ded96c7895a46c61c555da0bd41bac2d5ab90ecb105ac4525bf9bdb589af,
data/raw/realwaste-main/RealWaste/Metal/Metal_307.jpg,metal,0,fcac4552debf56a8486bd3eeeb9cca2f1bf72ec6d99635433dc5f53950b3e734,d0da22b74d61114426905204c315c530ca13ab99627e78e80b76b21fa3e396c9,
data/raw/realwaste-main/RealWaste/Metal/Metal_308.jpg,metal,0,83d2d7443261d5aad5f1a4a005b2ecdee18656b97ea8df07aecc28138df2cb65,2b1d91e58e8117fbedceba334f8793172cc38ee6a9ae808e2d8defef1821014d,
data/raw/realwaste-main/RealWaste/Metal/Metal_311.jpg,metal,0,7dac036af91826da932bd4a6648ec3ca569a11b483910740bf3f15568fc06325,e008f4237754d6cb94749d7f988818432b0eff7509d6d8216c6dfe43a8a7687d,
data/raw/realwaste-main/RealWaste/Metal/Metal_312.jpg,metal,0,4e5b35bf7542fcb37be145e259c18527a6019e4051608e8e15ac003ac38b2b53,8bacb35471b635e432dbb20f556ab665c1fedc75304a6d84af358aa30db678a2,
data/raw/realwaste-main/RealWaste/Metal/Metal_314.jpg,metal,0,7d2c1987fc51f1aa479ca2ea897cd3fc31ed30229281fbf83b62ea2483701742,f67775290d85f33d17a22519f5bc3e9a8bf9c7ff5c0e01c4b1934041b9f399ff,
data/raw/realwaste-main/RealWaste/Metal/Metal_315.jpg,metal,0,4bbd227e399226bac2c0f5440438526351cb651290bf5b826347007452252b94,97090bc6ff4d49bcae6931618698e1281a7195e9906b7bc761d14e6942923bb2,
data/raw/realwaste-main/RealWaste/Metal/Metal_316.jpg,metal,0,5d050c305de7aae287eb6691ccabd12c1c9cfb62b516f6c52a637c829469348e,e447ca6a79927de8f775e5f28143571c48cd516707797bb65bd2cfce91aabb0f,
data/raw/realwaste-main/RealWaste/Metal/Metal_317.jpg,metal,0,83ce488732e9ee19a0b327c5559a0d8872250764ee8a0b9b2c388da8a0dcac0e,99d05357dc758109870bf321537da2bd908ba38c91f59973b27ce27987271fd3,
data/raw/realwaste-main/RealWaste/Metal/Metal_319.jpg,metal,0,7e11211255c6b3cc055041d28adb845948c174e1898a4e578c1e8f637e41363a,331e1a26f2623724758358f2437ff80878ebb7627206a614c768f67d22261980,
data/raw/realwaste-main/RealWaste/Metal/Metal_321.jpg,metal,0,0a4f5a136fcd736a169a6acb2b605d7671b7748f6aabb71927c8c6090694bbad,278accacaf14c4a995b7ae36da97907e4f7330a70c22324981965e69aede7ce9,
data/raw/realwaste-main/RealWaste/Metal/Metal_323.jpg,metal,0,d12a497fa13c1f524bbc98efc235ef6f85341de896b55435a5505d5a496e8a05,30126cf5675c94bbc1c84236a2e9858c1d2963d1274ba0e8fb46b3b07da561e4,
data/raw/realwaste-main/RealWaste/Metal/Metal_325.jpg,metal,0,0a68c501b9ecbd9991e838add3619d4127163dbdb274c1e2725c3c6b8cd2f772,e205e6c04754aa4e9004c4685d69c460a8a7176c6f67adee407047757f4edd45,
data/raw/realwaste-main/RealWaste/Metal/Metal_328.jpg,metal,0,37c2d1b8fd557422aeea1a90916a1df96ff7ca9bc5633b72afe97a2168e6c0d8,00faf7d281be37d4be192dc43afaf2b1645ca64da12b3a1f5c8275d3eb1f1f24,
data/raw/realwaste-main/RealWaste/Metal/Metal_329.jpg,metal,0,f57a0f1948606768e957cd8d3143f9e9350616214afa0662578676b68a6e99a0,b4118a1feda0682b44374ef6bbaf92ca985369d350e16e061e60809fde727fdd,
data/raw/realwaste-main/RealWaste/Metal/Metal_33.jpg,metal,0,f89a30a3ec7908807d3afe2c8524813a2c7bc424014676c747693f81fcc2c879,424475ae6af693bc50ff6fc52d6638c14fc21e67f036c2f91fb2db11238587e0,
data/raw/realwaste-main/RealWaste/Metal/Metal_331.jpg,metal,0,a711f03b28f1221135ffaf64baf8ad1adee8dcd34c0f23a22f9a725ffe8a97c1,b2a0f45fd11e6c2645cbc40a7a43eedd80d3b5aa71b81000a7ace756f9cfa54a,
data/raw/realwaste-main/RealWaste/Metal/Metal_332.jpg,metal,0,c23506bf587657e2c9d805937187e815c59443213dc4181153c86fc37508e5f9,95f2e51f545ad9d343c4471d7a75ef5fd01adda51fb424e99f36e58617f3e1e5,
data/raw/realwaste-main/RealWaste/Metal/Metal_333.jpg,metal,0,ba9d2db6bed209822cf6c7441f86c946b34a6a0fc689fc765e565e075944bda5,08d61f8c447c313f3e9c51c11f92dcba9a1b6138b0765d25d642064015ce765d,
data/raw/realwaste-main/RealWaste/Metal/Metal_334.jpg,metal,0,a9f8c096f273e8b1c3ebbfa62839b970ba8555c4c23e838fbdcae91edfda8c9d,eac2ef308d8f9155f4cc5ad12bbb89ade9ab0980fc42bd02974e4dc6b6fe338d,
data/raw/realwaste-main/RealWaste/Metal/Metal_335.jpg,metal,0,c7df3ce485a189a81425be3cdf8f03c13de357014228c6fe48654d17b4fbd08d,4e190a750f4fe7d66873b20bffc559a9c5b2da9e1ae0414d462e4d023932bef1,
data/raw/realwaste-main/RealWaste/Metal/Metal_336.jpg,metal,0,9a316f23540a09c372a8ad5cd4d0e144f7423f0a7b7559c9217a8260564f9bbb,455702df828d81cdb00af2aab6e697a91f74f9bfcd2358f81d3511993dcbe985,
data/raw/realwaste-main/RealWaste/Metal/Metal_337.jpg,metal,0,8a2563a0113c35e4e8bc46189747ace68aea0f91311aaaa641c7c8d5825eb577,93a104094297432fe93acd35608f6b1b295be9018b85ebd464c998dfd07f62fb,
data/raw/realwaste-main/RealWaste/Metal/Metal_338.jpg,metal,0,3cfde9b066454cf08f20327db28ac8332b03c7ff8b2dce9411f3193f5cb113dc,bcb11772a43b5b46e5b59d75ea9910bda3dc8f600dd4fbca2407ae558c5b019e,
data/raw/realwaste-main/RealWaste/Metal/Metal_339.jpg,metal,0,a687099ffaa73aecc8ae3349458152faadf59ec58aa34a76d485e492458ccd76,c41757d7ac1642966563fc7b04718ec1811fb39a14d2fa898646cc58d83da5ab,
data/raw/realwaste-main/RealWaste/Metal/Metal_34.jpg,metal,0,44e7ea864301de09f62dc1d652e8d264f7821d77bc84859e885d0f9383777815,b5884f29b3d277b8ff376323ce774016e04a6aac1a0595ee99db57d8cedfb962,
data/raw/realwaste-main/RealWaste/Metal/Metal_340.jpg,metal,0,819d52382e1506a24ddab37da92fff006de285488ca6ec5b1873df3ff522a6a1,e2f2a2a2ba60bd0e9362b5f2b1951504e612a381ea405841236d6bc33bfeab54,
data/raw/realwaste-main/RealWaste/Metal/Metal_344.jpg,metal,0,fb45ae9992da632944399bebcfb2c87023143031c055a8b8378c8935b2112aff,9bbdef04e799b62f9253eb0f622cdfb1d756e1484d72e47240208e9911b76b1f,
data/raw/realwaste-main/RealWaste/Metal/Metal_347.jpg,metal,0,47b5e72b68218dd2c75148dc1f8bf8d9149ba21aa7206715b7d75eafd56e3375,29a124b023e2dd0b35917e0542a560218077169af44e5734243145ec615ba382,
data/raw/realwaste-main/RealWaste/Metal/Metal_349.jpg,metal,0,86e1979c3bf6e3e4e3d168e88ae03a045694cd53dd3860c54a9ee33cf94945ce,ef856ebd1b9f2817bf756b4f4ff5d047f50ee2b118f6e494a2c0a23b546656a1,
data/raw/realwaste-main/RealWaste/Metal/Metal_35.jpg,metal,0,dd2ef25eb5bc075879e55bc53f10774d0bac1f01eb00465e216a4eededdb5b32,3acfa8ce35552c2dd9ac13dff1ec77b2751da606dad9e706cc1e58f39e93e1a5,
data/raw/realwaste-main/RealWaste/Metal/Metal_350.jpg,metal,0,49829e28147886dbfc552b129cca9e3fbfe40f0aeb6247b1ddda0c3a7bb06707,e42c927b1e73639da3ec129d41e2439133eb4a0e993c3b697640d83fe5af018d,
data/raw/realwaste-main/RealWaste/Metal/Metal_351.jpg,metal,0,9571673d7ea42e839b5c61769cf10cfa5ec14ba8b83634732078f288bc8fad87,bc270c2ac219ae2664fabf82818c6132ef9ab182947759a4d3458495f1817bac,
data/raw/realwaste-main/RealWaste/Metal/Metal_353.jpg,metal,0,fd73b6e62bda1814e6bdd832c7d3858159bc923c5ba0cf79fbbd7c5e61587e52,b427ef447dda892c6100e4ee1092a60c34a811a77e262db42c0ae49fbf39b7d2,
data/raw/realwaste-main/RealWaste/Metal/Metal_354.jpg,metal,0,d215217fdd04d677bc703d4b792c545c43a5288cb8ab74965c6264d1032e55ff,7d0709866229b67341183cb5cae7d4f641991d0c37e4bd398a08d09bfa7bdf4f,
data/raw/realwaste-main/RealWaste/Metal/Metal_357.jpg,metal,0,1dbe626bf299850122e3a8717558c266332fb98abcca810f089e9ddbe84ed059,34128f9fb80c886a65d344746b4908991ccdd1b062cc03e40ec157eed2d65553,
data/raw/realwaste-main/RealWaste/Metal/Metal_358.jpg,metal,0,14fd25972d4b73a971e01e52173fef8d3e4b37c5bf0ace8c53e0dee3d3db59a5,ce5780d155323e4677db09faedfe2c948377033ea42d4f44b0326f8555401934,
data/raw/realwaste-main/RealWaste/Metal/Metal_359.jpg,metal,0,5894cc049cf8428be8c757a422c6dea7c27b08476870c728a7b18fba58043bf8,d00fc4dec73a500e44a67b86c79b4ed45ef2c1358e0b5cff5608883dc1264ab4,
data/raw/realwaste-main/RealWaste/Metal/Metal_36.jpg,metal,0,01f624e5938de729c5a8857cf158137f652ab6b3c60967ec8a7f924586917e2e,f84324708b52daa9142c8aadcd4d15c062145ae809f643737478b00c7bc5826b,
data/raw/realwaste-main/RealWaste/Metal/Metal_360.jpg,metal,0,7751faabb5191f215512a470f553c28fd11c4059f9a403e929751307418ea6fd,6fb66a3f8a2bd05d256aeae6c9224ffe5694913ae89a915f7935a539429d3e43,
data/raw/realwaste-main/RealWaste/Metal/Metal_361.jpg,metal,0,07d733bc269e42acfa9539f15dda01450301c8b830c8cf52669c957573fc6bd4,b463f6360e30d879b8c2f4eeaeae15fb21faf119b1754ad61fab88dada11e5fc,
data/raw/realwaste-main/RealWaste/Metal/Metal_362.jpg,metal,0,13d51bf240301f01d4de3ee74086deda824603cf09fb6e3f67a0c962da9d7f38,36f960e839f2d28e9e7c8ad4f6f3cc0d74afeb8f96fdb09d61d366fb5acc30ae,
data/raw/realwaste-main/RealWaste/Metal/Metal_363.jpg,metal,0,4e500e3ecbbcbfc709f6a4c6b05633b141c9988a400239eb017a6a46f490ab69,9ad5a1d225c439016a2ab42183838ea24e67c94386f624bd690ec52651f33f6a,
data/raw/realwaste-main/RealWaste/Metal/Metal_364.jpg,metal,0,3e05b207c4c09ccb4af66d5f01212d06494ac35654c4cfc2e07b08872b073f55,fc72545fb753cbe7ea13aed551fe133cea2fb4a98cef5ba05fa4b8868db5ec5e,
data/raw/realwaste-main/RealWaste/Metal/Metal_365.jpg,metal,0,09c048a1c68972a5d1ebc7bd4ccdf37d962c8cd6d3549b5c12b183a00862f442,74d28e1b6133b78c58ce91b054f2860306edca9872c199bbaf1829c3c6c8177e,
data/raw/realwaste-main/RealWaste/Metal/Metal_367.jpg,metal,0,d00845f061f0d91a6feeb4c65cc1e39201e6471b9da76fc9aa4e954f840303a7,9187f8f5232f14c69511da16c7f3b4165c3744b8c719ff3648ee1cf6239bf1a9,
data/raw/realwaste-main/RealWaste/Metal/Metal_368.jpg,metal,0,bfe86d1878ba39813d113f400c1d3579b4d13cf96a784f4f78fd7acf1025c666,6d41f1ef5e5f395dcfdcaeda1a3baf410e332eb4d2266eccb9d331b2bcc3e011,
data/raw/realwaste-main/RealWaste/Metal/Metal_369.jpg,metal,0,92e798f11401d7f8baffd1aa5f556dfabe8216844146692eab789e3a6cdf362a,19ae80442dcdc7f25cd16c377d826bd1c72f2299b4f2b055b1f9830343fc5112,
data/raw/realwaste-main/RealWaste/Metal/Metal_370.jpg,metal,0,7557968c85c6f1f700ded959f0d5917b0b63eb70db2ba7f49c6e6b402eb73828,de2e300c5b80d3849bed2d0cb0efbdbb3f15a4877ca2ac6e58e3cbcdf4a836a3,
data/raw/realwaste-main/RealWaste/Metal/Metal_371.jpg,metal,0,5ec30d932f41085bdc7422024dac6f8697b951a14c5837ef1179315784c97d4b,43bd468251333714e3f43e102936fb490126483016b8fa2a1ba3975252912d1d,
data/raw/realwaste-main/RealWaste/Metal/Metal_372.jpg,metal,0,87131cd3bdafaaf04a3a652b35108fd684933822b4c057596c1be4f8b39e0aa7,3fbb6a0d351d8b76024fbb20e46241dd2031061e7eff30a6d79e1730addf8b92,
data/raw/realwaste-main/RealWaste/Metal/Metal_373.jpg,metal,0,ba06613f5da2e6fb6c2482a25c5385205d24de915066880e6967c4b18b15a255,4d6a1519c2eb1da97198109e7a910ada8d7b9f712cf23972eb9c537dcb76f8b0,
data/raw/realwaste-main/RealWaste/Metal/Metal_375.jpg,metal,0,1fb4949e394f56d71d0250559872ca9691f302564709abdd3388acc537112692,3c1ccdf2fb4144decc28c5a2338f23d79b1dda3d07ef3ec53dc62a5147e0608c,
data/raw/realwaste-main/RealWaste/Metal/Metal_376.jpg,metal,0,214136944f93ebe2f31f0aa07c1e41aeb1f33b3086cb7a74dccfd8bdc483a2ac,887e3d2eebba09517f46873c9b31b16f9fdecc67ae8972a0a4847adeb5190e2e,
data/raw/realwaste-main/RealWaste/Metal/Metal_377.jpg,metal,0,1fe40f75a4dc77f2a5d4c6a6d00bb34cf01baefe724c997a4ec6b7ee0a437e32,69fe44b4a7cf61f98fd17bc234cdf18032d1998124c5a1cf20a486b51326cd66,
data/raw/realwaste-main/RealWaste/Metal/Metal_378.jpg,metal,0,bb6b3031c51fde3019c7907c47fc0515f31d55a56b509792adef044d6dfbeb0d,035579c889ddb45b32f42d6444c8053e757647e187284c16f4c25291c50b15fb,
data/raw/realwaste-main/RealWaste/Metal/Metal_379.jpg,metal,0,a3e9c885cc6d407cde9675fc4089ba50cdc8e99190430704effe10a6323c463e,e49405b3f6b2c98b363ddfe229ba3984f949ae9003e3da7d1e616b4cda4335ab,
data/raw/realwaste-main/RealWaste/Metal/Metal_38.jpg,metal,0,934aea70d90990ba6fb986a67d5297bc1062978f37b2d3bc9dbb3798582e2844,2dcf22f0a73dd6a8db05a39f874d0d9553ad2fa603684f8a42b7f4b91124e5be,
data/raw/realwaste-main/RealWaste/Metal/Metal_380.jpg,metal,0,65aea6b78051531951a2ad1e6af231f615ae84a89114a2e14f3f17c2be4c882a,d8e411a23772ba7f3e0555ec2e1e4bf246ae447567fb87f58167b57356d17e8f,
data/raw/realwaste-main/RealWaste/Metal/Metal_381.jpg,metal,0,40e4cb2aa974196644182920178ad046c6cf18e15c5ebb0de4cdc0040f113b36,8f5730beb13cf392f1e11a4c00d00d67ab0483a4d33b95dd117d55b21bf5f173,
data/raw/realwaste-main/RealWaste/Metal/Metal_383.jpg,metal,0,1b133f0af9bad063667743581af8949a5d0b953113292868f787e9fb35d8fb84,ba8f56ac3e9ce6aaddc9ed4e6f1ed82da5b142962ab6412baac35032850839bb,
data/raw/realwaste-main/RealWaste/Metal/Metal_384.jpg,metal,0,eb0d3ba3769cce8c14173fec145f00e6ccd501f03396ef88298604b19755ea24,d9c51001f230c2123d598f59a39948d5082908e4b5c79c537cf7efbcaab7f6f8,
data/raw/realwaste-main/RealWaste/Metal/Metal_385.jpg,metal,0,7333a03f9f727e482c14c897728a4fe3771b72bdb4194f38c9ca1b7235bce05a,a87d7ebed938c6d1281575685f9a71e238f0700ed89191410e62575504c1fa0d,
data/raw/realwaste-main/RealWaste/Metal/Metal_386.jpg,metal,0,d0b58ac7d268d9afdcf11ed718fb2f379c32e4077c7623ff330a2796a8c1449d,133f41bc28cdee2deca81f0db53e3f94f9e33be2b66fa219f1d6b5c4c5ed9be1,
data/raw/realwaste-main/RealWaste/Metal/Metal_388.jpg,metal,0,c6c5f82431efee1e9b57ead4825f62467176b7c6d0b848eab864ad11597aafac,35d1004604a833c0c78a4e824258bb62d53a638722f3ded9efbd38f1f7359440,
data/raw/realwaste-main/RealWaste/Metal/Metal_389.jpg,metal,0,49dc3a0986668dc5612e7858dc26847f3de7873e37fd6f99090037722daadad1,3bab656c9d3ee21d653ba6dc2bd9e002b480160ff3756210a0a1a3d2dc91e22c,
data/raw/realwaste-main/RealWaste/Metal/Metal_391.jpg,metal,0,cfe13e759df23ba95c1f5a49637b16328cb2a4eead40fd4a4dcc77f0d9963c89,7396bcfad91f05753e2ba08e226d15b6629c82c3a447981cb40387ae16c24510,
data/raw/realwaste-main/RealWaste/Metal/Metal_392.jpg,metal,0,fff5de28e486b7c75c724c9aa0d551799d2f5f5ba6f858ed4f0edafbd079ed73,7b21413809d4678d2c48b0d9cbad4011f397b47d4ec3187076eae33a121feff6,
data/raw/realwaste-main/RealWaste/Metal/Metal_393.jpg,metal,0,060810eb5694333ca7489fd454f2c7cead6dc0d93330d5adc9ac116428db6691,f66aacbfe73a4ffeaccae4a20bec0e0c97645de917081ba9bf0a985f44ec1eeb,
data/raw/realwaste-main/RealWaste/Metal/Metal_394.jpg,metal,0,efccb94edbd1cf9d8792568f2e3b70905cc2d65e70fb63dd54344c9d47449656,bf5c1753ae688e6196895403f1986daed47d5f663c850dc0fead658c1d7db69a,
data/raw/realwaste-main/RealWaste/Metal/Metal_395.jpg,metal,0,35246ea469c729d8b8e15633fa0b34d63c19aa035c710e69455ad18b84707f21,f8724f2abbe294760f470aa9ca29cc13570acb72cdc03dd1b790490772297340,
data/raw/realwaste-main/RealWaste/Metal/Metal_396.jpg,metal,0,a0b8ec12c45e31743ea2ac427e8c8da4a6c42508abf1b4cbce42261739fc49d9,d5e337e8ff650bbc1abcb536e3bfd7bec1d5f0f2e91dafaf8cd7af70c83a3343,
data/raw/realwaste-main/RealWaste/Metal/Metal_397.jpg,metal,0,3e54a75eb1810cacc4799036609c2d2cf929a3561e97a6be68a89cd7c1981834,5196a4c2a1d370f9545c89360c7367785bf95662e2fad0b6eb4da90122eb71fd,
data/raw/realwaste-main/RealWaste/Metal/Metal_4.jpg,metal,0,2d53047bb049427d07add2f292ffa9136bde09c3d0c5b93c864aeaa8d39d67c6,251488ff349290d9f1b15b190c78b3508199cdd7252af730b3f70c5a3dbcb190,
data/raw/realwaste-main/RealWaste/Metal/Metal_40.jpg,metal,0,4daaa0d084da1270687eca72d264d2a744630967cdf37d109fdec7d5ea338cb5,b72277c7431b585a1265f02f2ceb7adea8f0330a3451427d99d02f0c7ea0cb57,
data/raw/realwaste-main/RealWaste/Metal/Metal_400.jpg,metal,0,02f14c5cabd48e62b57a39e5d4f2df5e445dd658b92696d094ba8c87517ff8ac,de3b7bb3f1db48f2748d38cda4edf92a98820621891e3bd0c9dc73da2ce465ff,
data/raw/realwaste-main/RealWaste/Metal/Metal_401.jpg,metal,0,8ca3f4bba6540655cfc45039e21426f2c5a24a4a542c76bdccec9a9098e61b10,66ee46e38a563d343f5c91f3e7ee12673874cfbb3bfe7ebed45ef6671f6b879d,
data/raw/realwaste-main/RealWaste/Metal/Metal_402.jpg,metal,0,41ae0ebb5b02cc0544143372b3cfbc7b750a51d2d9b32fb968bb27bf4f18e909,afa846cab00ed430f3c21c4fa6728bff6fdb09f6ac011ed7389df697e32dc045,
data/raw/realwaste-main/RealWaste/Metal/Metal_404.jpg,metal,0,94ad82db29504ea838970d36026c5162e40a0e04987e2a8cec87444a6d26aa79,896b0a306a5e386dfd7645a5c4534433787d40ebe814e8bb69f7d1b44680055c,
data/raw/realwaste-main/RealWaste/Metal/Metal_405.jpg,metal,0,d7edb8f5f6640860df36f3856079d4edfe265eb2545fe56523bd048c2e6b356d,5d6700c58b0be4a93180d8d2badb7f1e79674369ed4afe2d9b85afd2f327eb56,
data/raw/realwaste-main/RealWaste/Metal/Metal_406.jpg,metal,0,d3d0e29d7328b0d9f8633622929f75c3b60c98b0b19f243ccfaffe5812330c29,fbf58eef9b92b2d84539f2a2fb3a40642fcd02c1591bda3171c02243afa4f27e,
data/raw/realwaste-main/RealWaste/Metal/Metal_407.jpg,metal,0,9131d2e0ecd2fdfca1eff9f6e461be2a20542f4936d95ff67d0f67f5c80f175a,1c2e70671968045470eda6bdd01fb433e66ce1ff23c04bdc7ff474ee50c2c576,
data/raw/realwaste-main/RealWaste/Metal/Metal_408.jpg,metal,0,db294fdc46bdfac45cea6dce88f15d05e0c8c75304f27f208762114e45eae762,a4e9656acd25f82a8c028206b667a1accebc2939fb63b7686dc95af3448cc582,
data/raw/realwaste-main/RealWaste/Metal/Metal_41.jpg,metal,0,be758bae9a1702d25f8a61f6a4d1bfe38b9fc0365f71ac437c25ba658abf6249,32a029fe4398245bb24f356110199fbca609847e28ef36b08e2b513915f3611c,
data/raw/realwaste-main/RealWaste/Metal/Metal_411.jpg,metal,0,c56d23eeabb5f7120d20ac00fa70f39e5e2e108329e1ec57ad0e4425eeefc977,1e38ae99e86919c7975f3c5e78dfa57ac624f3b2a660f5b2d4b440f667e1b44f,
data/raw/realwaste-main/RealWaste/Metal/Metal_413.jpg,metal,0,6440f83ac831573676d6375d50977aa8163017de588428f9df400b9455b643e5,8bcc8ce54c2001ac0ff2a91c30434214f5f1113bb93118b6822ffbeca3887982,
data/raw/realwaste-main/RealWaste/Metal/Metal_414.jpg,metal,0,81f6836bcfbf6e96360d425326c3e01d7b9f255a0d32e4f5cfbda0c8a758cb73,6f9ba379295d58213f77cfe9e363d1bc1b28b5470972c99e04e9e54a35a7c291,
data/raw/realwaste-main/RealWaste/Metal/Metal_415.jpg,metal,0,f89b6094a4e7a072906afa140deb5dd8791f4241880eb8ffa846d2980a3b1a8c,de64b07f3ba12c976b4d9bd74265f7b83bb94aaf9efeea9386a90ef868ed1721,
data/raw/realwaste-main/RealWaste/Metal/Metal_417.jpg,metal,0,0954d02106c88dfb841adafb8b0a01b59086ea6d2e1a0ff36d519e7bca1e736e,0df226f2b0660aab9a423080847a5bc91f076cc36e3f91514ca1642c31edea07,
data/raw/realwaste-main/RealWaste/Metal/Metal_418.jpg,metal,0,5617965074dc050f36893fd165ab7ad5dc1b4b153e31530a6a3a7365c1e16054,b283f6dbfb664d4346b362a8b75ff17c55e4977de8ad71124c30a22663e80fcb,
data/raw/realwaste-main/RealWaste/Metal/Metal_419.jpg,metal,0,5b81d6f00b8151bfc79ff589b065970ceb9895bd08a1c294dde2e830a9481ebd,63adc45fbf56be1f680b215b943a6bbed8666839a7b9045e261f3c21cf455be9,
data/raw/realwaste-main/RealWaste/Metal/Metal_42.jpg,metal,0,08ba9289b4608e0f85fada3be23fdb0f5c17dc65c4ffb8d30617bd8a1c88d55a,2b82010eda1215dce09f7c63798d7428f0fb622463d9d2b287f4cd469b5b2fa9,
data/raw/realwaste-main/RealWaste/Metal/Metal_420.jpg,metal,0,25b4e26aa27248f76efd0cde596199e379537f8361712fa1535bac871b9f4d78,0e321873b3794e98cb38a64ab69716e5590856c47b4e844fe6d86ad57a310681,
data/raw/realwaste-main/RealWaste/Metal/Metal_421.jpg,metal,0,04ef2de44fb6e2d786df86aac4bdf10a8b9033cb2d415d037bcebee41e56f388,8f3e024678e6f682b1c7a6f6b3fad3c3e0a4285e88299b3c798b30d9645d4611,
data/raw/realwaste-main/RealWaste/Metal/Metal_422.jpg,metal,0,d38373a72399a70684cb4f46a2d7e42243f88acfe728b54877bfb64e030f4b68,6ab06e58783320576aa3215a986734813d4cbdd85c0752bc9d761e48e19bd155,
data/raw/realwaste-main/RealWaste/Metal/Metal_423.jpg,metal,0,e851c9f9c7077e7fde1472798745e74d337f906a754700ac441a319580e6937c,bf7870526c06ff0335f5ba22f95a3e105999aad5ea15f4c1b6bf19ce40ce2e0a,
data/raw/realwaste-main/RealWaste/Metal/Metal_424.jpg,metal,0,3672398ee617a953451e0d8770f9c9f8677be4ac8641136a554aba571c6a457a,794468119261ab3f89a96e136edbfab2749c3e450a04c3547cb34f9b737bcc30,
data/raw/realwaste-main/RealWaste/Metal/Metal_425.jpg,metal,0,e65186614ccc29130eae2179cdffa99d825c7f73303ce3464865beac85bce583,c973aacc14b094affff26b7c1984b220fde5974dbde3f4466e998fead57d86d7,
data/raw/realwaste-main/RealWaste/Metal/Metal_427.jpg,metal,0,84e7f223dba5a0206823f010de9c2df60e78344c882aad00fc65645ffa1afb6f,2ad20bf88654d931d1a74725ccd79c03c42ec5c22fa3a671bc7318415a35a6d9,
data/raw/realwaste-main/RealWaste/Metal/Metal_428.jpg,metal,0,7e5ffb9a1574f81fe1dcb148df82e279453c63839b25821af03ba5118555a6dd,c0f61b59b0e0b7b03b2d07be7b2f2296b3af21cac8d96db3b63b34a9c0a75f2f,
data/raw/realwaste-main/RealWaste/Metal/Metal_429.jpg,metal,0,14c372fa4cab85d9a6b0cfbcba60b5bfa61a391fa935d81b322ac4009c913d9f,5dd22958623cb7019ab442fed6bd04584a5409406b2165e420f4f64da050ae52,
data/raw/realwaste-main/RealWaste/Metal/Metal_430.jpg,metal,0,f6736999507d14ee9cb177e6ec16637d0eaf3758d3f466c112c8686f23d2ae88,027bd2587708f8a3aa88129ce87dacf6b3f2a25c830b1325fc2e7d437ed03471,
data/raw/realwaste-main/RealWaste/Metal/Metal_431.jpg,metal,0,5d9bde8e3eb66c7986ae68c49ca1041fe44917a006e3edc0c77c8a1396114eb1,2d59b1e66feb2d8039642bf5daa96b4bf335b8aafde9de9f75b39576de5229a3,
data/raw/realwaste-main/RealWaste/Metal/Metal_434.jpg,metal,0,4844e05583cf69148ff39cfe00b3b5aa9ceb2bb9f8930795e213d4ce3a17c2d4,adc5c2fbe0730499dd0270285fbfcb628c1ded89b313ac3a6e53e3a5a879e29f,
data/raw/realwaste-main/RealWaste/Metal/Metal_436.jpg,metal,0,c7a8c046eaa1fcb477f9453f5358b14df08e99cefb5d05a7c9631275ce729cba,1e74d9d90503e88e8d352a3b212557a0b9d4e016fda1440512c06057300f3900,
data/raw/realwaste-main/RealWaste/Metal/Metal_437.jpg,metal,0,f39cd2d73364e20b7b7bfa5dd5e66e3229aafbc89877e100e70d70449697b9e3,8c1a8db765b46ccece3e01eb37f6eb1077d4dee06bb01625f445315ca51f3d9e,
data/raw/realwaste-main/RealWaste/Metal/Metal_438.jpg,metal,0,af26de37a31ff68401331c7248a8a9ba21b10a95d94920b953c8600a744d2eb3,903bf90fbce6070ae00d7a150ff7ea447c4e8a7daa09b8996f3fd3d5965e90f3,
data/raw/realwaste-main/RealWaste/Metal/Metal_439.jpg,metal,0,4e05abcd8bfc473e53b6e189fe4fe653c8bc3ab173eb3b9084cd33c72e567f97,7a8130a73414b8b13263f24919f8371966ff9d9693dd6fb4f6495c88d33fc88a,
data/raw/realwaste-main/RealWaste/Metal/Metal_44.jpg,metal,0,f81673c5b0d97ca522c997a7934ced7496d00a203bbfb55e64a556aadf45e788,6c62780e48e185b3cff315d63ace1084ac5c191d65f3db60d01f6eb0390ae73b,
data/raw/realwaste-main/RealWaste/Metal/Metal_441.jpg,metal,0,b95746d8b37dc4b4b5bfaaf6eb1c9c7918563e59a652ec28d8c4a86de798d4b2,70423a62bccba226eb5345b0d349738030eeacc6c0ab6e6af9322043446de1b0,
data/raw/realwaste-main/RealWaste/Metal/Metal_442.jpg,metal,0,8ca335051d21945aeec689959f8eca5dc76b19566d4aa76fda801b079aa59a55,2484815de8e5c5f4807ddaf107a0f11fa389660cd7c07dcc8f28617d6265ddcd,
data/raw/realwaste-main/RealWaste/Metal/Metal_444.jpg,metal,0,53ca93cffde942e27485cdf67c58691e0f3dc95631920ca693e76c3888f36d1c,e0258df5006fd5f5553e5bb5fd43d0febaad8a8107783141e52e95f98abba5ee,
data/raw/realwaste-main/RealWaste/Metal/Metal_445.jpg,metal,0,2716c86078c9bc7256b764e2f05634fb13840289109a3039cd5d02dd43cce168,e39d6a4ef94e40d792abafa224efac2ffa0ce7370ff9bbd2857e189baca2e51b,
data/raw/realwaste-main/RealWaste/Metal/Metal_446.jpg,metal,0,130c83906181a2c64564532d00bd84eaa2e2e40b1ace2997ed40d70b474272ac,f079ff7d8a830712505cf49bf2bd6a8928c64fd1802e1900b1e8c84a7dbe03fa,
data/raw/realwaste-main/RealWaste/Metal/Metal_447.jpg,metal,0,c42190c196f21affffdaf5cd692f1630dda2269377b50bf02ee92395173fb0da,d0813bd051242731dd07e288c7661f1aeb20acfbb54b8234e551eccaf4d175cb,
data/raw/realwaste-main/RealWaste/Metal/Metal_451.jpg,metal,0,a9a8e3854d7d46dedfa4ee6292472eb18551d87581c81f2d059c65ea5ef89148,0227caac607f79aa852870a3fa45c2b36c3fb3b6d27ca83abe5fa0a3f6750858,
data/raw/realwaste-main/RealWaste/Metal/Metal_452.jpg,metal,0,37c91dfa7cd197475f9e0c4e4883803363de628d7e322ef559775012900b4382,50f32864793d004ce5e3f0cd8a059716ee741acaa3fbebed65f5cdd56e86bc72,
data/raw/realwaste-main/RealWaste/Metal/Metal_453.jpg,metal,0,273e19d3eaddc96b51288960839b240080072dfcc9c16657dd030bfa4e383324,32b4e684dd1243f09a3143ea41c87d7469765d9be1ede9d89c97f6c6e8cfe602,
data/raw/realwaste-main/RealWaste/Metal/Metal_455.jpg,metal,0,06d335ad06b36725038c1a6e6f6a3371a9ac1f58aee6e73fb6a7e6cf2c054c70,ed305bcb47ac3f67aacecfaf7b48df5ecf6b866f037d4cd5573ae61519fefa2c,
data/raw/realwaste-main/RealWaste/Metal/Metal_456.jpg,metal,0,8978f3f79ea0a90706539f87ee8d3c53f072b6ed48a1348acd7c30c3933655a9,8c0531a684b9c8e6dcee354d5e2d700441d1fde7b284470a8ce97a5e36d097f6,
data/raw/realwaste-main/RealWaste/Metal/Metal_457.jpg,metal,0,40e853aad98c8f3b8fd063762b3fbac341d4ce8ff3c0c645b345361712a94320,1f879dad829b799b470fb688914a7b715a434f87730fcee60d76fae274f982c7,
data/raw/realwaste-main/RealWaste/Metal/Metal_458.jpg,metal,0,2b6a6b20a9626f2451f05194d7bb019f82a688a71a58d73e962f32737e88acf0,2f3565cb0722b273f63df95aaae8496ec2987ea0fe2f58eb2ecce16dbb7477f7,
data/raw/realwaste-main/RealWaste/Metal/Metal_459.jpg,metal,0,40c478ea8edd046308e3650cc27e4811e3573148a8c63ca307bf3ad73fd96bd8,4cf7b5dd7d0bbbf0b610ad4c7fef8ddc569c2aa3eb1a53e3ced1f8a81b8abd44,
data/raw/realwaste-main/RealWaste/Metal/Metal_46.jpg,metal,0,6a0722858940ba23b21847675d99c340302f8e88c1494aebe09df329a7266dbf,b25f343ebcc841638f3173ce8a2bf824f7604805d982acf61bf82e34f3f7b3cd,
data/raw/realwaste-main/RealWaste/Metal/Metal_460.jpg,metal,0,a8a884981e68eb1be80a6261ac7dcf702bcea9762510a3b3b73b3fe3e7a4488e,f7452b18f5734c554eb14166b65927b8be4d6a5e3d34ca41481f6fa4bbca0dc5,
data/raw/realwaste-main/RealWaste/Metal/Metal_461.jpg,metal,0,1d509edc1c2de6abffee3ce37d7d919a4c5d390d6108d472b03d6ad258fa2c08,73224dce32f38d511f58d2ffafe2dd2f88e6cb6e6fd5ecc4928193cd2b0c403b,
data/raw/realwaste-main/RealWaste/Metal/Metal_462.jpg,metal,0,3a5bee154bf29fd5db547478a72037b307a0ec1f64e6b2d759b1eafa9659aa71,9da07dbf0e3d0b636eb0ff8606d6cc805dd01c5bc95cbe6b40d32c2550d3bea7,
data/raw/realwaste-main/RealWaste/Metal/Metal_463.jpg,metal,0,f575bccd37db4e480d100e3d5964f89fe22d1aa06c4c71a9b617a5159ee0b8f9,a054ee3dd622420acc52184b4869add718de35507c80e40a7acebb8c9bfd7dcb,
data/raw/realwaste-main/RealWaste/Metal/Metal_465.jpg,metal,0,f50c8fd448aa0770f5d9ba429a3a2f4f77bd5c917cee10d924b215dbdbe17262,e4a08edd0ceab9ee0dfa62937db20f78fdbda4fd0f6ade66b1cdd7de3f2425bf,
data/raw/realwaste-main/RealWaste/Metal/Metal_466.jpg,metal,0,e171fe23870ec03b77a5966f6a375825f0ca02fe0c6f89ff99f18b9047dacf6c,51002cfd07e87ccefafb92a353673e0f053e08201416f102b0d03fe13d7ed43a,
data/raw/realwaste-main/RealWaste/Metal/Metal_468.jpg,metal,0,9eaf05b37269445f139f68e9a4b1e8e53c6744564332b814fb0709d9fecd4740,b98ec1f4205f203a50d3ca1cfdf498a1b5041e8b5984ab01be88f72c339966bc,
data/raw/realwaste-main/RealWaste/Metal/Metal_47.jpg,metal,0,c18fec4a0d8ae7b02fb3709de1ca74fd728b7a2c1319b08855b66414a667052b,974a5a0ed4c6e97e38b8c67efa537ba1e8482c52d9896990baee700b446a54fd,
data/raw/realwaste-main/RealWaste/Metal/Metal_470.jpg,metal,0,c272be1e743cedf7a0b6e0084d5de9d8513ccc1944ccdb4c9b67952340f40210,e2df48bb448274a5b38ede88b5ed0a5cf25ece939af0443fcec3eec41f2b90cb,
data/raw/realwaste-main/RealWaste/Metal/Metal_471.jpg,metal,0,2b1dc21ab091c5f4919dc09186c63a86b044045d17f62005e9045d7c6549e08d,1a44732d7e4b7de9b987eb80aa43cb57d50dff0d2a7b864e5714b2c45a28bae2,
data/raw/realwaste-main/RealWaste/Metal/Metal_472.jpg,metal,0,58df7b3ef76f8779f1e6f567e0f9842ed5c4fd042efe1a1179a9f4c0ec5c115f,91611a6835ab0769b735c0807160a9151a0c27f81214e9f34a49ef32c98c816d,
data/raw/realwaste-main/RealWaste/Metal/Metal_473.jpg,metal,0,395c90f5dfacfc8d09b696fb44ae53eb30eea9516d171a457fe89165d25c98b0,4a36eb3725adbaf5ba8b05f2ada7ce7eb7ac557fc5aa23aed6ca6211103da4f9,
data/raw/realwaste-main/RealWaste/Metal/Metal_475.jpg,metal,0,57ae9f0d8eddd2f4c35740a7ec77520e06ad92c0f280f0b63a249d143b552da7,fe382930cc63367e3747600be42de70e7698dc28f19ae8721115690c70341824,
data/raw/realwaste-main/RealWaste/Metal/Metal_476.jpg,metal,0,9f276ed1945aa3f28f65b2f37facc31c400651940d6a3af6a70f0925b9ee700c,3ed288a5c70a41c2603d5d17b07820651239f14f295551eac413547f19e0e243,
data/raw/realwaste-main/RealWaste/Metal/Metal_477.jpg,metal,0,56d94b1a217aa5e17308337650fcda69df52d328db772593036b385d2fc2ab00,a751d632b7259db0a0964812205e2d5be4517fd6c9bf441dfb253d3c46e0113b,
data/raw/realwaste-main/RealWaste/Metal/Metal_478.jpg,metal,0,90f338ab1f7dbb8a0004f21c6f39484e31e2216fc46964dc501b69b1a4886865,74ff73a3aff6de40509846c140a8ce7c06f3f3b7353271482f14cb9bd50a8390,
data/raw/realwaste-main/RealWaste/Metal/Metal_479.jpg,metal,0,9d9b6edec99db098a38f17eaafd6f93387bd0ca3658497dd41a441af80978f92,c4ff141af9e21124cebe3e3c62fcd193864c7028a4b27af6e779f5527043f23f,
data/raw/realwaste-main/RealWaste/Metal/Metal_48.jpg,metal,0,fe45a5d3bed0bf31d92d9aa70fed376f72e7ea81e010376634913cab7fc1ca59,00ea1ac287de3e3874bb13c613f6fd70c2e27bfcd341977d5b19986f2db50698,
data/raw/realwaste-main/RealWaste/Metal/Metal_480.jpg,metal,0,8397ddaf04cd5b4c2a726fdcd8fc3dbec01e7af3211deb894d795d6703fbe3ce,28d6574b1f3209441432812f90e0cf16f360cf7565b006f1c6a77141ec3dd9a2,
data/raw/realwaste-main/RealWaste/Metal/Metal_481.jpg,metal,0,f570d0cf72f77660828364e900d886e18abbf811961bb72b1f70764c42b2d14d,79249b6c0b7d3005b7f3d745d998553663f79ad37dacc2fe713052ca7655b4f9,
data/raw/realwaste-main/RealWaste/Metal/Metal_482.jpg,metal,0,ed0b0406b725d12f75d0c340045712f19c17dd496f0e007ca58e6274a33c1996,cfdd78639931eb1521f0c989e22869f5b76c12048d1143e31cb9f84728f72da0,
data/raw/realwaste-main/RealWaste/Metal/Metal_483.jpg,metal,0,be714d5406eb6d69deb8f0c745548cc4eaf31c21a24734e48ece0401a4501654,477df18e056ac1d2da91ea77fdd5675989d5e47046e1fcbb759b35c7d4814d17,
data/raw/realwaste-main/RealWaste/Metal/Metal_484.jpg,metal,0,3124ea5ef66c9b52f6ead0c8aacf1507a8bb025adf62778035aded957cd6205e,7082aa06cb5c65184d6d1258fd83c75709d57a079ecc00d694955498b433cc4f,
data/raw/realwaste-main/RealWaste/Metal/Metal_485.jpg,metal,0,426480a430b46488a650d8745c0c2b2759ab99b97544eca96a9aec359e112dc8,3a0c0fb46300d2a21cb6a2a73b65114558eefb5ef59170b0aebb5a286e0e5440,
data/raw/realwaste-main/RealWaste/Metal/Metal_487.jpg,metal,0,1c0c5b652e59a86d53fd9f5b2719e8f649f4a5809fbfc072efe95150bae91210,405e3e0207478051d525b10f3774bcd2a893d74dbc4c971075150b4cc34cec77,
data/raw/realwaste-main/RealWaste/Metal/Metal_488.jpg,metal,0,39c9ac35adf39e8532900bd1c696307bbffc2e62bb23154907b1f5295c6347cc,614fb716ec9c4e93f9c76b1dfc4978987ffe1ca637bde3c39b0c1e135dcaf93b,
data/raw/realwaste-main/RealWaste/Metal/Metal_490.jpg,metal,0,1d6fba3734fe116dfc54c4e03b65f0775d950bde9074e3d99ab046f22ce08151,60143c563d9e780387ab1580923e4ec1991b475f4e9887dbb38e2442fdd4e777,
data/raw/realwaste-main/RealWaste/Metal/Metal_491.jpg,metal,0,222da399ee406e4bbc03cd0d21ce4bc62f5cf8b6b24b8ca90720547aba9ade7b,be6e570d16efbd397586e1fb394ba9f85877310b3a5b0f7eff6803e0f69ae4e4,
data/raw/realwaste-main/RealWaste/Metal/Metal_492.jpg,metal,0,a62112b726de0d11a9a3ac348b3ad7f0eb81d87f127219453d13472c2357ea0e,887a2fdf0b3002ef14bf6cca5ec979b1393f5b032ebe14dcd27033696be46d90,
data/raw/realwaste-main/RealWaste/Metal/Metal_493.jpg,metal,0,b3d50e109be241fdea938eda0d2a8f768bdb58ae41927c6aa83de64f80779813,f148794d28b0ca928de87bf8d32204d847068f6e608057c6db00fd55a1a967e6,
data/raw/realwaste-main/RealWaste/Metal/Metal_495.jpg,metal,0,3e2d611b4b8a49464b7d45e84213fe1efc926263e5fd46401bbcc1d20e24b221,76cc840a52885c0567a02c2c99abf45dc10ce25300671704bf829e3ed658657f,
data/raw/realwaste-main/RealWaste/Metal/Metal_496.jpg,metal,0,4e6f6b36befeac4338c6b589d6b90750e3ea7c94e76f2c231b3e6de68a2adaf6,0aacd28c55c0d379691724cbadc42be5bac66d3afff1541eacee038001f1144a,
data/raw/realwaste-main/RealWaste/Metal/Metal_497.jpg,metal,0,1d45f5d71a0d1d931725dad44b1fcb2a8b28317e15648379443082d9e96684a9,7fcb10f4868dc67be6071f91cf244279ea3037bbbe48ed241f5e010681f3a9fc,
data/raw/realwaste-main/RealWaste/Metal/Metal_498.jpg,metal,0,72c3714dbcb790eddd1e34d0895b29231346dc6a06826e32072dfde9f65ba3c7,06df5e44fa55f48e8adfe9b72085646b556dae1af4c32b364016ce58c95812c7,
data/raw/realwaste-main/RealWaste/Metal/Metal_499.jpg,metal,0,d0a086d49547841f9e89a5d8492eae7f7764678050adc14969e404b44c8e58cd,85f82b85f268d42d86eaa85e9e43288410bb63444d7b58e7ab3a2228dcb28dbf,
data/raw/realwaste-main/RealWaste/Metal/Metal_5.jpg,metal,0,4a44d3c704608eb7d2c48588b68a5240d09ed771e754a0b6e549e5d13f67576e,987e3382dac3c328cf78c4429872b4da958e7b96e6ebcfc49f1b6628128d844d,
data/raw/realwaste-main/RealWaste/Metal/Metal_500.jpg,metal,0,3af226f4877d2727de02913bee9fc4076682263f78a443122416009f52068d87,ddc5840b8df501f199b50c203ab583a5ee1beab025bd4c9faa3702a3738a4652,
data/raw/realwaste-main/RealWaste/Metal/Metal_501.jpg,metal,0,a95ee5388bef60c81ae65d6b2483c74bb8a619c61c2d287a25aafcc8b5445cd1,62d1deb64cd3f484306dde5924ca792a26913e393b77310c62642a99eed1444a,
data/raw/realwaste-main/RealWaste/Metal/Metal_503.jpg,metal,0,43d1eb59e928a71b5f0b1ed73dbab66e20356442ab13f376ce296986b81a4bec,76880d67bb505e91b249e4df9805196ed5a323eef519aea0534e09ce4825a6e1,
data/raw/realwaste-main/RealWaste/Metal/Metal_504.jpg,metal,0,f4e29fb2078e70d2053497a459f73701ecce7280bbaee531ec16a0c0cf35b3be,8b4a89e9fad3bcaa681a5abad0b3452e0e44314b398c54771365178445f24dcc,
data/raw/realwaste-main/RealWaste/Metal/Metal_505.jpg,metal,0,af6ea799a0cf9f9149b53a041ae8a46986132f49a06c63d27b7145543bee5887,1d94c27a862ccb38fd98441b975286f807d96dec18605c60f31f210f30f6a13f,
data/raw/realwaste-main/RealWaste/Metal/Metal_506.jpg,metal,0,a8c30d9c447f9a4f919ad7f3469230f7b6fd571951519d07ce76f7845bf70c15,9977e669a912e1478bfff6446167e2a194c31b1b6b8f0dde49a79e6e1f73852b,
data/raw/realwaste-main/RealWaste/Metal/Metal_507.jpg,metal,0,29b4684bdd9009118988ff8757fbfbf58ea093c936158a68ab838182b0855645,53a45400b71219f2dd5f0090b1b3566763d2e364a1dc2a23170d8ec91eb19d99,
data/raw/realwaste-main/RealWaste/Metal/Metal_508.jpg,metal,0,c740f103d4f0fbeaafd7198b2db50e37c4bbf51762973aea23b2ba0d28267899,3784ec0944532d1141bb172b915855ad09268f498d27416bb9ffcb56993e5a3d,
data/raw/realwaste-main/RealWaste/Metal/Metal_509.jpg,metal,0,7544c96f9a528630e533c3d37e420bc355eb431ace9df54a44c03e2465dc571e,433bb3d3923b5407436be9fa5c025e5677e001ba1406fe9d532e7764a0cf6d9b,
data/raw/realwaste-main/RealWaste/Metal/Metal_51.jpg,metal,0,78540d139af96d359ca07ec673c7b0799a3ff884074160f27ad90dd41c5f41e2,e6c2e950b333f7452b9b5fb906c9d9f11b5c7d66b22b054a5714a0e01bec12c7,
data/raw/realwaste-main/RealWaste/Metal/Metal_510.jpg,metal,0,dac99c47c107fbdd155c0f23583dab6658c9dc1c443017518ba339a6cdd123d7,42c982a08bf704401f013861c3bf81e05d59864c9a5f7ddee7c8306139be9a94,
data/raw/realwaste-main/RealWaste/Metal/Metal_511.jpg,metal,0,87d6b10d8f820f2edb613b17be09f064f6674f3441f917cb9d07a9db77599640,04674def9c7308fe3a5554c9e3dfd0783be6eba9a3628754f9d74cf30bdef93b,
data/raw/realwaste-main/RealWaste/Metal/Metal_513.jpg,metal,0,5d5dd81de9e4f83f5b017f3f36081519fdda60d0d58724a7a7011eaad50479a3,6ab0050cc3ac824f519178252184146f91469253f451a825be62ecd77de2507a,
data/raw/realwaste-main/RealWaste/Metal/Metal_514.jpg,metal,0,77a57654917bc8349cea602c384e335285cefef7eac8bccf57fec7238c277ab6,f9806a149e9d7db3f6bec4837afdd936365ac423787b45f371c2d3a378a55dc4,
data/raw/realwaste-main/RealWaste/Metal/Metal_516.jpg,metal,0,592c3222ca717e112a25ae6bf8d866b963f9051adf46b0ce548fe43ba510e8a5,5d76e3b1603190e56b21cff91fef4d5c742d628b05fb83f2f9473d319685ef9e,
data/raw/realwaste-main/RealWaste/Metal/Metal_518.jpg,metal,0,4f930afb28e3ccc61d23402979312a736be9981a307ed27d21e032da05b5214f,3619969a02d8f6697ab8f05221bcd403a7f04ad913850427ca91b1611247acc2,
data/raw/realwaste-main/RealWaste/Metal/Metal_519.jpg,metal,0,e0defbb4ebdcf2de853fe6928e1a2a65628ade28aad126b71f1cd22d3d8b4343,5c70123542897ff07f1854d50f5214ec213ec744e8d25791ebb1110a0859d90f,
data/raw/realwaste-main/RealWaste/Metal/Metal_52.jpg,metal,0,8fb5df271be8ab9350b5b51b6af4cc33cac3b75f2e4ee878bcc4841732d4402b,3efd813408ff90ddacd929a99cff9280a6a51968466002d0b95477db60563586,
data/raw/realwaste-main/RealWaste/Metal/Metal_520.jpg,metal,0,6b36e9764c782bc185da7ee12a5de098ee3a9a14b1c0cf542cd0cc3bb52327a0,a01db928e225fca5fa2b7c28d91288bf61c09e7f24aff6e2f0b88eb76d284c6a,
data/raw/realwaste-main/RealWaste/Metal/Metal_523.jpg,metal,0,9bd8d00e18e0a45274bed3d948bf2a362f360e54fe83d7da298b54073d778f36,31229213db6a3c0604ed4ffe2bf67b56ceff33273fce1815ad6d7a6e23f1a747,
data/raw/realwaste-main/RealWaste/Metal/Metal_524.jpg,metal,0,eaba9820f3ececdb83282c7c1bdbba9882e9393e8bafdd829d940592113ea4fc,b511bba2b938181e5d671e2ebe57b9c67e0d5d05aa51c2c9cd4c830850d504a2,
data/raw/realwaste-main/RealWaste/Metal/Metal_526.jpg,metal,0,0770ff574d707777317137475d183c4c7c3768981508c537c09546f09bd1d7b8,28352eb29f7c9578733cd4d1c6e44039b2e8c6b3061aa41f9b1dd3635c95526e,
data/raw/realwaste-main/RealWaste/Metal/Metal_527.jpg,metal,0,14b663fd24c82e23c98b23f24b630ba0a7e434408ef3b6572c060090f6406a20,7bbc65b066c9bbbad29dfefc7704399834d87931245327e5f54284024207505f,
data/raw/realwaste-main/RealWaste/Metal/Metal_528.jpg,metal,0,f8ad4ceba82a4e2589da02332b5b71d8c165dcf85c99659c64bfc908c0066993,324597d388ec28b6ef7593350b9be9369bffe3739cd9d332ae1b1a53fc40c09a,
data/raw/realwaste-main/RealWaste/Metal/Metal_529.jpg,metal,0,163f0720cf88ae95fb4adab94888100ef03d9245e4434f9818da1cc4dea8bdbe,709d174bd0c28d18b20ae19772f890ef72a87c8fe74efb199dc033666e77dc5e,
data/raw/realwaste-main/RealWaste/Metal/Metal_53.jpg,metal,0,219758004c55548b39a07bcd0caf776abcffa120a2319f4d0fc541da8ed4096f,18c02690032e5dac291a74d13749cdd6d583233f042cff1564e2a50813df4836,
data/raw/realwaste-main/RealWaste/Metal/Metal_531.jpg,metal,0,e0b0616fafd8d33f74eb44f40d303f7c7fd1b87aa1d97c615d78d9bfa062cf1f,95d35d2b57542978d10401782de0f766ef9c714e8ff54a8d9b212e02b63688b4,
data/raw/realwaste-main/RealWaste/Metal/Metal_532.jpg,metal,0,1728ffb59c4230d7477be7b1a5a7eab116cbf86d6ac9393396c9ee0e682ec853,c7e99488245ff3fd3f8d086555ea27212ad6644162f2094e00abb5df922f0cb7,
data/raw/realwaste-main/RealWaste/Metal/Metal_533.jpg,metal,0,16f09bb2d42e2119e105262d6913b00bd1f1f60929a35b3c2222e024c6cac49f,f3af54597947051ef29e6f5b6112167062afa73f9ec83e060e24f4e12ec6160f,
data/raw/realwaste-main/RealWaste/Metal/Metal_534.jpg,metal,0,8edea742db1d6daecc4e0c1ff8c75be525e3bb1be490eadbfa58c222c84ff27b,e105d99d10bcbda8d0f4429e220efb6540d888b321cf2ea1b55623212df924e2,
data/raw/realwaste-main/RealWaste/Metal/Metal_536.jpg,metal,0,761d2b3bf0b11e1e30a1b4dac9836b625300369267cd17f68d56f7a50ae2e986,c6f86aca9164048d5a3b1fbd2da15cd24cc274f52aa26bb280e7f6b896ac522f,
data/raw/realwaste-main/RealWaste/Metal/Metal_538.jpg,metal,0,0a249f0d6799361d82aef1281f16f4d41cf8ae1fc8e0a81c87ef3258cad88403,76a4ce4989b1bb6e283c250a7ad45012ee0e779903b2b9daebc725dca0f2aa7e,
data/raw/realwaste-main/RealWaste/Metal/Metal_539.jpg,metal,0,33688212562ec0381941e30aabee023cafa87fea1bf2fce8f7cc8f6b8f839fbe,75396d6640cf8f3ca7278ba9cfd013345125c091bf5ac2532c5e2753cf7146a6,
data/raw/realwaste-main/RealWaste/Metal/Metal_54.jpg,metal,0,18de0f13df3ce54246d81c9ddbcf995184f0385bcdcc44321688b54b5e73d18f,6ee08e64b923eed1a071b940e1ff759750b0c8dc88a4a2a6b8529da9396752af,
data/raw/realwaste-main/RealWaste/Metal/Metal_540.jpg,metal,0,a17762d331dd761b39391763d790db86955561c2fc0086d8cdf0e5a274b816cd,ad77a107e7ac6a1a4407961099fd9eebf8e27072b9ef096b964b7bca984392aa,
data/raw/realwaste-main/RealWaste/Metal/Metal_541.jpg,metal,0,7f87a857e15fdd5a4311dc6e3793b5bb8cfb5a077c8b432c0263ccd45dbfe2a7,d3a2f5399749f04f2c9b8ca37e44630924aea8341a8f5be85a96cfe64b2d3412,
data/raw/realwaste-main/RealWaste/Metal/Metal_542.jpg,metal,0,273687dac4f0821c1d81a7f68b3cb7dc6121932fd8b824857731ddb70551b45e,fb63f7b30da86a624a25c4086af975060d0f5a583520d59a2a97904f25f241ba,
data/raw/realwaste-main/RealWaste/Metal/Metal_543.jpg,metal,0,ce93fa9d47307d4ed4b522388939383d115e9261d292602fc51a54ae0f05870e,373de82c491fc76348ea4245c0e3323d0781c8cbc435defa936597e49d7c2d51,
data/raw/realwaste-main/RealWaste/Metal/Metal_544.jpg,metal,0,e1b44a636d87a36ff9cb9b68445979e6e29ff470ad5145971721a61e39c2f436,24b3e49fa1f0721552c4d66f56d189d166e83d27036e4e6b879c4ffc27b18465,
data/raw/realwaste-main/RealWaste/Metal/Metal_545.jpg,metal,0,37de6031db501d201c58b6095d344409ee49e2fa80b9f46e89dd92d3e244cea0,f1ab7fafb808551d0bb6d0f22ddae3ab48905ab9bf5ee5f940b7b87ac1532412,
data/raw/realwaste-main/RealWaste/Metal/Metal_546.jpg,metal,0,5a62f235308c44a28df965c06084fb1727f89c0eeb2ec7a8b12ee25094a028d8,a36e5b53176c81049aaf5eaa1c9781dce180640aedf8ab3b3511e40d0e7c2af9,
data/raw/realwaste-main/RealWaste/Metal/Metal_548.jpg,metal,0,0b6148c8a37753566c8d83081bc80463f1b9152364b8ffb223bfac0b52e96d28,2ab855179ff4bade5b5b793bba08ea69992dcef8c09fd6fe31377b721af03f7d,
data/raw/realwaste-main/RealWaste/Metal/Metal_549.jpg,metal,0,72a53451fc4d40cafe9cecb9da85ead61fe064ebbc6111e22b8cc0f17303ec94,719d8e8b75ccb2a5ef66239b4e527c6c67f9598205be85422c0175cc33565a2b,
data/raw/realwaste-main/RealWaste/Metal/Metal_550.jpg,metal,0,ffdb9348281e72c38db731203b1cea8d17ca3d6da0a19e5efbd9beebd4d8d6c6,4ce19844aa9fad8d0a6949be5d06a05db81747f441e8091b9c0419d967c165a4,
data/raw/realwaste-main/RealWaste/Metal/Metal_551.jpg,metal,0,4076e48f0b5710fdb2c6f1b60bd60ec0d9ac71b00f063d721cfe93ef280b654b,d50e3c76324b244922b01c5945b054f3ead3d5b03546cbfe8dad9e7a63547c3e,
data/raw/realwaste-main/RealWaste/Metal/Metal_552.jpg,metal,0,be4afa6e8de92180a664cc50615e317d530b422a75a9c113f91dc4915f5e70df,987573f7f01c3a891fae266ff07f346669b80e1ce9b8122e75fcc52e304fc449,
data/raw/realwaste-main/RealWaste/Metal/Metal_553.jpg,metal,0,ced1c166eda1d250e2426ee28dc11bb5a54719788cc85ed2fa21fae2b354d98f,249715b60685a9adbff7e0bab0ebaea961ccc9f8ed6ea9e6cba972a6bdc49ac0,
data/raw/realwaste-main/RealWaste/Metal/Metal_555.jpg,metal,0,9da54c6db98b26156ce06986cf67a3505ac34b5ea81754e868b372de2dfc7689,a45d4e666a3ae4f364ecbd06713c9602435280b973000bfe777f65ccc8961b16,
data/raw/realwaste-main/RealWaste/Metal/Metal_556.jpg,metal,0,2a3ad63c2313103100319090430f2ba67650c2ee5810026baac162065001697c,d85c88cd06535476bc635136a72da3a106d3a9cd9db0954b9040bcbe93910d96,
data/raw/realwaste-main/RealWaste/Metal/Metal_557.jpg,metal,0,3412a4ff5fb166b0e774e929dec5e99d2b6c07ec2c85223373373e13172a3be0,36f6b19a10c4ee92ce4ab946f2577817c1b107bfa13adc96a18f12dabf02e84b,
data/raw/realwaste-main/RealWaste/Metal/Metal_558.jpg,metal,0,da9ae99014fb2582528d182a6b06c224aa3dea60fd20cf8c120df1a64a70eb1e,bca494a3e6f998b0b6ed8bc7fab43ce90500fbb2c455413ede3121d4e5ba40e6,
data/raw/realwaste-main/RealWaste/Metal/Metal_559.jpg,metal,0,37b31834a4db3dd848ec5cd4439063fb52fc58a03f29778785121d9ed37661d2,f3b83440102219442dd9fa65fef27eb992a7e2d5259b66a01255b2fc70b5ad4a,
data/raw/realwaste-main/RealWaste/Metal/Metal_561.jpg,metal,0,b7341a20e0d2d63497f7279898737e744eca8e225d10c50cd9fbc265cc264c7b,9b4b424dcfa837e3e2ae10617a45f5e2b483b24d593d804f40370f5b2b9db45b,
data/raw/realwaste-main/RealWaste/Metal/Metal_562.jpg,metal,0,3d9bfb591ed05c4f0defa04f12e7f188e1a30d8bc6a9d8fa0761b573671eed16,cebae869dc18e63492d1b0f126b9b4efa639ffefa68605b3a794219c71dcc487,
data/raw/realwaste-main/RealWaste/Metal/Metal_563.jpg,metal,0,118271d38238472242c771358c14c483dc9f14c62676e54708919a5d94962c18,f1f04ef4cef4d455b7d4cb587f976433005b763edbfee570b939d01e13f56ab0,
data/raw/realwaste-main/RealWaste/Metal/Metal_564.jpg,metal,0,b13cfadc9b2a481386f4558ee19483be52cee543b41153ce9d9a2f328e725260,9e0cd42db322d23375f71068189301656303a6c473f0b90e94c1880472466724,
data/raw/realwaste-main/RealWaste/Metal/Metal_566.jpg,metal,0,79e51aab6daae91b2fe0b0506c3ffd40f0064d8431a61d10e030dab6b5b98827,2e49e28a97d464cd551f84f08921aebc107eaa7061e05f294ec04340070fd129,
data/raw/realwaste-main/RealWaste/Metal/Metal_568.jpg,metal,0,2b3dfb45e1cc52e2d4362c263441bd9026d8b4fc107ce79aafe56449586118cd,4c1f72b6ff635e6d300aced1f03f2d4e9924b146fabb2eaa97729ce4e33d154c,
data/raw/realwaste-main/RealWaste/Metal/Metal_57.jpg,metal,0,d31f5ae39642affdc2a4098c234da669fa7e129106176cd6d237bcc0c3c4975a,5086f7cf1a17b7df61f83a39fb056a0e96f316b5f9ddd55913d98f59f3558e37,
data/raw/realwaste-main/RealWaste/Metal/Metal_570.jpg,metal,0,b9d8105df567d0d9219eef06fdc2271a0442a807cc43a213ac5c08c5b090a3cf,487497ebcd4a80e4591d87931be0b83b9a090ce66bf699a5ee257cca1e89560f,
data/raw/realwaste-main/RealWaste/Metal/Metal_571.jpg,metal,0,f8f9b0f1cea95094bd9c693e1b2d5044169e59794f155fa6501797fe2b9954ae,b60ab4c868125fe041a9fbac323607b1c6a2dab8f5647a3ce2afaa97228240aa,
data/raw/realwaste-main/RealWaste/Metal/Metal_572.jpg,metal,0,c12f3c553b36dd4a3ebe0824954f42ed9a2b73f286e0bae981080d910559ba46,ed6fa9233de5e5e6d1c35ee620b99cce9ab8c41b05e7dcc6230aa6601ad4fbbf,
data/raw/realwaste-main/RealWaste/Metal/Metal_574.jpg,metal,0,9a0e0e58b6064845d6f82440f182c27bbbf4d623171e1662fc5d9ea37b7b11df,b57e2b67f4eeb3e49e4c9ebbe784957b614a0334cccfcfad898f99a836864ffa,
data/raw/realwaste-main/RealWaste/Metal/Metal_575.jpg,metal,0,939bd31955fee512c8d862678a5c0058bc0466dc0b7c58987367dc8d53529a1f,ee4cab076fe8a4ebe3b16bd2788495053fbe4967a74e0be66eab196f1a0c568c,
data/raw/realwaste-main/RealWaste/Metal/Metal_577.jpg,metal,0,a276bb62d5bf90b7edf61d1fd4961b00758c0916096c0b59fc9ecbb5797d5b22,daa2820349b94aa23a1fcd63d145cf5cf88a393ec878ce9c5403241a241f1b28,
data/raw/realwaste-main/RealWaste/Metal/Metal_578.jpg,metal,0,8cbb0f9109566356cb8aabca207b720e858685a8cda18868b9082212135e7685,77c9805f6f135f63e9e25cb3e80f21894b01c2009176a8872cbc7519185711c5,
data/raw/realwaste-main/RealWaste/Metal/Metal_579.jpg,metal,0,9082aecbf5ace7cb68af80aefa5f303f75f02d1c2b9692ff57b048c06e4429ac,f7447f53b2278d9e963138d6603af90b80e8128de3c464ccc655372dbdef24bf,
data/raw/realwaste-main/RealWaste/Metal/Metal_58.jpg,metal,0,d8c305ca3bb69a4e6d257c2f3f8375bac0d35dd88ad2bcccbf66cdef8ae9baac,166957b9a5549a7f42a9a2ef593b087de07056a685af3ed6db8f7ca885b19361,
data/raw/realwaste-main/RealWaste/Metal/Metal_580.jpg,metal,0,64c76b488df84e5c526acc7dfbca87f1dd1442be84264e3b8f9429f51f08cca7,67e445823b6cb3e2e2932349af00a8c05c60adc4e734eac0c4a8e06536fa4c27,
data/raw/realwaste-main/RealWaste/Metal/Metal_581.jpg,metal,0,57cadde25544be427b34033f5b2231ac0b32a09dd0624d77e144bf308c05818f,7d026e07bdc029a72db135883e9d8c4ae571fdf59c6e82db1aefcd2472c065fd,
data/raw/realwaste-main/RealWaste/Metal/Metal_582.jpg,metal,0,f43dc029d59d075dfa09120f86d4d1e4d3bf7f5b14dd208c85ad5d04437f1eed,d1b1475810141c9b25132f9bd93a887ed732d42162663fa0c63bf6ad6a0782da,
data/raw/realwaste-main/RealWaste/Metal/Metal_583.jpg,metal,0,2ccafefbe16769afbf775efba22e0e33f54ac63aa424225b230776e403c6e0ef,c76c36990cb3b898cf91644f9d19b7ba251a6702281c0d39949434e246e96044,
data/raw/realwaste-main/RealWaste/Metal/Metal_584.jpg,metal,0,a832028dec3e4668bd38dda48a9f6a5b8b782fef4907cdc56fbd7fe2027db290,f2beb6ae7cd4f5bccab49bc1fd587fb5b78af21f53ccc175bbbde81e0a1f4bb0,
data/raw/realwaste-main/RealWaste/Metal/Metal_585.jpg,metal,0,0a15becbfee45dc821ff45e3184d84f5b2297cecdc8866f49aa2ee8d1f6622a8,e05c560202ad5eb28d9ae666a760282cb4a30edd880b0d0b5f41a020b2bbb3a8,
data/raw/realwaste-main/RealWaste/Metal/Metal_588.jpg,metal,0,acf50a270bb1c03600f3ecfa667781e8c2e4f5a58d267109e446f7be9e071806,343e33eed09ab91f94341c1758ba2730f76a80e821d5daf35d3553ddec37ef4b,
data/raw/realwaste-main/RealWaste/Metal/Metal_59.jpg,metal,0,786bd8bb94854856a9db1a4433843fc72ed34022e11c7a7e2248c3f055c346ab,fdfc3ac4335332f21c172974e401e21660eecbc1d4971b227b233ca2c59eba2c,
data/raw/realwaste-main/RealWaste/Metal/Metal_592.jpg,metal,0,3023784b6b249487867d96521d2505a629263326733db5f365bd06732e1ba872,e10135d2748ac0dea8498e56a182d6ff0a6e0c84da27efb2530e273430a0e83a,
data/raw/realwaste-main/RealWaste/Metal/Metal_593.jpg,metal,0,31a1e60488a74046d29b8507e51c75e037bd5b64d2580ca846ed5286df074628,172284e67a46717c8ab2148582ce6c75a6e51d3f79c4444f6cbc4f191f066442,
data/raw/realwaste-main/RealWaste/Metal/Metal_595.jpg,metal,0,8aadeff4f575cd6ae8c2d36e4b14a0be74038cc19531ecb9cfa885a6604cb81d,cf17355085265954378689a401f088010586aba5a53565e1e196b49870956c63,
data/raw/realwaste-main/RealWaste/Metal/Metal_598.jpg,metal,0,8e0b238ce4093c6d37a24532cfc25e1995c34017212304d85bf39999087b4d5b,66b5d98c7372227dd84ca70f5b5e5c1985002ea9de15f7b228cb8d8d7fce21e5,
data/raw/realwaste-main/RealWaste/Metal/Metal_599.jpg,metal,0,41a9a9fd3cb10c800432f3290b2acd3910405cc0a570b204154dfd5c126d984f,31fdfc9d9db8f3fe562703cf97c73fa34c63918ae4e37f66f1046291b78b9a70,
data/raw/realwaste-main/RealWaste/Metal/Metal_6.jpg,metal,0,8838aa119ed5d317a25f45b62d2eb8cffc134a5a9461cb4023fcc051d7bdea74,9d0bc2b9243fe8c3ffeafa2e39d0c1472c617ce19cd729e22e4897f9b9f57ebd,
data/raw/realwaste-main/RealWaste/Metal/Metal_60.jpg,metal,0,9e7e14f41979a99b695ed3c53aafbc892cab3c01ec1a2b9d7decc9d0714e4ad5,5bdcb085ea912228d1da22ccbd3204fec9877d82c4642e7a878b8e6ab4f93a20,
data/raw/realwaste-main/RealWaste/Metal/Metal_600.jpg,metal,0,6b7eb5c5018742a3e63532d224742ea906dc6f829596c94ad7800abd4800895e,d952f5928e867684dc57684ff64826dae7af809704d802f2a820d0e6cbab23e8,
data/raw/realwaste-main/RealWaste/Metal/Metal_602.jpg,metal,0,c63e816610f3b112d3a75b02fac0ee9a8f2d2ab09ed4031a9e23ae09e755ba4a,6709c628f4b97cc43852c703c055f626f8a267b8a796d7d2b54d2f5cd4b75091,
data/raw/realwaste-main/RealWaste/Metal/Metal_603.jpg,metal,0,395d0adf1e42829271622e718f2cf038c54e132607fbb8bc2cb0f84b4dd696a2,04e9d81a34e08f049b53483ff5e77ea618ac5eb83f24ddead591edda5564e49c,
data/raw/realwaste-main/RealWaste/Metal/Metal_604.jpg,metal,0,f214ccfc4eefa07de867b090eb42f10f16a3f087f3089c83d4422d58ccbb6a06,9f28073b16da02de635ce261cec1f11a9a5f6475ef7a601f1d17f2bef4e99575,
data/raw/realwaste-main/RealWaste/Metal/Metal_606.jpg,metal,0,766e615e1b5fe9dfdcce11220de46e644f6f73f8ed71053ea44e30c7cf1fb035,feff15e1cb253d5094620311219d72cc485f8e85f85036f2f1d9eefbe9094425,
data/raw/realwaste-main/RealWaste/Metal/Metal_607.jpg,metal,0,99fb088c92f54ec973a96345c37d23b79984fb4b1ebea712540045fb0b141edb,265b0dbe77ffb1bfb9a6e3708a71d11126866dd683237d3a5b1a6ff32fe9a59d,
data/raw/realwaste-main/RealWaste/Metal/Metal_610.jpg,metal,0,cafa545da70681ac10132d3fe3e8cbaa6813d86baa57521b97f9191b77129221,ec2d24f05ce31a8add68cb231d315a998740a308a3316f9552ea193fb391c7ef,
data/raw/realwaste-main/RealWaste/Metal/Metal_611.jpg,metal,0,7a593baf400e555d26a5b39f67b811cd330afb3542bde45775a65ee22f2a21c9,6dd2c1941d3e03eb6ee56c86c2e6795b7e57a23eb706b551469237c90fd05f14,
data/raw/realwaste-main/RealWaste/Metal/Metal_613.jpg,metal,0,842a81fb98cb717eaa542fbc9638b256d5e132f2b0d5b8905bb3ea69d49e7bb1,c8407315870ad1fefa40c83794f87fce74fcdfd8e26a2037ce893b6b916842b9,
data/raw/realwaste-main/RealWaste/Metal/Metal_615.jpg,metal,0,423836a3745b2af24d782af8592c00956290e9be8f1fc88e55fba80b027e2534,305f00888fd7f9df74105edcba2e4a8843ea6fab0a79f8abe00f41adc38ce9bb,
data/raw/realwaste-main/RealWaste/Metal/Metal_617.jpg,metal,0,1cabc2d682b00a9ebd83ca91d1eddf7349ec8c57fe4cc86d3c9c6cb63f74a8ed,1beeeb77788e9a6cccabe3f738f4378ec61e8a32a49a65ae51bcf38e9032b02f,
data/raw/realwaste-main/RealWaste/Metal/Metal_618.jpg,metal,0,b66724868f795e93b818368bcf7974a91e19094b29759d0edbb2150fa0546ff6,c1511f1aa2863b979429215931cdb15b6465ee43007207f958834a4e4d230fc1,
data/raw/realwaste-main/RealWaste/Metal/Metal_619.jpg,metal,0,fb4058360f28b6c2032c8a6173eab9593d2f86860d19df51c78af6b4b34ea219,80ff55028140347461010340f42209481b52ee37e00231c43b5d3991ef1713b0,
data/raw/realwaste-main/RealWaste/Metal/Metal_62.jpg,metal,0,c851b0fdbd53e131ece5ae57499842b1dfd87eabe2f6edff81ec7cb05cd779e1,6537c6ff20df1d2d60f2ebd6ccbf0cfa79692416b3d6678c52ae895033890c30,
data/raw/realwaste-main/RealWaste/Metal/Metal_620.jpg,metal,0,0eb04236463dab16333471ad0642c87bddd3320b1a08f78aff807944ea73894c,4b34265218096b31787fd605c1698f3b4eb6e56d785bb1ac6f1871e10aec4510,
data/raw/realwaste-main/RealWaste/Metal/Metal_622.jpg,metal,0,6b0c6a2be2a6cbed22be247ee4b5f1a23de486416b58ce7406c4874a869d52c0,0bfd122fb60fff0c0dfbf426a5c626214f866f2c201dfbbb95e1a1a2e6bfeb88,
data/raw/realwaste-main/RealWaste/Metal/Metal_623.jpg,metal,0,7cef3922e63c2e84180d1e6e1529a908309a4b6b644038b005b1e970bcb2446e,7eb00ea4e825384b8fab3e6d5bd106cc8fc65fd73b4517b61219071ea4c098cc,
data/raw/realwaste-main/RealWaste/Metal/Metal_624.jpg,metal,0,4e79d0ad68600499c88e4f99565fac65d7b65bcae1c40e20af4e97ea2657620e,94713cc055e5aa513986577bf4f8be16b43c234a5d3f615b6540cb80347220c3,
data/raw/realwaste-main/RealWaste/Metal/Metal_625.jpg,metal,0,8ac5009206ae81aad496e345343dbc3938c338fc796c337f6cf7eaa99ba3a655,d8d5065f21f2727decd34f6454ee79f60ee7fa1bf7384900f6b4aa75e0eb70b6,
data/raw/realwaste-main/RealWaste/Metal/Metal_626.jpg,metal,0,05217e76494eae066309b24ccd9b7d3be5696f6f93370b6b803ebf7b17666ae4,df5be8aa3f65ce3e1c1485782544b1ebc3d34751066e2bf3d079385c1ad09c77,
data/raw/realwaste-main/RealWaste/Metal/Metal_627.jpg,metal,0,fc430809d12a5d9f96e3ed8891b113db260d3ea269cb668c6e0e062c083f785c,7443dfa90d20a265679a605a3879bacf504dd0897d7f1509ace9e0d24a4c81aa,
data/raw/realwaste-main/RealWaste/Metal/Metal_628.jpg,metal,0,f80bb09059e18ca36e2b10a8d38f52d3e12061f492fb057ee9a93abada3c307d,5fcd33aa13e88b8a844809582d356da1ab8b79594a3289dd92e3144d19a90ef8,
data/raw/realwaste-main/RealWaste/Metal/Metal_629.jpg,metal,0,5c98ba10a03672b9c5bbc954641c69d49550ceaffe1c06e4e46ace4efa0de5c1,76680037160fa4a55f2df0c535084d5772dd2b2b5b0254b1e732046d82b23243,
data/raw/realwaste-main/RealWaste/Metal/Metal_63.jpg,metal,0,409a41a0c77a122489e141162c4d77686f5efba701ebb366a9a78c734e31f093,ea821395dd02c55988b3f2e08c5ad070e757c3d5d17636d5e2126e7234468502,
data/raw/realwaste-main/RealWaste/Metal/Metal_632.jpg,metal,0,6502c539ce60fc1f235ecb9acf413492d08284392e1b1b19aeb47e4a615a96ae,e5e5e58c6c4429d72818169f922b653a1647f5c65fa97fd7e58c617ac9126995,
data/raw/realwaste-main/RealWaste/Metal/Metal_633.jpg,metal,0,d31bf555458ce767dd7b243b572e097662095e195b87b40d73eb196e21a770c1,580a585c7e599b9e7525cd22dc4b627360d6fcab1a31ab18940fbb03b340e3f6,
data/raw/realwaste-main/RealWaste/Metal/Metal_634.jpg,metal,0,e6f6a6b021ee2aef4944b6489ef0ae11971f3dbea6796aa3f4e875e94a83b041,d9599cbe0073dd57e9fe470bd6e55921bd4ef3558694df75528e051bbd5767bd,
data/raw/realwaste-main/RealWaste/Metal/Metal_635.jpg,metal,0,4f4ef56f0650af12d53daa10534eb70831990497dfec6b96ccf342397ac01204,79842cbf0b607269b5b990607e9e75c907dc8a07c7c78f4d7579a6fe3fcb23a8,
data/raw/realwaste-main/RealWaste/Metal/Metal_636.jpg,metal,0,8d9967e359a7000f37b46d682e7c1aa71e5d73cc981e15e8a158f382da5456f4,7db46226bf209f13565ac733643eaece5e08c74241b851f2bc68569a3ae80fb9,
data/raw/realwaste-main/RealWaste/Metal/Metal_639.jpg,metal,0,e08d55d6300f6a2e6d8f64de4c2f4a6682b673c44272560efbc44c01c539f2b7,572c8c38a00d0e9b438813ff408652577c48061532a5411241bc912949ebf59b,
data/raw/realwaste-main/RealWaste/Metal/Metal_64.jpg,metal,0,d9bcca4550e436651ac63d031b990a7a7491ce1d5ff453f04426e22407add413,f5b64e7e7a4ad1d0969b098c044ca14f20f483f81d3b0a2da043a06dc461b137,
data/raw/realwaste-main/RealWaste/Metal/Metal_640.jpg,metal,0,6d8f85b15eb4f997a698f29838e0d02d57fbd0cff4550ac95e9d3e39f3c984b4,759db2330bf121131a34bee69dea34b581b776685e394039275f5c3c07a0037c,
data/raw/realwaste-main/RealWaste/Metal/Metal_644.jpg,metal,0,a1a1b1b1d4605fbef845c6082e4901a89cf87b6595bfd5ed058f023cf4727d6d,5d652a319c4b068ab18e9e63e0cdbdb48aeeabd0d1476edd35a71f77618fb547,
data/raw/realwaste-main/RealWaste/Metal/Metal_645.jpg,metal,0,c84af174b0fda73948decb71bb5f8d014b1d7bfdfb911057614baab6b933ae2e,027b2fc566adf387e2757f387d8f9ee0f4ddc456ad1ef043b9f36017b40aed68,
data/raw/realwaste-main/RealWaste/Metal/Metal_646.jpg,metal,0,03fe93003793714929039021ece31e5299c247bdeca712cbd46a628c562d010d,99ceef996ad54ffb0b943efe5d65f36c70aa0d31cb305e8b5c9a8ba6b1295478,
data/raw/realwaste-main/RealWaste/Metal/Metal_647.jpg,metal,0,e7a7a8e8b7498651377aee765a55667a0572b8af0a1b1a1dc2b89af4379831d7,5c2969b50be57ff506958d1e20f3b717891ce2871db527f0d011e3336df578c6,
data/raw/realwaste-main/RealWaste/Metal/Metal_648.jpg,metal,0,03e4ccf94e57655cb0e30239f05a4763e01777a65908111a4e8dd21769837511,676e8f328e596999d2185cbe8d2622428330fdae39eb02ab62a82e2a1548ea5a,
data/raw/realwaste-main/RealWaste/Metal/Metal_65.jpg,metal,0,14855840dbf1fa98fb59ad931e747fbed2d97a771e95a8296d3d180e08331859,224b092e86dbcd9cdf865dd738141574cdf5610209a17ad51b5065b2f000e587,
data/raw/realwaste-main/RealWaste/Metal/Metal_650.jpg,metal,0,281b5f521bb55ed8db08bf08452998b04f724327c6eef3e5f84c73a6f9d441e0,bea8589cc23b897bce77a80b2bad017cdb8d25cb1382e931af3cb02ce847bcd4,
data/raw/realwaste-main/RealWaste/Metal/Metal_652.jpg,metal,0,8e2dcbb72bd7067fc690a6201654b5417ff83bc922151a44e7bf16f3f0c33acd,c323c872324cdf65eb422cd05d521a69a42c4f9806f8b195b1e06575c48088a7,
data/raw/realwaste-main/RealWaste/Metal/Metal_653.jpg,metal,0,bf60a6e878bdb03b1e026b15133b13631c1c9a3a224cdf8c69eeee8f53c415a7,f52335fa0275575430013237e12ef4e52220154e7714dd397a872862a70df30b,
data/raw/realwaste-main/RealWaste/Metal/Metal_655.jpg,metal,0,498b5c50fa57eb342d764bdeae018b17cf10657eb10f797c4bef768ea2ed6980,9b6a0dd3455e26db224c72969105a78287bd14455f7422a84b5c682c181db7af,
data/raw/realwaste-main/RealWaste/Metal/Metal_657.jpg,metal,0,892e791e28eb8e559eeec9768af90c2efa3ca648a4372f8482c4f66e54b12b16,45f0370a63546ce3a229510b0649fdae2f09a73d3cd9898221be2bf5b8b31dd3,
data/raw/realwaste-main/RealWaste/Metal/Metal_659.jpg,metal,0,33d2c7cfe5add39d4d73150c9520b326699ee3818eada911b5ad60254af6c5b1,f2f40e8c964f9e57dd7250324fe1500c700a18d2429829b2302fe11319d8dffb,
data/raw/realwaste-main/RealWaste/Metal/Metal_66.jpg,metal,0,d66df814c9f832bb05684ddcd9fe2d487d2be5bc4f2f4dfd1cc2ea1de3160b03,5c660311ea90cb9da0a68472c7d8bfb4660dad41f4af441f686560c72a768922,
data/raw/realwaste-main/RealWaste/Metal/Metal_661.jpg,metal,0,a5a882c7a58bbc565f153721a88609c8b551262b5db0fd2c7011e1d1e64ffc5f,998dfb481dc9d81668606e2890d0db6aa54b74d217cf39604d5c6a1b6932f88d,
data/raw/realwaste-main/RealWaste/Metal/Metal_662.jpg,metal,0,538208cb0eb2d6e9f8780e3029f6212e373a2ff278a05d4e147b58a1ff911023,9be366ffd5dfc724a2a7832b5f65628d841391b0a74f73f820bf0d2c48f8208a,
data/raw/realwaste-main/RealWaste/Metal/Metal_664.jpg,metal,0,dd0162ad8e2494f019971655f723707c7f96a153e7e290b2c841f08138fe593d,f33d9e7d7367ffd60844cea39d57bc64d10a8965fef83f20a4654af362c4df99,
data/raw/realwaste-main/RealWaste/Metal/Metal_665.jpg,metal,0,411ef1efed11879cfe078c8d7cef138606d0dcc5309c48f03839c8cf8b7e4749,7e91ccca9a80a0a3fe39d09096436683f58a0e58accf6cb7a352c34465e04e68,
data/raw/realwaste-main/RealWaste/Metal/Metal_666.jpg,metal,0,0c00a8bf4397d582792c21114fd254fd54cd0cd47017b8ce91dad249fb4d13b6,c741f699244067b65618d76dc5e749034ca03e9fd8fc89625a7a1f1a711ecc39,
data/raw/realwaste-main/RealWaste/Metal/Metal_667.jpg,metal,0,a3ada6d59e4cd0475a3f2f1a3696d578cf2619ce414266a7c3388926cfcd0d0b,b8ff429e7b7bb1467dc2a07fa4b816dc8af5950ba4485281829e5715115c481a,
data/raw/realwaste-main/RealWaste/Metal/Metal_668.jpg,metal,0,01c3dbd8229c6df89cdcc506ccc0f17618a544db2869c4c9821275987fa25473,15266ab3437d702fd69473da77b393d223f5b6b34b1eb759a77a7fa283ddf149,
data/raw/realwaste-main/RealWaste/Metal/Metal_669.jpg,metal,0,c84dfa81568a88187179a82d3724406b9580c87ef741cd8ff41a0e02718b9454,905a764d845e912b48842372acbfd2c7a37ccc50cbe708bc8bde02a0c09c3e69,
data/raw/realwaste-main/RealWaste/Metal/Metal_670.jpg,metal,0,4ae42f2172c3ca63987060d1ce8de9f8786090041752a4afc36ccee67d82fc0e,d1d1915fc37fa57729546c3cc07a798150a0b006ee3dc103109ce9a1391f724e,
data/raw/realwaste-main/RealWaste/Metal/Metal_672.jpg,metal,0,69531c6ca0b3dc5d16243d7a3c96b2bfa5a8f13f32d3102547ef95ef7cf2672c,6a3552df09b4bc09e8956aef830f4ad161722f50b62649bfb68ca702331316fe,
data/raw/realwaste-main/RealWaste/Metal/Metal_673.jpg,metal,0,a2e8bdc0c3c16645924ddee93253be761fff4c02643c4d04330eb650075ea748,4ad2d210ad42fa5382df980338a6deba141ab17803462a67826eb705de09d7e2,
data/raw/realwaste-main/RealWaste/Metal/Metal_674.jpg,metal,0,71aad7f6c09e068c3385454f1de531a07d3bac3867fe647828a1b737d76463c2,be711f11dc2f3d7010901e5b2467ae57747ef3c1ff09c4cb4ef6eb8c08873c7b,
data/raw/realwaste-main/RealWaste/Metal/Metal_675.jpg,metal,0,8d80f2dd58f1da0ffd8f310d33ed77d843766b2e4ba2b7739a5fce0d95c6481d,9a2bef08b13d6f81ab80ecc855ced8347899ce444e0f380c30fc23a564f5958b,
data/raw/realwaste-main/RealWaste/Metal/Metal_676.jpg,metal,0,5b1f993c327ed421e36251bb6a652592f559013e7691ebb674a448a5149ceaee,3cfbb0cfad6bafec6c8fa05e8897fd44acd23ec96f7190c7cb751c1fcfa8da89,
data/raw/realwaste-main/RealWaste/Metal/Metal_677.jpg,metal,0,658ff59db22622525a0bceab3c62bd227fedfe57a5cda7ab9cef93b481e6333c,44a5fc1766f43715b28918ad4a635eca4510deafca75393673875b43c73fc8a9,
data/raw/realwaste-main/RealWaste/Metal/Metal_68.jpg,metal,0,f7c888a7cfbcda5af384db7d1e342201afcf6f65723d6ae600a1c33cf6fe0909,0047c0462aad87d8a0023ba8b37bb2e6dceb171094f0d724642668fb3c8d1edf,
data/raw/realwaste-main/RealWaste/Metal/Metal_680.jpg,metal,0,a65558153672fdbdc3148a765bb3b52e4cc86b70b6d93ff687e541b87482505a,fa0a5d0ce9d74953eb20c1314b85803a1108a4e32c38dbbfe00955f68a82a948,
data/raw/realwaste-main/RealWaste/Metal/Metal_681.jpg,metal,0,c052efb971d20df001176446ad3adeccc5b5673eafcf6008bfe27d026ba1423c,01e2f51c0d5a3cb1d22ee21e8359b6a0130e9efa333286e9e7c1c05847d6b5e8,
data/raw/realwaste-main/RealWaste/Metal/Metal_682.jpg,metal,0,9fdaba0233d02638b88e892ce7d0e36a096413e6543d533840cb2a3426b57342,8b62ab54becc4838f1cf31dd6e4e4dda9bf0ae1cf9f56f603d209378e43d538f,
data/raw/realwaste-main/RealWaste/Metal/Metal_686.jpg,metal,0,df1544247e7bbb42bd2f1b54cd7676d9a1904fa97a980be3c29e7e6120da2bbe,64490e273c08c614e7b86b90fcaa7dbbeea0858480bb44ab112b609a1409e503,
data/raw/realwaste-main/RealWaste/Metal/Metal_687.jpg,metal,0,0d63ff3f50a32a7eaea4ecc8025e8cc3a5fe5d6b55bbfd523468dbb178cfe644,ae83b8fd9533d2508fd19fa4706261bdaf593b130dd788ebe273ed44b00d35eb,
data/raw/realwaste-main/RealWaste/Metal/Metal_690.jpg,metal,0,27d3981e9e7b74192f53b2f258420b9fc7fe11da144d6d0cfccadc30ec7e4ca7,7951aa4a80c9104a18b6c8da2192363422f06c68c171f8a9ef4a609af8616627,
data/raw/realwaste-main/RealWaste/Metal/Metal_691.jpg,metal,0,a6703df26df5e2018dce9fb656f95465acdfc3de0574963b6f8e1c3af12a7b3c,58d940758fbf095623d01361f8811f0b7279eef9566be0d8f7cc6d04fad54570,
data/raw/realwaste-main/RealWaste/Metal/Metal_693.jpg,metal,0,e2c1503a7c4cc88da8f26f1869567719c8814fb15128ea19f720a6938ca4aaaa,df39b012091b885ccfbd4f1148132ff0c9c190feb0fa00331d37e0bc586b2524,
data/raw/realwaste-main/RealWaste/Metal/Metal_694.jpg,metal,0,e9c1c5fec527a00f6b28f87cb6a85eaca8cdd23f75744d3b2eff6b2fb4913409,15ac7f2a2aa364eaa6dada8bbb1843fef19c9e521a21a1c8b80364b790696cbe,
data/raw/realwaste-main/RealWaste/Metal/Metal_695.jpg,metal,0,0829ecbf8f7e418b9acaf79cd91fe50ee2f766f61b1c7aa5c16f655578e6c313,3bed68ffefa02bc50caa160de81974788857d4abb8c1dc55fafcf385a3e6ed92,
data/raw/realwaste-main/RealWaste/Metal/Metal_698.jpg,metal,0,00ff09be0b379d437bd566f4699cb8b1ba2abdd8d36657505103b6c927ea9b3b,d729cff0656086735a6ae48ea7cb35079f9e58a6a2a1260d866f532645f153c1,
data/raw/realwaste-main/RealWaste/Metal/Metal_70.jpg,metal,0,c7e3f20fe61ccbe01e1c6b731908bc903935d603d11b310d9fb2d309549b42be,3fe2aaf5c07b579450db5a79e69dd73fd4927f48666c2d5ab66dfad9eb44d126,
data/raw/realwaste-main/RealWaste/Metal/Metal_700.jpg,metal,0,09f338ab40242dc8e6c7ed440fee3cc1e83b2e5e8e40a19813478835f75ad184,54d87614eb70b24f343e689931e92b2e22180a0fe8da849db5e16cda86b8d4c0,
data/raw/realwaste-main/RealWaste/Metal/Metal_701.jpg,metal,0,64bd42f8896cd75e4ef661ea0ff6c9cb0f4a043c335ef442139c1c16961bca43,77e9ff055edc03db0432e890375eea2a6d38aded7ebed14339a239bccc970720,
data/raw/realwaste-main/RealWaste/Metal/Metal_702.jpg,metal,0,cffce8f8a996070adccaf4ca057634e89273d677677d608fc3c0b0077db42f17,d2b323b0276ff15cde05244448f9bf478bf1aab2d30e357245c0bbf1f7abfec4,
data/raw/realwaste-main/RealWaste/Metal/Metal_704.jpg,metal,0,e14415571d0e99984a5d7f8204063e31a567fd35b13bd21d6c33b5dc46f68fee,96220087fc88aa21b618de45f681da7c794e26f486afe5f343342ad9b6b44698,
data/raw/realwaste-main/RealWaste/Metal/Metal_705.jpg,metal,0,7527008f306dd2e5afb93c574388ac14b6f83dd9c6a41aa9898f9ab59704ad91,69903ec51c488f941615b527031286c68a5172f25ae4d244144c640afc8f8572,
data/raw/realwaste-main/RealWaste/Metal/Metal_706.jpg,metal,0,497633e46297c82a2527ee3f9e0942485278a55469030d9cad1451d09df4238b,aec71d47484ed738ef179308fbaef3beec1c5e9f1bafbb38217a85eaed7b26e0,
data/raw/realwaste-main/RealWaste/Metal/Metal_707.jpg,metal,0,b647d1335988e47eec9593e5b3037c0bad1e190052837bf85dd88e0c2b766815,fa9275d884b63b3af7b6f28e8bcc303620924b09a0970ee0c8f5676cd58996b8,
data/raw/realwaste-main/RealWaste/Metal/Metal_708.jpg,metal,0,71d0c4e5fc97c62ab4e6a067d610566e543605c22c3525b9aa705076b3cbb0d2,421d5b61ab14376143169c8ea43156a463825de75cf4c1990c970dacab728aaa,
data/raw/realwaste-main/RealWaste/Metal/Metal_71.jpg,metal,0,c1184601add7690d45381f3b9cb5542a6964b4d36e36e388000447eb6ab586f2,0a36952d2991577c5a9eca0b49df5c0878a7c53382578c3c41df7212cda23ae8,
data/raw/realwaste-main/RealWaste/Metal/Metal_710.jpg,metal,0,4f3813942459a64784418020e54dce6c4bfda47c36e6db2c4d4caefe96acd66b,e8930b7e100d7b115e11a845e61f67cbbc2ac2a00637e0f84f99e40a9a19b44d,
data/raw/realwaste-main/RealWaste/Metal/Metal_713.jpg,metal,0,bdb25679bb70815ff27c2e74d2d1918be877117b6ad67409d38367507f178272,18ac20093bd59eb20e8179580f36947f865822adc18f2a66c2fd9c92cab4c57e,
data/raw/realwaste-main/RealWaste/Metal/Metal_714.jpg,metal,0,01d0680b8dfbfbc1721b07bbcf4c1ba6e64947052ba5584d837c220d4885c745,3a9e5a72cc7b2f9fa19576aafdb040e8696da4f35a1021c68b4bb658d2e92739,
data/raw/realwaste-main/RealWaste/Metal/Metal_715.jpg,metal,0,e56b87c6558d5f124e388cc7b7e133856d234ff1ac6c7de5cfd7f059fb1ceb46,e9754bcbe1e9923de4fdce4c3a5ae9a336c92fedfbbd68a685b75e0e306215c4,
data/raw/realwaste-main/RealWaste/Metal/Metal_716.jpg,metal,0,d659739edeae53dde8006eee2c71a026c7283b2ca8a66e2247efaefe84a811ed,c4f59bb3b95348751dd02ebfe754193c6a58ce435ca2a89f4ac7f31899fd6bf7,
data/raw/realwaste-main/RealWaste/Metal/Metal_719.jpg,metal,0,1ab6680c893529e25dc3c43d2c3c1d7c5053bf1b86a2c55d3d239e19ecb92f78,a5dfbb420a510f660b542519a9b80182aed4318b99189a8b8854e9c5dd451c81,
data/raw/realwaste-main/RealWaste/Metal/Metal_72.jpg,metal,0,aa77e58ae1dfdc2534cf09dbdea57940b3faebd44f4a84090a209d2aee21b5e4,7a20a47e25f6b23ef988046081b483b064fe0516adfff8850b3e797607497c43,
data/raw/realwaste-main/RealWaste/Metal/Metal_721.jpg,metal,0,1804b1c8dfc58f74b6054cc3df3c663daa04c25527aebf26cebaaa356329b07c,a3d3354a7af36f124f1277c2ff0f4df3fc7b04beb3788093e5004fa6a0cd64c3,
data/raw/realwaste-main/RealWaste/Metal/Metal_723.jpg,metal,0,e3af60f3ade784425b2c85c3b8242dae83d24e008bed4f45eed6c5a05f5ad2c9,0dcdbf2fcdf0a1069ab4e615f646ac7630b3c032cebe66a5c66167071f9229d2,
data/raw/realwaste-main/RealWaste/Metal/Metal_724.jpg,metal,0,65091f64c5e61089158a5e148572fa3725952971802d4f3ed7a5e6018e7826bc,679d6fedb918d4fe38a65d757936280400930aca32c6a6d7a0ebf2f37187da60,
data/raw/realwaste-main/RealWaste/Metal/Metal_725.jpg,metal,0,c6cc1097186a75d1bb2725e268448dbf52d987936d20c87999d5b0447cb9a4d7,eb3445c2e27af1a729c2bc3bb6a795bfe2eede761d5ce9efda194eb48215a642,
data/raw/realwaste-main/RealWaste/Metal/Metal_726.jpg,metal,0,c2ae89ead9e34bd313582fffc7ea8f9da1f64e1228b5bbcf02fe05c43db0c28c,0897f03d9f9feb57138f28b3a977c73d1239fa84ac1c3a761a1b9c4ff486f4d1,
data/raw/realwaste-main/RealWaste/Metal/Metal_727.jpg,metal,0,8ce55c9eb7be3bf606045fcc7ef982b36ff7a9b11de67e6618131b8b8aa618ec,9ed4c74aa0e73872d47d9db32d372f56022bf874f703bdebb2d71f0f9c84db76,
data/raw/realwaste-main/RealWaste/Metal/Metal_728.jpg,metal,0,ae203347c38a223e7e5815c1ec998d6c0b8463438c566dd3df4e92e6a5627746,886137686db499bf4cb40196e07001eef6080ada6fcc48016f9b7efb84b0138f,
data/raw/realwaste-main/RealWaste/Metal/Metal_73.jpg,metal,0,612ef2df89abb1afafb38e09ee0878fef46e9941731d7c67a2b8dfe73710eb84,c6f6b650991a106cc4ca321bff9109a2fce985ad3cc0887fc192b46f38c997ce,
data/raw/realwaste-main/RealWaste/Metal/Metal_730.jpg,metal,0,b816df6d1f3e874dfb915fe479b66c11c3fc72a0d07fde88fe5a0564497da2c8,e97eec5ed6323bad74446e8774501c7c19570015fca33fc27a64fad1299ac0e4,
data/raw/realwaste-main/RealWaste/Metal/Metal_731.jpg,metal,0,852feb61186e4786ce3fc95c33df91967ac2ace8f37c0d477f010f3552a9c980,df3152761ea4b9a9e82208997a9e5811c8a1e76c47ef2b18d03f3178323c452c,
data/raw/realwaste-main/RealWaste/Metal/Metal_732.jpg,metal,0,e88a8c534f1dff6279dc0b854c1973d74d5026cfe4513dd9d2ab9ae5ee005dc9,b57477d193afe78eb8e1fada736905ec02bb807cd97a8deaf5ce77584de91493,
data/raw/realwaste-main/RealWaste/Metal/Metal_733.jpg,metal,0,2c40c94851014224d8e3e7925184adb1dee972c0e3a4146c2b562bfe405b3891,9f690e847ce46c929a4232d659a26adf5035902dd14d3de9d4883c5d133480dd,
data/raw/realwaste-main/RealWaste/Metal/Metal_736.jpg,metal,0,9963a2a49745af9904899c2fb60aff4a0d9bb79d4483417db660f1f3608f6bc6,9b6b53a4b59df55360047cfe250e428054815c63705cb8a2005609558f1094d2,
data/raw/realwaste-main/RealWaste/Metal/Metal_737.jpg,metal,0,d5f6abbff12013989f83347227a16c63201096775adc2991c3f01ab160f1b32d,8015ce76c8c6ad9fd83057f419375ce464897646b76e1b99b8783f927e71b38b,
data/raw/realwaste-main/RealWaste/Metal/Metal_738.jpg,metal,0,57143a51f8d7ff7629828a3a9e0d37f1263ed0a8038243bc28af9dc711837fd4,00b5411c9cb474227f59ff61d4efd7dbb4245f093817054f199ab9b95909a39d,
data/raw/realwaste-main/RealWaste/Metal/Metal_739.jpg,metal,0,47bf9c35be4acc45f0ef14a2f5f06456d3c0b72c34750695d517cfcb186c8f2a,a12a53c4c947578f292b9f47a04fee88095f803f7c5ddeaf8398a8e6dda70b0c,
data/raw/realwaste-main/RealWaste/Metal/Metal_74.jpg,metal,0,cf6ed9c803b168baf8a13c13fc219dc153b8154cb6b62c0ba0f930a09059270d,0692159f26969e4559ad7802932d56285c79b68b0a43598487ead9af55e3abe7,
data/raw/realwaste-main/RealWaste/Metal/Metal_743.jpg,metal,0,7e33bac34e1887a06760ea023b93c77db6b858111ed3e3c16a96c217ff783840,952c396ffcabd9f1edf12efce940b865889cb4c89dab036fe231c1fb366f3bc9,
data/raw/realwaste-main/RealWaste/Metal/Metal_744.jpg,metal,0,3f941e83472ff75d154f9f275350989d8da7f32c45a4bc9d3f289ea61edd05ed,cb6d31c2cb015da34f8d8f772e33797592d1c2c861ca58b57fdb734d3fc6ac86,
data/raw/realwaste-main/RealWaste/Metal/Metal_745.jpg,metal,0,5c16838ec09a67d9f8b882373204e74cf7ba088ce7e483e68d6ce7695e18bec8,ebd347f435a630f708a54866b6b2d1c241be9348bca9034cb84e1bb88dc4022a,
data/raw/realwaste-main/RealWaste/Metal/Metal_747.jpg,metal,0,e0e5e7f31adcab1736fd8566d14d1b0f139f6f4e8739fbd3c50e42261b4759b1,139805f0f893fa183457cfe70cdac942c108e06b316442b6acae57550ecb6ada,
data/raw/realwaste-main/RealWaste/Metal/Metal_748.jpg,metal,0,b16bf3cc658d09acb0cf56d68a64856730365292e1a672368d7422ceb52d0841,6c0b167c3e7f84b2e6e049c44132dbb572d9418beb5b163c9f1dfa3930733606,
data/raw/realwaste-main/RealWaste/Metal/Metal_75.jpg,metal,0,8e617b752352d3e7ada8d50d803f72ca9e65fd8c9268945778b81bf6fb637b35,bc9dc20cb4f87096c9cc190a9bd3dc19fc1328d4c0f6073aeaf36e6cee458f52,
data/raw/realwaste-main/RealWaste/Metal/Metal_750.jpg,metal,0,61c307f08630f9e73b02c9145dbeedfbbfbc5a4a086be0cbc278d9d0b3a0dfb1,a216c63ca19cd607d34e3819af9044794e5c16844edb3d09a5bcb424ab98fe20,
data/raw/realwaste-main/RealWaste/Metal/Metal_752.jpg,metal,0,6f3f14696c9f172ef1ebb641b85e9369e02d29e1fe7a36925046fe823d2bd145,d9732ba2577e42f84ef505a217ce4e93b07f084f08e07e5124f4b621c67e06d0,
data/raw/realwaste-main/RealWaste/Metal/Metal_753.jpg,metal,0,4f40a314f0bfd005a30ef799b230c1a53b51ee0f85b3e1912150f0370b5c66f1,921769a4b3f81aa3c68eab5718c587e4a9d6a9e13b1a3e439e542a1fc57c8b94,
data/raw/realwaste-main/RealWaste/Metal/Metal_755.jpg,metal,0,33ecc15f117eb1e04aab743c5b8a8b07ca4681a2de8e8e00ff55805c76e1842c,f35a821d73e1b178b8ab0007124ec0ada9ea415f660a4d0f1f53f9cf8f5b8fef,
data/raw/realwaste-main/RealWaste/Metal/Metal_756.jpg,metal,0,e0fecea1d68646a9e751f8c23e3647873019f592111e26f770aacb4764e9021a,411b13218629407e962d2370906e05387ea38898d71753da4eab30a4f14a1adc,
data/raw/realwaste-main/RealWaste/Metal/Metal_758.jpg,metal,0,1caa79b71eb218af8c641e7af7a87c9184bc5567c1bce50043896faf74f66e1b,9802f493b8445fd95c4f3cbee1c257dab2be1f6f2024e01ab57cd812237e5552,
data/raw/realwaste-main/RealWaste/Metal/Metal_760.jpg,metal,0,8f6da7dc6671ef8875c573eb3a9d4c6d1545046c46f7f4260bd1db4d20174359,823250d2220856234023c68affe9d4d77070a2e69d22b557931729c30f028a4a,
data/raw/realwaste-main/RealWaste/Metal/Metal_762.jpg,metal,0,209094662ad9f6b6ea85b8096914d5d44285401b0306123b6ab0359352aeb683,66b2ece2f8e415bc5a831dd94b4f12ec8bada97b76b9a4e26c3d3720d52c0f0a,
data/raw/realwaste-main/RealWaste/Metal/Metal_763.jpg,metal,0,4b589b222f6fd58dd06bf89964db4e1908dbdb75f3bc727afd4c9437c6a55ba7,f0e29d092aa4bd330ae95d4332f5df97d2336d24a9e5c4ddcd56ffca75dc663d,
data/raw/realwaste-main/RealWaste/Metal/Metal_764.jpg,metal,0,88648868f93832ecac0fa4c84028940aded5ee61731161ca5c2ad54cdf36a29d,d93ba1815ce6b673909bf5c66a35e639ada6e1fa2bab7c73e04895d5b9468b57,
data/raw/realwaste-main/RealWaste/Metal/Metal_766.jpg,metal,0,831718fb41fc0bd2d782527c0e0858626de85ac4a02dd276c717ab656f01d2d8,7d012eb6fa93e1328fd5cb8358dba66ce505742e4febc71aa2cdea6946b92c0a,
data/raw/realwaste-main/RealWaste/Metal/Metal_767.jpg,metal,0,ca7d637cfe11ff5d8f46ef8a6b25b15406d60d5840941ba58be22bcbfb790398,f7d7c8e7e3df550bff29bce8ab5f154b4023879483a97d0133eee42b02ca8446,
data/raw/realwaste-main/RealWaste/Metal/Metal_768.jpg,metal,0,7b45952cf257a91f791e1ee42cff1208a5295363e662e2331f4e68f39da206a5,33cd59a9ccc2729aa5355054f31e766e4542ef99dce7682a3a08dc6a76153abc,
data/raw/realwaste-main/RealWaste/Metal/Metal_77.jpg,metal,0,c7d089ac41b80745183b1ff582c442f8d65e41f57ff20ce1522816e1f8e2c35e,7ff3d8142ea013cb106bbafb081ef68aa7d7a8dcd45ebe4cd0cdda8c81f294cd,
data/raw/realwaste-main/RealWaste/Metal/Metal_770.jpg,metal,0,c2a8f3801887cf982c92d504ebf400efdb824b9550c3026b7c483487df03e218,b724c5f3b105695df284760df451769beb8b766cacd587a398ac8fb2c75cb1a0,
data/raw/realwaste-main/RealWaste/Metal/Metal_771.jpg,metal,0,20820be0b1c31b564491f17921008fcbf4ee7112313e86bd12e830b0059fb55a,04ddc1476ea2df8940e06cfcb51348066ce1b288d6f26cacb07675c7ba531b98,
data/raw/realwaste-main/RealWaste/Metal/Metal_772.jpg,metal,0,d07881817c699882bbb69ed7d4da07c0add4dd6a089b897aa214e22902bf0918,946d41fa25dc3485961e746d222ce3f96b213acfb808d8cac702c33781a646bf,
data/raw/realwaste-main/RealWaste/Metal/Metal_773.jpg,metal,0,1bc15ba0c54cbf191ccbd6b3f1f0b0ba1ea86831e6d8b8eeadde4f109753bd8e,38c152248ce55e79d11bb89112ef4d290e94e2f94cc845d10db97b40cc7b75b1,
data/raw/realwaste-main/RealWaste/Metal/Metal_777.jpg,metal,0,41c75a7e38ab14d1872cddd3454644b6d5ef906cb162496c54c9ce460fab4739,edaca9a7a78fe694a2babad8ddcc8ca89635b28d84fd50e4a1a21ecdf6a26e60,
data/raw/realwaste-main/RealWaste/Metal/Metal_780.jpg,metal,0,35d5e7469ac52ca5273b8ea9d42cbb9564fec6a9724dc4f15501cf1fd6f8da38,e6cfdc3909761ccb5abae9420232bc8b0b9b47f335d20a6212c3fd5f4effc101,
data/raw/realwaste-main/RealWaste/Metal/Metal_781.jpg,metal,0,feb5385b24850e787a7ab35119b24f4d86d0b779102a3f5cefea7a925f48c3ff,0fba4f7b623a4366f7152cea5334af8fdde1d349bef261dc9883c71f6529a381,
data/raw/realwaste-main/RealWaste/Metal/Metal_785.jpg,metal,0,3aa09399170fdf9d56b540fd9ee87bf335a055547233bcc71c7a28e15b89d73c,a496e745b431d3e4f83c232251420c8c2250029d044f29afea36f67d5cbf5b5c,
data/raw/realwaste-main/RealWaste/Metal/Metal_786.jpg,metal,0,d3b83fea837b1ee2ae95ac0b902b83ff0d8cc19c318d47353adf218eb2739d4f,9dcef937ae73f698c11e0d6e3ad0f1a6a12730d5df69d1defa05dad4d893ff41,
data/raw/realwaste-main/RealWaste/Metal/Metal_787.jpg,metal,0,484d021c3a9e4a1f713a7054f6986b3bb109b05a1e103a5152855b5e75181e81,865f531d00a4e5368b993fef24bcd1f836d2142e8cd3126fcfc40d01aefd948a,
data/raw/realwaste-main/RealWaste/Metal/Metal_79.jpg,metal,0,3b0432a8035c844fc291b68eeea40baf30fa5595ca8692ed83e89971d864288a,4a429b8fa320f92916a2dfeb2805f664292c57231c6af5c4881bbae2f9e4da1f,
data/raw/realwaste-main/RealWaste/Metal/Metal_790.jpg,metal,0,a5fc664acfb29f86ec94ee1086dc17fcbd768d0b354f8878cf20d73b84cda41c,8a8632a6754c25e8910e0018139b878d97db52c42fa1d72f1fb89a851c51cb0c,
data/raw/realwaste-main/RealWaste/Metal/Metal_8.jpg,metal,0,df4dd7f4a0475b7556300be35ae0bddfbaea9fcb2fb61080cab74b6f91ef4607,eb98b4819e097af1461768cd97e19a23819449620e43350557ebc3b6d93aaad8,
data/raw/realwaste-main/RealWaste/Metal/Metal_81.jpg,metal,0,e06d601a68191b128da4162d2829f51962d5d97ac6d0c613ac250dd40026099b,05192b9ff9151c58556d802dcd84c693070ec7fc3c326970e66d39d03849f4ba,
data/raw/realwaste-main/RealWaste/Metal/Metal_82.jpg,metal,0,1e30eeb0dd3783f1a27374fd65a92930eb01208ebc06ef70859eeb623ab177f9,31e0c89ebda695bf184b7a7859f265e09bf957609e221d1055fb8b3ede3e5285,
data/raw/realwaste-main/RealWaste/Metal/Metal_83.jpg,metal,0,8a8987dcc6924c4cb7f8c175a3d56767683400f1c82b2f142aaca027a3558078,c021c0e704478ca3c0d737f7e586d908ffa79591d98c17512919d799ec85ab83,
data/raw/realwaste-main/RealWaste/Metal/Metal_86.jpg,metal,0,a737823221e6c60505678366b2b8eac0d5443d6401d3f0c30cb97313c7225684,2053a22750b7f3fc9ff6499df3bb915dea05ee655598061a0f99c8c003664bce,
data/raw/realwaste-main/RealWaste/Metal/Metal_87.jpg,metal,0,aafd1f6b257dc469b46225f20d737ea5226882b025613cadccbefe089d57f18c,d9852aa03b786e32f10d93799255218a316bb9f76ec812aee068697b1c54b0f6,
data/raw/realwaste-main/RealWaste/Metal/Metal_9.jpg,metal,0,86126916ba403b28db7dbe7e90d117a3b5816ec9e4d127188763216a2d555642,38e1406eaa39f8010c63e1def976993a048be3b5e59fc1fb87a211e8d934c66f,
data/raw/realwaste-main/RealWaste/Metal/Metal_91.jpg,metal,0,48d4acc636d160ec932cf89c66cb051e89cea0076c366a964db4e1278c2c6964,16142b456b415baed6679048a4d8346327a978dd082c64ad6e9dc6deea9ba91c,
data/raw/realwaste-main/RealWaste/Metal/Metal_93.jpg,metal,0,b5642f0398cef2d2abd3779d5ea8d8e31b3e50ee12de8127d7fdc0d05d18bfb7,a73cd103c4ec39dde5164fc307d5e37577b71cbfb61517e41fe99e6e405dbb40,
data/raw/realwaste-main/RealWaste/Metal/Metal_95.jpg,metal,0,04daca0eba5f97568619242984f1fa0341e0f37529ac889b33b257e79da7e768,d18f793111675b44a96c797d50866be543929c1d624f3d6e79e9d7e12ec32828,
data/raw/realwaste-main/RealWaste/Metal/Metal_96.jpg,metal,0,a4c325bd7f146452d613cc5d622c70ac409b1bdb2d3e3021cc33cb8bbff23113,78c0113d601ed07e124ed869c56842820f73cb3deea5fc39c75965ba9e0c54f2,
data/raw/realwaste-main/RealWaste/Metal/Metal_97.jpg,metal,0,2f8cc12b42003eed0158487a2de3a521005949f7b5d0ef73f4650934e059ac67,43f00af22901ad532c2d07635f11ced2981668cbe33753691ca80365e0672b36,
data/raw/realwaste-main/RealWaste/Metal/Metal_99.jpg,metal,0,a3a7a8619908f729ea9bb98877acbbd7e4fb56ae670f5b4b41f19ac14798ae71,8afcbe2311657b77cdb0e448df82d1556505e6bebba67042164109bd2c973d91,
data/raw/realwaste-main/RealWaste/Paper/Paper_1.jpg,paper,2,1d9ec90ca54d32477542169d3cc04b1c88f1d4856cc954ce40571ee586e85856,041b99a4dc6e34b26b293768afe52cc503994074013e5512d3749c7a3fffb33c,
data/raw/realwaste-main/RealWaste/Paper/Paper_10.jpg,paper,2,7a75f3d6d7eb5889d90ac07d1db29f9f564ca16ed5e3f23ed76773b658b8e57a,bec42196803477d1cb7cb204930a80ae130aa8aaba1031d7ca513163932a5696,
data/raw/realwaste-main/RealWaste/Paper/Paper_100.jpg,paper,2,86f66a2e2698a17a830fba3989a60085f03e61e846c68fa0ba5ce7ea6067dc48,95d12619c0b71a617f3bed8e44cc667e28a42d6c6bff8fc874649a46f7180579,
data/raw/realwaste-main/RealWaste/Paper/Paper_101.jpg,paper,2,9ae68b4858e5b875442551630583905003ee95eefbf444c606250ef384961985,36b354ae4ac2b45dcde3c971c0d581a03a37cba91e811a2ab21f97c069c79b24,
data/raw/realwaste-main/RealWaste/Paper/Paper_102.jpg,paper,2,152f83fbcd45e301019793d8ad029260b3e0169477de8a3b0da0eae7ba5e454a,1d3528a9683a3bd5bde3d514f3b0408b114a06eb252e73fc1e29f959acf4641c,
data/raw/realwaste-main/RealWaste/Paper/Paper_103.jpg,paper,2,392b640899de2ccae73b1da61de5a6b60b7e5905a18eb6086081d4daf18c76c1,88959536a1bd410eca01746c28a1601c7a48a98288e4c1d21f47b49bd13c258e,
data/raw/realwaste-main/RealWaste/Paper/Paper_104.jpg,paper,2,be6dd3848e424fc01f8784d4ea3686be1b7be5ccb0fce951e35a71db98e0155f,f1454661b0a30af51bd90fdba83481bd90d949cf5b758eb12ecae6e1f5ea7e27,
data/raw/realwaste-main/RealWaste/Paper/Paper_105.jpg,paper,2,936c6ea9706a69d92f374eba469967381b44fad0d3079185c5937f10cd6c8c78,270533b96fb289ff905572c0aaa630cbbe7db203396dd09939d85460c621c370,
data/raw/realwaste-main/RealWaste/Paper/Paper_106.jpg,paper,2,bcf40abe950e34228fb357d12ca0037a3e2e5917ac21c84ec3909c6ee9e788e6,b0d980a3a347bc4a03951c3533ca27ea7a7dfdf680fe67b5ba0861a67b845883,
data/raw/realwaste-main/RealWaste/Paper/Paper_107.jpg,paper,2,978142864e46f1b9a63f09339e9f44959a5148c3188d03894a441673e511c7f4,956cffa3ff14b71516fd459f39059e85032c6405c46e25d2dbe48d3c80278500,
data/raw/realwaste-main/RealWaste/Paper/Paper_109.jpg,paper,2,78e17fee489c4ee9b332180e7f9626cc65362b867b410c27d66c9b5f6e7d886c,b9fe25feddb896aaf1c951cd98b286f6066d283dc694b2dd71dddc9bcc1e14b7,
data/raw/realwaste-main/RealWaste/Paper/Paper_11.jpg,paper,2,5100d49cd35eab7d98904733ee4da9ee7a5ca090a0e3327097f4e05e24b3cf5d,fa93ceb75effbabe75250171b596c1e0916763815130391e195e23ced9f25ca4,
data/raw/realwaste-main/RealWaste/Paper/Paper_110.jpg,paper,2,d554c9ecfeb2d3e962b7cf1530199158b8e7acc9e0ce48cf82bbb855538756bd,03a8363bd24df64c314daae3214b7d35e6d071992c7c96c474d595755e5ce818,
data/raw/realwaste-main/RealWaste/Paper/Paper_111.jpg,paper,2,a5aca17469d9b19738ceccf6ff39a0cd4a38d9884876a527c2aef5777e5ac725,0dc53bcd68f80561aa1cd5a23d1dfc583eb1f18efc4465699b642538bfa500aa,
data/raw/realwaste-main/RealWaste/Paper/Paper_112.jpg,paper,2,92cfeabb548d9c489cd1acb63ee9528cf6b285773b15979d0b9743b16c8d2165,68a30ecf042e9f2e92ac68d0e1995556ea8147bdf8f7522bdb1094acb9027188,
data/raw/realwaste-main/RealWaste/Paper/Paper_113.jpg,paper,2,386c8bb53be59ca5708be42876bb587be8e9b7f0406a1c5d43ab68991ffa76b2,d0a235d383156fa1d134fddeeb7f0c655240285217284268715d9a301ad9af7d,
data/raw/realwaste-main/RealWaste/Paper/Paper_114.jpg,paper,2,87748a94fb4b39a08733b776ff2034f9e45e630bb9bc22118a4d093afb1596ef,4d872505a2daabde1b1f7008ebdabcf6e6c98a913cc5d70b7d1272de225f85f0,
data/raw/realwaste-main/RealWaste/Paper/Paper_115.jpg,paper,2,ca0271d0981966a4e0909bbeb166893c49e2eea8954f7c116cabb593b991366c,eeac7d2e03edb7d77cde501a9b2c065f6b2e6ccdd289bb93f53a2a7aa0787535,
data/raw/realwaste-main/RealWaste/Paper/Paper_119.jpg,paper,2,d570952debbf3f5936499b264a0c48d86c9f46826093329113f6379ec9245c04,baf6b4dde737dc071a22834c947fd7e7fd41f918968a612648735b639e174891,
data/raw/realwaste-main/RealWaste/Paper/Paper_12.jpg,paper,2,be20d82b91a8a604d28ace2b593d023879b2aca62b6404b647d000435dcee72a,4cab29fc8830677562e5ca7eea59731277c2c2ae70ca077e98534e307193b30d,
data/raw/realwaste-main/RealWaste/Paper/Paper_120.jpg,paper,2,d238b7bc1f7c78997610177bf30b8bda7778c941e523a4c209a7cf365d9b422f,481862e393dd4172b4389820a7dcf1d9df77ebd0999736ec198877201b317467,
data/raw/realwaste-main/RealWaste/Paper/Paper_121.jpg,paper,2,0fde6427fc14b7b8498c53d157f31db8a80eae67756cafeea07e13bae5d7723e,75b7dd7f778393413ec4de45b718cf5047a82905c65457c88ad3900178e9a9df,
data/raw/realwaste-main/RealWaste/Paper/Paper_123.jpg,paper,2,3e799ad1a2c938d9f5732c2723f35d6499e38b72fb3aa739ce97b638aa21790d,63d5937b70ed3b6b320db073f6f0e550f273a254e0d57ec05f93a5d25a0513fe,
data/raw/realwaste-main/RealWaste/Paper/Paper_126.jpg,paper,2,00aafc4ba41d509d27947ecce3204f584bb6dbbdd94dfc1cb28d35db7a94a471,3d2aed5d6bf5aedddef38bd3a8c37ab465edc32471ccd1d9c359942ec9bc4c2c,
data/raw/realwaste-main/RealWaste/Paper/Paper_128.jpg,paper,2,0f083ec46a82959a72f814066d526f1c6f2bb1ee98a4f57a320eab863d013561,761502f22c16661b4a853dcbfe6f69f08d1a17d15abe43e27860e5cb2041fe54,
data/raw/realwaste-main/RealWaste/Paper/Paper_129.jpg,paper,2,02d98b075cb1b5ecdb39123cf97b55015c474ec4a6b38aa2e6a3a75c8d37117a,f30926e3702913e805547c61bda879f3545817f0677f8c579a4c9e1542f30c51,
data/raw/realwaste-main/RealWaste/Paper/Paper_130.jpg,paper,2,3dacf172b77896276bdc827ba3fe6d83c5f9fb704600f9b382eaf41dd7536faa,6c2c7447e177887dac05900a7a00809a7d15540e1b183fbafa96bd95aee0ee56,
data/raw/realwaste-main/RealWaste/Paper/Paper_131.jpg,paper,2,8f3937a8ec2a7d20eec0737f9d6465fe9977e025bbbbb33067ace379ef78dd8d,ee2e324ecc0d99d37229fe063d476ccedab6787b495626cb116c1d2eeb97c1fb,
data/raw/realwaste-main/RealWaste/Paper/Paper_136.jpg,paper,2,7f407068f035122c9aacc499ebf6e457be63187bc4b5ad4b422ba83292e452ba,ac310d792879cf8a63178f0886fce288fa91fbab770a0cebdfeafe700c6f3114,
data/raw/realwaste-main/RealWaste/Paper/Paper_137.jpg,paper,2,306ffcf1d182238cda5e04e5091ef1bf7367cabc363404a23ee3353ef316213c,abfcefeee2248033e1beefd7fb213b48ada80b4922943646de6ebd7f26d63c66,
data/raw/realwaste-main/RealWaste/Paper/Paper_139.jpg,paper,2,2839dc36199301e6879514189eb0819d8d080d4f399b69b404a1017890f0c2af,dbedb52cf7956897948592148ea59d2ae80c6e2a9118399056a21ea09583bd3f,
data/raw/realwaste-main/RealWaste/Paper/Paper_141.jpg,paper,2,dc69bfc81b88b3a6ead6312f5085a641abef8c001cd8e7a0da32c59b7e6f6f8c,d6f61eac09ecb276b5247386991dc32c5b2fbe35dcbbf13c123397126f00d0a4,
data/raw/realwaste-main/RealWaste/Paper/Paper_142.jpg,paper,2,ea4b1dbde0249d5c006fc7fcccd36fbc1a12760993389b02f0bc46dc9b128f1b,eaed8bbd51b1d0a4a60a466db699cfcde0699471665c86280981b6039b3d2ec3,
data/raw/realwaste-main/RealWaste/Paper/Paper_143.jpg,paper,2,073821ef9cf0b749d69002ab75345a04d3d8560709c8f92d58ad7304d95c6c34,ec82e4b8c237f90902cd287a3eb9eca93b338964af77937e0e67ba7c3a95a605,
data/raw/realwaste-main/RealWaste/Paper/Paper_144.jpg,paper,2,e42516caef98c55f62a9174e458a557d8cd0a4405ce92a52c96377d0ca1ff016,83865236bc31c13b4b3589bc29b156575abf8c511cf9a2f5c628e80edbb75c79,
data/raw/realwaste-main/RealWaste/Paper/Paper_145.jpg,paper,2,8d882d8a3d0756bbddf2f889a52d02723d7f7fcc25ee51fc1193e48e1800a64c,2938c2fdc8ea5963a1ff9e6f4de699d94eee6374f75d1649a9d116949fb965d5,
data/raw/realwaste-main/RealWaste/Paper/Paper_147.jpg,paper,2,d9ef6157b92cbeb9381900517351e4dafb36226a10ce5d2b3f8221ff8a8a5609,51f2a8d0904d8d59c3e0d7ee62d3817a96d734e84b5bda78820839114bd53622,
data/raw/realwaste-main/RealWaste/Paper/Paper_149.jpg,paper,2,3b68a7e3ef569998f0a1f7d77328ef957ff91c30436dd434a0c7be490887b384,e2eb6a4b297f9599a1f51485300128ddb74550ee1c71e0e3b3320a9b61ed90ee,
data/raw/realwaste-main/RealWaste/Paper/Paper_15.jpg,paper,2,5d4e473b7ffd032c222d158c1e61f0f27dcced1292f5c80d80efac32890f2af6,f4815e3f19d78503a742c90ecdccc2965e9a249b816e87d5ee452117142e7f97,
data/raw/realwaste-main/RealWaste/Paper/Paper_150.jpg,paper,2,4437cf999f11b654685b0229e422da50f85ee3eda32d33f7033a10995603da58,a63601c34f6f88fb3ba9524590f31c9df07fef08ba172856d2f8e5367f213501,
data/raw/realwaste-main/RealWaste/Paper/Paper_152.jpg,paper,2,ddd34e531196fc3860750106c48b00fec85ac07c4446033520616d86a0e82210,cfb16cf29e4bb6def6e7651c2e3d8c68816e83f128d015759ef77fd19ffef844,
data/raw/realwaste-main/RealWaste/Paper/Paper_153.jpg,paper,2,3188abab5bf6540da30206817ff100f5a118ab5d7b8832d554741d79d4fd82e0,a9a5dcf58abc762b45478cb32a57dbb871939b4b2c2b680b1a7654f1370a6ece,
data/raw/realwaste-main/RealWaste/Paper/Paper_154.jpg,paper,2,300461b6e505b68beb3eb9e41d1d568b4dc2608b33b2752eb548a5ebab3e104c,329e8cf78882d5adb7e3f01b0d10ec17b229780c2328812d5a77d75a85ade480,
data/raw/realwaste-main/RealWaste/Paper/Paper_155.jpg,paper,2,a1c825042f2ffdbb2dfec133ad3339e8d336aad2cda7df041732b0034a09d845,8352629e80830ca81e802f33515eb3af86e42dd7752c97cc96be13914c9fa0c1,
data/raw/realwaste-main/RealWaste/Paper/Paper_156.jpg,paper,2,4ec6a41a6f4002a8a7433134b4831335ceab286f2537c2f88067430cda905623,83bae234d651fb1e5e55a113a92ec910c875a50e7c5eea10c19bdd4c03dc5a39,
data/raw/realwaste-main/RealWaste/Paper/Paper_157.jpg,paper,2,6a93402515189259beb01737c28fa220fd6b6706000eb1e58e5b9396622123cb,22718dfb774907f67bd297b13d6bbc61a5303073fe9f447f0701f0408ddf7f2c,
data/raw/realwaste-main/RealWaste/Paper/Paper_158.jpg,paper,2,4676899e073089b8060b273e0b88a2eebc53a76c0a646bdb5fcfcea65be4da2a,54977687b56f6ac52b02701909959bf7d5aeda24497deb272dbd2b3d7f2b8d9d,
data/raw/realwaste-main/RealWaste/Paper/Paper_159.jpg,paper,2,346adda6a2156063d73dd23663159d0cc2ea3589dcff84b6360631435a3f6e48,0c31e513382f77809cdac383581dd5b274cbf54b50fed94c0fe1d4d9b59abb73,
data/raw/realwaste-main/RealWaste/Paper/Paper_16.jpg,paper,2,34514d0f03ef8e0181ca44d5c62d26d568984e9a071daf022e75c774a9ec7c93,fc84284a9694e2ceb0074b6485baeae8b1bd4c7e031c9fd76d01339dda1912b4,
data/raw/realwaste-main/RealWaste/Paper/Paper_160.jpg,paper,2,0d7841e469f958a93d7b28177414fefe7563861ab28c3b57a28dfb78f920e662,a62f2d6b6bde64bb0d1c8dae5117b54841a45cb3609a60a6b0813136d96adfbf,
data/raw/realwaste-main/RealWaste/Paper/Paper_161.jpg,paper,2,730fbe4d4fb5cc2fb52546e9582c144ac78dd464681a33248e96649105670785,fd6280dfc84d733fb65e9269721702ee24d057d87e7bf4be9df74630475621f7,
data/raw/realwaste-main/RealWaste/Paper/Paper_162.jpg,paper,2,0be346368c1540e171e0871433db7539be0e3f48c41dfe54041908a6366b136a,79beb37eaa276e9f6ea332d211c0b09802c3ea10754199821ef5fc43684a2fc9,
data/raw/realwaste-main/RealWaste/Paper/Paper_163.jpg,paper,2,adbc575c0b76f64fb3d609b6742b76d31dbe8ffb4cbf55a3511c629f5668900a,194f8d4fd77fbe7df743aa24fced2e0b4e4a896cf9101301e068ccd9a0ed7a91,
data/raw/realwaste-main/RealWaste/Paper/Paper_164.jpg,paper,2,fdff5edee6491e586fe2a20367cd86b2684fa0147cc18ae86084f13fa90d9035,2f4304fe99f17557a77fe20a73598f330b646e3c8777ae1202d51fb599946dbb,
data/raw/realwaste-main/RealWaste/Paper/Paper_165.jpg,paper,2,d5434327829c9dfcc1e26e3ac1d9affffbe894f279dd256ca92d7202bb723572,7487546eded189b663b8c7edcc99a6ffeacd7cb3f1639ec4799674aaa232aa91,
data/raw/realwaste-main/RealWaste/Paper/Paper_168.jpg,paper,2,0d22c32674b104c4037a0495ba08ab57fd27459135b5ae326b76da619c0ba495,bc63e86d5a6aa0d709dff15406fbbf518e334d1650533f2e5a8ace5c0d76c6ed,
data/raw/realwaste-main/RealWaste/Paper/Paper_170.jpg,paper,2,60888173581c15f26bf14dbf9bad13befe48ab2fe9ad08710e51bd559115f4d7,d276ca07e4a2a1376ae1fb61805846045db6bf74286554ab91ed16b7a86de8cb,
data/raw/realwaste-main/RealWaste/Paper/Paper_171.jpg,paper,2,3ffd9a0dcd4dd0e81872076bc657d0991b6cab8965630e3e99e62390f4be5f54,9faddf92b9f87c07722d041ca8c4ab6a1e91494481ce9537182c1147fcd3a5e8,
data/raw/realwaste-main/RealWaste/Paper/Paper_173.jpg,paper,2,c7fb4a5f9dd3ffba0b98f2e4b5ad3ab1ca8a83f1cddf4c98e5594257c2842ef0,3cb229e96e028da795eb53520068a96f7ebe2a6cc036e7b422f1cf85967ad0b2,
data/raw/realwaste-main/RealWaste/Paper/Paper_174.jpg,paper,2,48abc9c1eafa1983de9326c822c9ffbfe9bfa99a12d5182a40022d5a5580e811,13665c5261795e30dae18c28390b850cd90d4d72c6c300e0fe9c847e4869ed81,
data/raw/realwaste-main/RealWaste/Paper/Paper_175.jpg,paper,2,f80e0490d7274c8bf4618de88a098b187681623ccf6b3b63a3c69256c7c9eea9,a507a07b1b55d2840dc9b3f9a0595812c5f45e561610cd5e4b123bf15b05032c,
data/raw/realwaste-main/RealWaste/Paper/Paper_176.jpg,paper,2,b9063be16daedf5c9ee1e5aedbd4ba8c519c6488a685ed57fced841e75a1240b,0e0814a8bb2f1088f1ee241988a63df55514ac97d935d8e37550ca2901e2a2b3,
data/raw/realwaste-main/RealWaste/Paper/Paper_18.jpg,paper,2,8fe9e3ac57811c99fe5c66433573cbb47b1e10416fbd2ae23facefd273b47667,8ab10247ad600633e9f65df3da6ac74cd56571a340ace9f431f394511a4758ae,
data/raw/realwaste-main/RealWaste/Paper/Paper_181.jpg,paper,2,610acc833ace4f7d4a966075b5ae81d16c19243b37d55a83d5911e014efb4dd4,f420a38c518274fd0ca81f12c47d0ee5ae24d9f6e4ad53986afae061abffc17e,
data/raw/realwaste-main/RealWaste/Paper/Paper_182.jpg,paper,2,36546505c9a4374f9bf5457de35444ba32333be707d0f964cdd15c8483b5f15c,1baef125060460c7304fee4d47b06c8657a3a3c6b93f96eb26d28e6201ede5ef,
data/raw/realwaste-main/RealWaste/Paper/Paper_183.jpg,paper,2,1431ee7d46e3e713a33b9e4b98070802322081f9a525ae2c82697b7fce5d3ea6,c33160c2913fdc0367d07168702dae20d3d980d1578af497e090e9551fb428d8,
data/raw/realwaste-main/RealWaste/Paper/Paper_184.jpg,paper,2,5ad77e5947feab6d44f1c3ec50aaa894b262e377637607d0a7ab985af5e8a5d8,773b011b8fbc5bb08be0a596b64abe73ead163ba2f776f511d225c42d3ad6926,
data/raw/realwaste-main/RealWaste/Paper/Paper_185.jpg,paper,2,85cfbba07b4e743bb830e214889b41f062efe86ec8dc8614530343c232630ac6,699b9ede961efa91457241feea5a851026d3124ac0a4750f6994f5b1ecdbdf51,
data/raw/realwaste-main/RealWaste/Paper/Paper_187.jpg,paper,2,b8c7ac068fdf9538b098e292067f9522ff33fbae3c6a5ce4eff8f301a7703cd5,83a5a5ccb01454edb107f45e8971ee300bd943eb3ec91de0598b93dc8aa8f94d,
data/raw/realwaste-main/RealWaste/Paper/Paper_188.jpg,paper,2,6c13a5b6048e0805074b18fd7487a1836e984cad473826fe967346641e414e5a,a2923b1ceb1fa69fc377162f613452741a62798a0554148e467cbbb58cd48e2b,
data/raw/realwaste-main/RealWaste/Paper/Paper_19.jpg,paper,2,6fa355b760460ac2a3af85242c62a6c76991d49d4c3eb2d7569986361af7615f,a2414ae0a8864f493eaa6048de85f7e799879ad421e4c7dd37a07fec1c3a21b3,
data/raw/realwaste-main/RealWaste/Paper/Paper_191.jpg,paper,2,bfd3a3e1242682ad3d306ddfa34eb71c1cdea1149326267d567a7df5ea2f408d,13bd7c3d9ff9f3aa9721782ab73f3f79d031b30deed97bca030e4408f8bcd9c5,
data/raw/realwaste-main/RealWaste/Paper/Paper_192.jpg,paper,2,4f98853e3355f2b5ebcf14e5c13c12534a484a7bd60410639340b85b7d997136,6f4455f0df0eab35e8459dcd15895b3f6cc38f2ea357a428cda386234131f06d,
data/raw/realwaste-main/RealWaste/Paper/Paper_193.jpg,paper,2,5c7bca03fa933df51110da4c1e9029da1dc22c3915786e4a763df84a187fbfc1,b8caab12acb8cba4a4ee15cf95f7165701def940ac4146f592454201799f2457,
data/raw/realwaste-main/RealWaste/Paper/Paper_194.jpg,paper,2,7c67facc1bc65a9b89e8b69966c788944fc872096169b736fc2f14af854d1b75,d1ee35d4441a0752b3d271a8dbe76f80498bd1096b3ec0f205808cac1d6d1192,
data/raw/realwaste-main/RealWaste/Paper/Paper_195.jpg,paper,2,01ac2b793bcefa32f89d7d2047fda7aca89e0322d4c2b177e6a47cdfe63ead6a,3cc92629719d679081650ecf9ba26f3ca4a0d090f68eb60848e5a9ff214c2bdb,
data/raw/realwaste-main/RealWaste/Paper/Paper_196.jpg,paper,2,50542cd5fd5378af7eba5bd3b8a94b15c106ae892d9ea92cab43f61ea848b8d8,2d38d4804affca81af50d0c5941e6de401a15950885bf7807930e6f31693aeac,
data/raw/realwaste-main/RealWaste/Paper/Paper_197.jpg,paper,2,3af25e30b79012a00b9d298bba2e38dd0f7023712153647bb7d7779c413a9374,baf729a629ce13ce6a804cd307a4cb4e9ad09b9979c70de2b227e0a29f803b0d,
data/raw/realwaste-main/RealWaste/Paper/Paper_198.jpg,paper,2,99925e11e8a532118a654011bb231241385983cca040f08ffd3cb1088d1820a7,9288b7c75f47480f5248357377b1733c8d3f77e3f427c82aeec3bcf0fa51434f,
data/raw/realwaste-main/RealWaste/Paper/Paper_199.jpg,paper,2,db1fa756c451dd17aa45e8fb1c8a754ae17cca7c5b537825bd0ca570223680ce,d52ec0e400d5a4bc1de4b39a3de1624d397a9f0cef5fad71ec7c71dfed9642ff,
data/raw/realwaste-main/RealWaste/Paper/Paper_2.jpg,paper,2,c63e5a1b20ae32229177f8c5a456f185cb1e9934f9a16562771ddc74f40e6dfe,89ca6c6e4cd4f93f4caa7b9277111bb38d3892a029852695a62630dc329ac63b,
data/raw/realwaste-main/RealWaste/Paper/Paper_20.jpg,paper,2,d436ee5be0ac6ae2acc3f4c6511f501a4b6a0543404abd21b809abe2d08e9e6b,01f7c37e5982c176079948c073f99bd35c77e4fe2ee717a1de420a194c42da11,
data/raw/realwaste-main/RealWaste/Paper/Paper_201.jpg,paper,2,ad543db49e41792c253e4532c65e3b4c2b7f533381c08682c28049ab223cd81c,0099645109fcfe056071c072eabc0ac34cd38a3283e0ce1e91b1675bcb2b3e1c,
data/raw/realwaste-main/RealWaste/Paper/Paper_202.jpg,paper,2,0c56e6e0073bec1ea579daafba0e3844b91412e2bcb226f1a3a12c33e2dd8f9c,1462bc2bafd5a25923e70d979dd0d857c3b2a0c6954461acdab20dbe6dd2983c,
data/raw/realwaste-main/RealWaste/Paper/Paper_203.jpg,paper,2,65d37e44a0c476bcebba4391d58e18858af9396de5eff4785d77e8b0210de516,09ed44bee4b0dc9c9017019ed6070d8494ef7095d3cbaaf1e217a188590ae96a,
data/raw/realwaste-main/RealWaste/Paper/Paper_204.jpg,paper,2,9c2c93d6b7b8fa492bd263a2c592f221fc282161759798f1669bc8dacafb2a1d,9f74dee676776cb257d3f110fe5e5d4716cdae4167127fc41a0f12da972fefd4,
data/raw/realwaste-main/RealWaste/Paper/Paper_205.jpg,paper,2,821c272a02d09fb522b777e746034215bfd6b543693845952018ba97e5d0d5aa,3cb85355529976bdb276e1ea3b1b381a451f74c693948141b2090e0eda990236,
data/raw/realwaste-main/RealWaste/Paper/Paper_206.jpg,paper,2,9cf16f4660a6a808a66d8a89cd6e05188e038f6ec972cd8ab80d841ef1c5b53a,6fb3c7e9fe7dcf72ed1aae0181e8513cdd4d1af0ede1df2655e2ce947ac704a9,
data/raw/realwaste-main/RealWaste/Paper/Paper_208.jpg,paper,2,ec5e87b467abcd8ef5531404cd4d8f6a5bfbf417ff42541a1e05a0ae0e938e9e,ec21f23a383d3cac852201c97f900f04ba346df07f6e18db6112e15c10e92dff,
data/raw/realwaste-main/RealWaste/Paper/Paper_209.jpg,paper,2,7edb909a583e94b11b7972c4aa72b3d6fa3e33ae3ee72903a39df39661d31390,00496194287974e4cda2a72f448648abfc98eaff0e5c6fa65174d92ed5edaf80,
data/raw/realwaste-main/RealWaste/Paper/Paper_21.jpg,paper,2,615d58e772e1221fbf41e4a405289f806b658e49fd45223e95bcafe8c2bba75a,a36da83a71fd4964d692faf9154ad6137a285cea7dc89db052e481faf0a8f698,
data/raw/realwaste-main/RealWaste/Paper/Paper_211.jpg,paper,2,fa9f16accf10bc36cb6d94a57b8e6cd0b0be61ea87852adffa65fbf247413ed6,7f154bad4f32751f5116a4dec89faa0844151bec7d21f16bdf3dbeadfbf74d15,
data/raw/realwaste-main/RealWaste/Paper/Paper_213.jpg,paper,2,35a1b81c37a383174039c0b6cc7e4946283033bd9c18abe5d4a5e8c2a28c6624,2841e2f68bf67eb011bf9ef91cbac60985822d713accc33213f44bb894fc0ed2,
data/raw/realwaste-main/RealWaste/Paper/Paper_214.jpg,paper,2,c7cf2f1fdc84ede6ae72ceea0c310b84c7ddf6a76f6da1283114a6e6f36f11ef,cd5638d6000015673613dd9889e11d7d8f4da4431cc3a5c1a85008c458b3d2e1,
data/raw/realwaste-main/RealWaste/Paper/Paper_215.jpg,paper,2,11cd576f44fbb79ca0fd99bdd03559be1efdce10133e52e52d58ab97122c4c48,259613d3e3f06bf5dd73bee47443486bbf1226987973504f101dea7e45f89cc2,
data/raw/realwaste-main/RealWaste/Paper/Paper_216.jpg,paper,2,b3838f7562f3ed5e22cb1326addc6fe721fc395ed3e70cd126fac7c6a5a5037e,e09b3ef143bb33ae80d5bae412d8723eb0044ede930bf27690f2470c899300d8,
data/raw/realwaste-main/RealWaste/Paper/Paper_218.jpg,paper,2,e3f1f6cec11e23a208ce41af6a2dcbb9fa735df0ccca2d7d2a17c54ac6ce7b2a,95ebbd8bcfe6a9f0aab86fc832241ea3a37eb1a27c5541c19d95ae6c90dba89f,
data/raw/realwaste-main/RealWaste/Paper/Paper_219.jpg,paper,2,34a87fda8cd7971982a0cbe0e8a60f6ab94c0fc56cdcaf97c74052b395a4a0f1,d56341a9c164e6f4ec55018841fb80c930ea3dca4d59d250e60a97fb0e9fbb59,
data/raw/realwaste-main/RealWaste/Paper/Paper_22.jpg,paper,2,2e2ac41bcef795d5ab2c4f9ed7a5899123bdba294605da5381db79e3bc968515,c0f1e7d649e0d044eb73e0d9317072395d40f0da67f2fa173b4e43c06cc7c965,
data/raw/realwaste-main/RealWaste/Paper/Paper_220.jpg,paper,2,792b5977edc6601d617f1d30a0780dea6ce92aa40ffd444275c4dccdfe2c0a60,c510d7083d3359b5b0cc9228c4d37ee01bec5225191f6e9c3166a62f0052bc1b,
data/raw/realwaste-main/RealWaste/Paper/Paper_221.jpg,paper,2,14037ddfa25fed2242f4503e8ef0e9e0b151397043bc41974d1fbe098030cca0,de792c6abe289573f42dbf99d2fbe05bfb757939e6e4ac404899a189bb0f26c2,
data/raw/realwaste-main/RealWaste/Paper/Paper_222.jpg,paper,2,45c15cdb2dd08385fd85d10749888e27fa7b57976980d54f5be84cbde00bebcb,8c1df376748656be60f1b4f356972f015e9afb808a45bb782d1d664785f2dec7,
data/raw/realwaste-main/RealWaste/Paper/Paper_223.jpg,paper,2,57705ae2ca9b103995b85e9f8fb63ac9b6085aa6510958639ac7e2a39c4d4e2f,119782c0d2f62957aece4dcd6fe40ee3c0abc0fb10bab94c0d93287f90bac15d,
data/raw/realwaste-main/RealWaste/Paper/Paper_224.jpg,paper,2,a9c20e7013af6efed4f2c78fe34dde004d0909f20dc1a92e43eacb68954f9e38,d3e0dec22e213664e2a13f749e3f3fe01e63c4d62b295961747325ef985a1e6a,
data/raw/realwaste-main/RealWaste/Paper/Paper_226.jpg,paper,2,4951a22af5d37e61f99ed27830489064946f24447365b0b6477dcd4dcd4d6f88,5b99a6035cda85d82a64c045bffd56844ea9b61e5528911802f6fc4a87a99c78,
data/raw/realwaste-main/RealWaste/Paper/Paper_227.jpg,paper,2,3fe93ed6536a91599ead2bdb2c9641d69b6a4e174e7b915905396439a6810aa0,7ad4c19a7cbb1f708adb1e5e82b58c42885ff8b8a1f5b2e18aa25187cd5f258f,
data/raw/realwaste-main/RealWaste/Paper/Paper_228.jpg,paper,2,aa1ddc20ccb14cee9e4758ccdf5358c76cdf3a9961a37accd143cfb9460cbd0a,6ffe5008c6c1dd83d3060d592095220525474cfec9d18b11687344e809bfaa63,
data/raw/realwaste-main/RealWaste/Paper/Paper_23.jpg,paper,2,b763f7776d8ec002ad6fbd2c6721e80d88bf42eb87be52d8ef9d45570b61b52f,27fc044c660948081c1766ebecb4c7e2cd7f7dd8fb87a6d54f4498cb8acd242f,
data/raw/realwaste-main/RealWaste/Paper/Paper_231.jpg,paper,2,d7b2d2145518c0f0faf81f5a53bbdd83fca226c3bbe7fcedc9afd68d759c1a64,1fc4590b841ea3d3ba20bb98afbcce9e00e70c9ab457d89c40b6bae099247513,
data/raw/realwaste-main/RealWaste/Paper/Paper_233.jpg,paper,2,e82c46f21a00d34aecf4e8395586fa22dee576ef16e802f4ec334f118261d48a,dedb2273120d123a2d7e183838fb9861aeba19db31c6fa9ec422ecb165906074,
data/raw/realwaste-main/RealWaste/Paper/Paper_234.jpg,paper,2,cc971591b6aa214d781f5a35b000f148e950c016828ac5feaf78d1b109256a8b,15953703c7e172b1942db9a2c02d039ede5639d6889dc1ae69c6bc53524a81f5,
data/raw/realwaste-main/RealWaste/Paper/Paper_235.jpg,paper,2,c178321f2a3b98a669ed5ef1265b40b2d98b4814c130ab4a87928333591fc583,80f7692007613e96648ca0c1faad2ab58df730c827d44b01b3d3b0b4af4f2183,
data/raw/realwaste-main/RealWaste/Paper/Paper_236.jpg,paper,2,6cea29375a718cf4592f8277fea70e29344e14fcfe15e3deec9c5c5f7a5fe441,a9f9e17a6ca41a4ad99b70c5ff3a3a02ddfb258681c4ec505c18671fb84cd96f,
data/raw/realwaste-main/RealWaste/Paper/Paper_237.jpg,paper,2,37a340b50563049cd1bf725a446c5091f8d521df87dcffcf9453f875d430eeec,fc880147b30c15c576dce79c165ca9a55341612ad1ab7a8de3ff552cbce9db75,
data/raw/realwaste-main/RealWaste/Paper/Paper_238.jpg,paper,2,6eeef6255fe9632eef46e71a1e5615739aa31abd103bc9f76db178ca573e1b61,c5d9271ce7430edd8b663f73200fa9bfd427b1c5d9b2adb491f4bdda188b902c,
data/raw/realwaste-main/RealWaste/Paper/Paper_24.jpg,paper,2,9d561553140252d8cbe1f96413232dd17f6d5be1b42c1748bcb321c9d9d1a611,45f9fa2f33b3ab24f94df072918e73110746448c788ab822a905623c9b35cedc,
data/raw/realwaste-main/RealWaste/Paper/Paper_240.jpg,paper,2,d892f2df805c892237f501cdb2057c65c69c53b7f2d8292152dcc793b92edb1e,bdb5371cfebde1ddbb5477ea40d2e4064761b3f1401d5fcc6751bf6c1594cdde,
data/raw/realwaste-main/RealWaste/Paper/Paper_242.jpg,paper,2,2b329104b0bb20e091b52bff658f3c3b52d83df37773589ba6e5b2c9c9df6429,f8a03d73b660392844739033bbc60d33e676517794da32574946bda56edb61e0,
data/raw/realwaste-main/RealWaste/Paper/Paper_243.jpg,paper,2,5642712d10b647c57618ae2cbd8ec40811bc1cab59221bce9e8353c7be06845d,cf7e8176ac5afd726512276d54b58009111abae6bf742a819ac125df04f46838,
data/raw/realwaste-main/RealWaste/Paper/Paper_245.jpg,paper,2,70de6b91b1cb33715cd85dc12b6f08b434fe2c8c2babda3cde140e0e186811f5,0b2eef016e5734ee6e48c223e1d713921534696ca9d55e3399aaa17be5920492,
data/raw/realwaste-main/RealWaste/Paper/Paper_246.jpg,paper,2,e1a938c9dfe02f1546f1c9db5c04284208d6b9b99b7d34222ceb8c7151a2bd33,8d598cc5abcc27f4fd650cd42913c2a305f0f9330942f71fb1e27d5f7dbbb3b3,
data/raw/realwaste-main/RealWaste/Paper/Paper_25.jpg,paper,2,6b110611ad17202389fa7cf46105d879cc936094a95db9d15800cabd402509e3,708bb47f4f0974f5dfc0a14e984a10c0c952bd302425443dfd6c7820651cc007,
data/raw/realwaste-main/RealWaste/Paper/Paper_250.jpg,paper,2,206510a5a307f065854ddae7d5dcdd9256ff08aef965bc46c6d6a79749057f21,b1124fb152bd75bac1908ec481515af08bf62cb43bcb01c63e0150f2d7470c60,
data/raw/realwaste-main/RealWaste/Paper/Paper_251.jpg,paper,2,e03450a84ed9f1d3e646816f5c27d74b70927d3eb990fa8cb45759d5abb5c86c,ed370cf062fa89be3f30572944dc258386e3c8974161fb9ed6c63d65666ef36c,
data/raw/realwaste-main/RealWaste/Paper/Paper_253.jpg,paper,2,45c75acd6573be8e56a1f3d0492e5a98fd174def9a8c483a0e9345cf0fef55aa,7cedd99ad7d89f434411eedc0632a6f890916f305f272aeaf25ae559802a261b,
data/raw/realwaste-main/RealWaste/Paper/Paper_254.jpg,paper,2,602ac6b89604bca028ce63ae80c8e816ca3b796a4f2cfd96cd93c973f3d323ae,18c7c317d895d62d7e1df0021bf49ed2ea0c847d71cc442f827c1d16298d4a74,
data/raw/realwaste-main/RealWaste/Paper/Paper_256.jpg,paper,2,8ab329318c3e0ed40305b6a78f9d2235298db670c15c5ce6ab0b8ef02b357f6f,4eeb76ab254110ca24356c78e6293dec5e3bd776aece8975b362ee75d7805d8d,
data/raw/realwaste-main/RealWaste/Paper/Paper_258.jpg,paper,2,7525012b27d57ed7a413e38fed7d1ee0cd96b96cc7a4699a3a322bab69c34a57,6cd868c319c14edccd35dbc142bbb70eb8b701f1cfab0e1161e457620302d726,
data/raw/realwaste-main/RealWaste/Paper/Paper_259.jpg,paper,2,a2f81538dd6b0c45ee875e340b394838f0c7a38fbbea026b0ab51bc8b15bf8aa,5ee5ba667285e128e5f513f5c8d77d70b58317e48b46cb11c282c23b5bc572d6,
data/raw/realwaste-main/RealWaste/Paper/Paper_262.jpg,paper,2,7d12a147c12baff5f2e38c687ae5fee77fb7e3d6c1762afdc15d1530a66a811c,3462bc0c5692954c689c89ce5844e2702a73881d951d7b34806048cc0f8a1f0b,
data/raw/realwaste-main/RealWaste/Paper/Paper_263.jpg,paper,2,9cfd64475c462b016cf276b497d5590127c7622aa4c458dab93bedace247e205,9a3eeca69bedc64398000c2262bae4ba649f8f8b3d3e1286b98302281cb477f2,
data/raw/realwaste-main/RealWaste/Paper/Paper_264.jpg,paper,2,0925614acf5bde1d303ffe962d22373f365f9c3b8f7de7c09f29b778bad1edac,33e591cd5669c1a746b71468e8a356aeea55549279a2a747427e4aa38e81faf1,
data/raw/realwaste-main/RealWaste/Paper/Paper_265.jpg,paper,2,5bb2322b7c897fbea0fec98c3d9efa6bfdb86a4a2f3cfb16439ca5865227dd33,6d739c980cdf9e6fec7bcdd1c21fde8efeb84c01fde53d8217634680301fb98d,
data/raw/realwaste-main/RealWaste/Paper/Paper_268.jpg,paper,2,0dae135c8a903f1f6014ab303f727be5568cd08880b30acf9bbf83be1120a841,899bbc09f65298c0e04500364b6ecc5e51377ac65f2bc573659a20f9ca0dafa1,
data/raw/realwaste-main/RealWaste/Paper/Paper_27.jpg,paper,2,51a29e689215fb5075f7e82124d6d633e020620587c69d9a6be03a5058576c69,e876ba86cf6a876370e9c2f64cd3155ea0275958712cfeac2677bd04234a04d0,
data/raw/realwaste-main/RealWaste/Paper/Paper_271.jpg,paper,2,c3f8b7340a0005f9ff09425c4b80629769ea5c97332b247c827f8ff9cd54eb35,8815ea15c013ce0b2206cba0ddcf14da336419ef3a41bcb71f684c66c3824bd3,
data/raw/realwaste-main/RealWaste/Paper/Paper_272.jpg,paper,2,962ef2d99e434d6686acbc7c8edf7db7269d3b7930dd82ca183d1361a77fbfa7,c9e0c0e6754f3cfa9590dba3c18c1fd6581e5dba12bc2ce406482377e40493ca,
data/raw/realwaste-main/RealWaste/Paper/Paper_273.jpg,paper,2,3647f31c23cfeffef013da26848f7f22b84654598e81dda86c2c2c0e6d75c73c,a598e0abf35161bc7c3771d0fcde74a659b113e30c3091199d4c438772b260c9,
data/raw/realwaste-main/RealWaste/Paper/Paper_274.jpg,paper,2,ea0bf8bb8db3b25e84de235bdf5bfdac9fa5b311b520429025901d2f9cda6b1d,5d288b1c128237fc2ab0004c7abbd008dee7d6403482d6f4584de39fe6d36f9b,
data/raw/realwaste-main/RealWaste/Paper/Paper_275.jpg,paper,2,cb45c14a39f7a87001c5c504e8cc8ac7b567ac7d157176c90c1afce60739002f,1020ef5858685b45ac7c146a4535ef9f13bfdaf65c22cc0c5468eac970a01a70,
data/raw/realwaste-main/RealWaste/Paper/Paper_277.jpg,paper,2,ea571334c571e28512f0cbdd1c6b8969e4b203f3e0cb6ede335f854c1bf6b6ee,d4d3736b1d9cd2d7f02972087ed29cf54eaa636d47942f06a6226ddff59373f1,
data/raw/realwaste-main/RealWaste/Paper/Paper_279.jpg,paper,2,47ee67b7e18d54bf29df3299569758b90777ca0a15dced0d8cc81880403e69e6,69ba044bddc9c8ff205901e9eac1ad69fc7474ba05ff19bef23045b36b2e0d9b,
data/raw/realwaste-main/RealWaste/Paper/Paper_28.jpg,paper,2,7e78bed20999bd0d5da49452cad975606a97c7f6f468f6eef59b69090b444a24,9a5d7e2254fa5f28ce8095d92c017a05717ff22786f6662fbf9f6d2ae2f6d767,
data/raw/realwaste-main/RealWaste/Paper/Paper_280.jpg,paper,2,df9d17ca5a7714f114a63b2c8d4aa24f17fb6806c379dba200d6f485798bb3eb,afff58f13f26fa4368b37d2b11ad8b3c9ca85707e9b14cd6c75b0dd8741fb0c7,
data/raw/realwaste-main/RealWaste/Paper/Paper_282.jpg,paper,2,07e3b5994ca93b33c96dc60de23b260fc4fcd7ecbb39485f90b09e6092acd41e,00089f273d44c3e5922dae6847929b8104b3b592447876d3a52c873238c15412,
data/raw/realwaste-main/RealWaste/Paper/Paper_283.jpg,paper,2,2b8e1fabb6ba4e82c1be541ff27621a58c9cb40f6cdfb6b2532414f157c683b9,0f85b8e5d33d7ed7f76cbb8cb02e104896ba2f3632b971c161de25887240a4b6,
data/raw/realwaste-main/RealWaste/Paper/Paper_285.jpg,paper,2,9d7444fbe03b89dc62d41674be196445ae8c333c0ea8427a585e7c374a27380c,ab7173224ad667f48e67990de5ea0c63343c688fbc537eeab1c4efc816988e6d,
data/raw/realwaste-main/RealWaste/Paper/Paper_287.jpg,paper,2,f8dfbe016b0d2be7a8cd1895481cf7932b8d7414fc35a69a67e690f8769962ee,679af33568d2504f5d4db9a3f00017bbf723e9c8c14167499b04e807c676817e,
data/raw/realwaste-main/RealWaste/Paper/Paper_289.jpg,paper,2,0c47a6e4b8fd41c291a28b6802bad5bb461090daea40ba875e252b8df9f19845,c6497dc3d61de44e0937319702c963964dbc94e3a16a5698a66e416565db9bfa,
data/raw/realwaste-main/RealWaste/Paper/Paper_29.jpg,paper,2,ac099582d7d593df24d9cc25d7e95523d6e5dae7afe482372b323bb23f7430ed,6f24800e4c85994260b8a5ca13d0ced439c0a398b57b52538bc35fa0d4dc223f,
data/raw/realwaste-main/RealWaste/Paper/Paper_290.jpg,paper,2,c5dded04f9431606c07f5317df1d377ce681a23255c9d1307dbce50d10b61617,6d0bbe42c2897467ad3ad5bb23b90f15295c9e550aa0c1475c78e221374cec32,
data/raw/realwaste-main/RealWaste/Paper/Paper_292.jpg,paper,2,d8248b85569023e7e45706a2e5db5a727c50cc05cf420a40993917b626de79e7,eea442f006cb2ec818d8b56d29d3fba951171a1c6ab75802bc7b2c9c75c234b0,
data/raw/realwaste-main/RealWaste/Paper/Paper_293.jpg,paper,2,850631d8f73bf1c4519e47741c2098b48e4d295393386b8b38225598f8374e1c,547fecfebcf2f3b6f62afb2171227179a98b179001f9fae68ffd18ca666d82b7,
data/raw/realwaste-main/RealWaste/Paper/Paper_294.jpg,paper,2,0148d9f7f822a377c397d7693c3107c9350dbc649bcc5ac7517246068505dc3e,d54b1327fb1494a09190162234cdf17dce1434a49bc31e5ed41fd703d2c7da67,
data/raw/realwaste-main/RealWaste/Paper/Paper_295.jpg,paper,2,3240cdce1bc6b6219d931204822f9314f0cd1e6e710fb6970c9773ad543e0419,f7c531d46d61dbcc9eb7f116c3b791b082d429b4d57f45ab75114a19f9490f8d,
data/raw/realwaste-main/RealWaste/Paper/Paper_296.jpg,paper,2,3b78f49e0926aa3f274c70a9ecc2beedf3ce44510220dd7d14b617f05591b116,ece96b728ab2612bf161bc5430408fcabff9a1b2d382e6798c777b15801fd808,
data/raw/realwaste-main/RealWaste/Paper/Paper_297.jpg,paper,2,a6f3cc5f48e6cd7ad856914c27d8df22c1794380958903e84e6b4d67ecd1b1f2,f81c8039781194423e678d1fd3b4e70ae8c8bb7851487c92da442c068d8c1abe,
data/raw/realwaste-main/RealWaste/Paper/Paper_298.jpg,paper,2,664832ee74c1b8a03aa5e32c8f268173e96cebe185aa14966c5549409c1784c1,2db3c28a9da82e67c59ebc58e6d36e516ff9406d92238f77d86022ae704afdae,
data/raw/realwaste-main/RealWaste/Paper/Paper_299.jpg,paper,2,10ff7d94e017b6a01a41ed44a41879e0259a823cadc0d7745cc6a695d3fbcff5,8e4c467204018d2222872bea0782da688b2d532e2f6e216e30db1cbc5ea8dd60,
data/raw/realwaste-main/RealWaste/Paper/Paper_3.jpg,paper,2,54abcbd90300e64918e39281373118ca0bb154ab0e939fc792bae2362eaeccfd,c29f582428e940a8734d9a33ffd09a2a1a71c492417c7cd600209207f62fb769,
data/raw/realwaste-main/RealWaste/Paper/Paper_303.jpg,paper,2,a83dbeae0b52b57cd719982f45fc1b64683ac7e05dac2f59b1aa451f36d1c043,e85996f49ef6d2de3abd99eabe8c915e302b4327cc535a082484aa69d9468605,
data/raw/realwaste-main/RealWaste/Paper/Paper_304.jpg,paper,2,ae2bf67918c593bcacf73bb6e0153621aabd016dd1afe5b2261501700d384bf8,33470638ff2e0b2be3c822adb9ff2fb871dd7fd5cfbcc01a015457aa2aac8b0d,
data/raw/realwaste-main/RealWaste/Paper/Paper_308.jpg,paper,2,b7eb2264585f9312b568d168ceb878cf75d24458a19431c38cefbe5a9f5d1169,ada54db444876b87825a676ce70e3b3daa1a3aadb67100e091aaab734116dc7e,
data/raw/realwaste-main/RealWaste/Paper/Paper_309.jpg,paper,2,30e7c9ab633609585cbe1da7921946e7e9c87839578c0f4038350115f8b7caba,6215ee4d2ad146740269221f058c29f27f02459eb04cf5306c34ca6ec37a1aa4,
data/raw/realwaste-main/RealWaste/Paper/Paper_31.jpg,paper,2,4efc61109f8891c8915f50f910890e2c78068a0e7bc99287d26f701ab0ce1ec1,3c1bd7c8aae94cb189b992489536725bdc33b20e7be392675795094c29a4d090,
data/raw/realwaste-main/RealWaste/Paper/Paper_313.jpg,paper,2,6e34e853e1168a4843d7842cdbe2dfd0553e92095c2a21803846e089a213470f,783dec3ebdda4a4dc5d93a403337e2f3482f006ffe25be4272ef34ebccc1a0fa,
data/raw/realwaste-main/RealWaste/Paper/Paper_314.jpg,paper,2,5aa8ef1e20c4551c6a2cd8bf266d47a844b27b2fc7ea37c91fc8700367ab2141,47ee93d47fd71c8624830e79ce007f3dd19f50d3ce9b986bb522e96e5971b025,
data/raw/realwaste-main/RealWaste/Paper/Paper_316.jpg,paper,2,043191b953b13f89adacb0aa0c5c2a2e2152e7552407729daedb00b7aa58eb12,e3935ab1b75b4bfab4ba366370ca31273e4c91152bef693f4865e9eb1e609b70,
data/raw/realwaste-main/RealWaste/Paper/Paper_317.jpg,paper,2,c35b1c31a9a07a2f183879e9ff6c5b01172d0f14e021935dae02f84245753729,3655e4a79f839b561667b5c4fdbd1a7532acecfbfc057ddd03fed3fe8245850d,
data/raw/realwaste-main/RealWaste/Paper/Paper_319.jpg,paper,2,87ab4066f6daddfd83e9e146bfb082d1ea341ecec5eeba4dd6c175b27d7f5d57,45b6aa3d1969aab74891b89e70134f57d9e9d957e84dd0eea631388c846f0f0a,
data/raw/realwaste-main/RealWaste/Paper/Paper_32.jpg,paper,2,7c5d0878b5b33cb58989c53667578dc35ae56720fe8ec7748b0c7cb1a491eba3,7955fa9ab90fbdb7bd583b92aa35f9d749213c91db92837b1c1a7ea8489de259,
data/raw/realwaste-main/RealWaste/Paper/Paper_320.jpg,paper,2,cea4561e72db8b4a3c9f5fbb0e473d8619710fae0cf3caea15c49cf160317451,64bec1e920429dd5c74fa3bb07182a5df765a283e964a27ef5e59f9153c3b518,
data/raw/realwaste-main/RealWaste/Paper/Paper_321.jpg,paper,2,3342731d7e6ccf94def8751cea965b9c35f5c14853c6336115b6b858d08a8cd0,4db2b912e662218891ebf3afe1edbe988607da3bc22ffdef88df874cae159177,
data/raw/realwaste-main/RealWaste/Paper/Paper_322.jpg,paper,2,26c21665649e70d0b5c7765a78c8897fed48ae651b940482f2628bf236749a62,c956221249916a24845fe69a1b32b324e27074d3341e0145e457a627f65ad12a,
data/raw/realwaste-main/RealWaste/Paper/Paper_323.jpg,paper,2,879f1f3cd8afb3e7796b129f1d98ba5c0ed3504de0ab86cdd9cf0bf04b2c13b3,a441f05a0f7c73ff0ba9e858c13cadc0840bb58800ba286515bf057f6dd2d5dd,
data/raw/realwaste-main/RealWaste/Paper/Paper_324.jpg,paper,2,2aea8fcbcd3f7efc191e1c910920bb6042e6dbc43b56cc33655c1231c4b1b057,bcaca1d700dfa506274b91722269cc982f108d17e2015ff14a85060f44ac8b33,
data/raw/realwaste-main/RealWaste/Paper/Paper_325.jpg,paper,2,edebd249371f981e79dc85c956227aa565eba73fdab265148945ad83db27b1f5,8e015fff3b85725c44ca38021cc103df22fc91d088fddf5886d168f25b6cdd32,
data/raw/realwaste-main/RealWaste/Paper/Paper_327.jpg,paper,2,b3438bda0d2b696d62eb3e3a1b6ad7cc6a835bf0f27fe6b04ee4fc1fcdbe9a20,7af7e4c1a529c006e895fe17a13244bebc67cc20450cf281ac957c6552119c49,
data/raw/realwaste-main/RealWaste/Paper/Paper_328.jpg,paper,2,0958a72e0a347cc5504887e69786578769e13591930618601c6658a6404a56e2,27e76c1d65b2b5e077e549ff24295170ee96b60991d2f48579c5bae58f567784,
data/raw/realwaste-main/RealWaste/Paper/Paper_329.jpg,paper,2,24328580713a6a8006dc02f97636b110f22757e9339ab8e6c632aaf71eda2c50,85c8d64fe1691736de078f0367649f9b66ded5703328eb51b838f94baf626f18,
data/raw/realwaste-main/RealWaste/Paper/Paper_330.jpg,paper,2,234f9f032138913f5fc34a6d2c4bc5acb2668e7e174d0c120668f2aaf26b11b1,dc2856bead36c296b44e182539b41e12d0c503bb2141e0dc8186e8e9f9d7e509,
data/raw/realwaste-main/RealWaste/Paper/Paper_333.jpg,paper,2,87859a9a8140172241ead373bdc2dd46ce2510572cabcc836989e8bd1e7e210c,71ff19f931af9c1a14c22682b5004883ffa525e5e6df831c5d23bae46e7c723f,
data/raw/realwaste-main/RealWaste/Paper/Paper_335.jpg,paper,2,ca409f53ef87fc99155c20721b2628b2ae36018df54f349a624fcebc1d4097c2,56949541baae6ac2874dd75fbb5cc1f9ac6c58866f50fa84d7e015f478f59b2e,
data/raw/realwaste-main/RealWaste/Paper/Paper_336.jpg,paper,2,60b06c19dbf6f37a56e67c5d9040092447f45c15933ca6c1d20465aed7152c75,e0bdbdb9fff4d81dededbcb18f801902b00d411b807153c852c7c1b77f8892f7,
data/raw/realwaste-main/RealWaste/Paper/Paper_337.jpg,paper,2,3db4d49ab545bd809eb352c5e5714d61580ec9f66349781201d2e54bc076cf2b,9bfe67b8800465e9bc798f7233e73e276dd6c1d948787d811df409a03ddf1a90,
data/raw/realwaste-main/RealWaste/Paper/Paper_338.jpg,paper,2,6c937754e5e943a4ebed3103e8d7337b2c923c606698834ec7fdc057f23df229,19f9147ece5cef20190b21c09527d4b67268c77afbc700cf09cd4b9df7dfbf90,
data/raw/realwaste-main/RealWaste/Paper/Paper_339.jpg,paper,2,2eec0b443f0c48321d9bb53ae5b627fbf39d7acaa90afd0c7894eb704e934a03,9eaf3c0dabb71737e41bde1ba20845ac3725035004a561d79b623d81c553e64f,
data/raw/realwaste-main/RealWaste/Paper/Paper_341.jpg,paper,2,72c263efe6303383fe5500be5a7b03c02f643bcde5b4bdbd3d745186f79ec034,cbac5a20e6e1f1a854d665c62d7ac8781aaabe1eadad998a5190993cf16da2a1,
data/raw/realwaste-main/RealWaste/Paper/Paper_342.jpg,paper,2,9c82545823dd0bd00394f2843b7ac124d5304e33398c692c5939879d581028c1,dec7f58d1d0573f2a8723123d3745e5a09253f4ba0c986b94bde811ea3cd1bbf,
data/raw/realwaste-main/RealWaste/Paper/Paper_344.jpg,paper,2,a07b671b0debaeab23e510398dd7c67abfe298a1a64a04cfbda9a0ec9aebc82a,a7c07ae6673efff50cda88e0224a07ce44bfbce845852103e4ac4ea2fbaecfb8,
data/raw/realwaste-main/RealWaste/Paper/Paper_345.jpg,paper,2,12e9d1928a1944d1182a3ae292a9ddb31f58312fa1acbcd7929e36fb076399a3,42261d2c2f5800cc13639c4d8b324dd723e46a2bca95d128f16d54dd17721f24,
data/raw/realwaste-main/RealWaste/Paper/Paper_346.jpg,paper,2,489864cbc28af6d85deea00df007c0b8dad8496cd3aa952c238f9e247ed2cd48,753452771be012383583ef67e8f21d8f436c3fc8917fd8b13fb8a2e06be05c3a,
data/raw/realwaste-main/RealWaste/Paper/Paper_347.jpg,paper,2,6d87470fd08f2a1cc2d15f98779c247c07ba622bed655d21762542b81d81f867,6bfba44c2c734ad5f84bf21ef880492fba4b326d762d4b4b6e7fd3f71e6af4c7,
data/raw/realwaste-main/RealWaste/Paper/Paper_348.jpg,paper,2,775421046f2c22ca429cf948f1493c7354e059cdad64214c0a35db952d7d3ea1,d3011d670f05f8ff2457614f80f0532ecfee44e37cf5d5ef507bccca47c24883,
data/raw/realwaste-main/RealWaste/Paper/Paper_349.jpg,paper,2,43f80f1e3048dfe894e9e35dd2427843eb538efdf79aafd12da54551e29f5803,4ac140bfc863bd7c28266663d9809251671d7a99ba9889ef7a04f629579af619,
data/raw/realwaste-main/RealWaste/Paper/Paper_35.jpg,paper,2,a0b2d61a30033a309b1503ddd33ac6650dab4884fb41d9ee04c5f300f762d7c7,d175657e094a49148593862fe970ffc505801a4eff7bca70e9d2a0ca9896e859,
data/raw/realwaste-main/RealWaste/Paper/Paper_350.jpg,paper,2,6a7f78fa715117247a4b4dc1bf0d1153a5478c0b4d1d6d5768a3037ccb8ef2e7,c17fc52ecc8262f036d1425f78fbf245b33135a0a434404ebdd8f9fc0d71dc03,
data/raw/realwaste-main/RealWaste/Paper/Paper_351.jpg,paper,2,95f22e171014f6a6868c15c12d6cf2fcf1a7fc549adea18c63b6bd43ea7849b1,6c729f72b3f23c44165e5d4c584b99e4f217e87b7bb5bf5f268dcbf2b1e9f42d,
data/raw/realwaste-main/RealWaste/Paper/Paper_352.jpg,paper,2,8d3a15ec9bee2432356e201b5407aa9e56a8155f9190358739ff1931bc8fcc0b,54855f66f8887dde3d8641facb99bc1daf5f0608b6920b3e7b27577c22dabc82,
data/raw/realwaste-main/RealWaste/Paper/Paper_353.jpg,paper,2,d112f18bb9a49e8c7f1e07720132b0abbe3334b2ddbc78cb666c4eed86d6de10,2209e35368b74e0802d5202a2514d6949f378aa02483152986bd94e4916f5921,
data/raw/realwaste-main/RealWaste/Paper/Paper_355.jpg,paper,2,a2e27dbf70f6e3566ea39b66d609380e31fe082aecacd352e691526134a99f49,343ad7e1eb9e934473cc7aa8ee4ba30e2fb88adc7d598662874cc8b340e81dd5,
data/raw/realwaste-main/RealWaste/Paper/Paper_356.jpg,paper,2,97b5dda784fb5d38594e3f0dffa977a32ea18ba92d98d4fb63ae4552b71ca6d2,05b05820535adc5202a9e0ad7f8b30d2e64f97519f7e3f1ad90f77a8140baccf,
data/raw/realwaste-main/RealWaste/Paper/Paper_357.jpg,paper,2,28910059be321152d9d5022c0b449e6be7133838e6d6d6619eb1a9e5a1b062a2,b0ab3f25fef233b308d832267895654052315aacde06a7f843cd742a2e5b229c,
data/raw/realwaste-main/RealWaste/Paper/Paper_358.jpg,paper,2,0004915076e32d44b06d5bd7af33c98349efae9d8217a3838252a0578f68315d,e4a87a764bc07a2dda6597e0d367276c2b5762e3152dbaa13f95d4902dd2873d,
data/raw/realwaste-main/RealWaste/Paper/Paper_360.jpg,paper,2,d25f3d53a7a80ff12cd4f148acb7e2c52971fcd63a0c7cc4635fe622c5f5266b,96e7a38324d865ec6733178a9b8d63514612370a5918e19daf1a96a73c2340cd,
data/raw/realwaste-main/RealWaste/Paper/Paper_361.jpg,paper,2,0f63c3ee25cb3b37f93838f89bcb4e44ccf94199812934057241b52423760ee7,89d575c3d91207c45a3448f48898fc810cf036709c370006cbc6cbbdd74841e9,
data/raw/realwaste-main/RealWaste/Paper/Paper_363.jpg,paper,2,3b69bb25c7fedfbac35072a0493031471fa0f1438e6f6ce3159621ea935c1919,65baae521d9552d009e89064982c645085f35c6013d140830c9813f7d51f8036,
data/raw/realwaste-main/RealWaste/Paper/Paper_364.jpg,paper,2,f6e129460f71861a04ba5c592336821a69c9980d9d7ed178654a4823b2e1b252,7a75e578ee728209b719b2de781173dd9732370b7f9f098ba4cb4b16a67fac61,
data/raw/realwaste-main/RealWaste/Paper/Paper_365.jpg,paper,2,638c5ecc556a3988ebf8d03c10526264b692feb815898f44baa554510bdf5cfe,2104ab5932e9c571d66304c66d2f71706411882e7c76a97ced806a75ec90e460,
data/raw/realwaste-main/RealWaste/Paper/Paper_368.jpg,paper,2,ce61b69bc011ead5f6a8e4b704076ded12d94bdc9f7ad8c27425921025ffcaac,faac95c9086d7a87c6171245eefbf43214c2d925394ac96fc5bde601bce9cd27,
data/raw/realwaste-main/RealWaste/Paper/Paper_369.jpg,paper,2,2da4366b1ff425d704cd123bca71dba6d8a776d0d94c4eebf8ef93018cb6d48d,3c5ada49deac618855e615d5851cb38b9bb586ea4c8a97157ab868fa5bba5985,
data/raw/realwaste-main/RealWaste/Paper/Paper_37.jpg,paper,2,35d89ee9fc919ce9fb68e5ee9e7659f8213b512896a64c0d7ee99396f040cee9,d1b3795061224ed832c89493da8010281fb6dae55324d7f39cf3d083d51c4774,
data/raw/realwaste-main/RealWaste/Paper/Paper_372.jpg,paper,2,08dda4eb874330d4af4d41c79beb06852b79d1fc5dcf35a17dc724442dad96b4,1c55db30617a144d0762152672a7a6e6fae5387e46718b2d16f2761c7b13751b,
data/raw/realwaste-main/RealWaste/Paper/Paper_374.jpg,paper,2,fe37f9b08bf398feb659d3c920b82e7bff5a55c03b61eaeda92ac21689e7c3b1,78e5607fa0790eff18b9bd07c1b85bfe9bb420cb092a4414e637ddf0bf5880d8,
data/raw/realwaste-main/RealWaste/Paper/Paper_376.jpg,paper,2,e0d8e5670a7f0d10d1b0a83169299742f4cbec25891ace74374e838d5f63676d,87dbb9dc6999f6ffa6678bb7bb00fe1592b6a1add53190c7a6d99896ff68d266,
data/raw/realwaste-main/RealWaste/Paper/Paper_379.jpg,paper,2,e9790ea0d115504c719efc78729044bd85fe43670ee70eef741af1a693585c49,7e166aa97ce3d834fd156aa659b960b6879eec04155d8eb99a5d055b6bc387f5,
data/raw/realwaste-main/RealWaste/Paper/Paper_38.jpg,paper,2,bd394cea4b6bdb5468dc797625b68e1f635a97e51b99bf64f80f66d256c023ec,9d961a9d5e5e0b28a0153b9be2391daa40d76c9cf1dfe79af3c20b2d2c6f41f7,
data/raw/realwaste-main/RealWaste/Paper/Paper_381.jpg,paper,2,73f8e4212fd3751917aa751a78af0f9a79814512fafe3478b887c4b7f9020924,9a7580064af8f2a7cfc7c323598dd71146471079fa659f833f7d459e02d6a51a,
data/raw/realwaste-main/RealWaste/Paper/Paper_383.jpg,paper,2,f0794a92b0025c7467d2ba6d436daa3e33adcbdc39a9662631862a38ee50d35b,b1692b51a41b4b4f4a92ca8f3fa366e14f81deb6da9f166a9c8c5f2dd7d20b1b,
data/raw/realwaste-main/RealWaste/Paper/Paper_385.jpg,paper,2,ff5c2ff7de50df617517ad408ce162f15afa2d79866069e513ae8d6498422d40,7949fc7a73b9492f17ab53ab61e3b6cfd8b34cbc37001bc56f67b38e49742557,
data/raw/realwaste-main/RealWaste/Paper/Paper_386.jpg,paper,2,6abc67d7ad79182b48b9dd8f4d8d4a03bdb56e0729f47bbc6b54810f7fe5ac47,136f67a90ff61aef3132be33809b7aca8c6ddd7785cab2aaa0b6885573df0f1a,
data/raw/realwaste-main/RealWaste/Paper/Paper_388.jpg,paper,2,e9c9dcc5a049c0539bb897130692502634f9b837cd2093aed0ebcd9f29c655b6,0d1c21c62b1a383e51c67402fb3d9861043761a51e4ae882b0be7f29b81a1a20,
data/raw/realwaste-main/RealWaste/Paper/Paper_39.jpg,paper,2,4dd500ad86fc40bdc0ae2ec1b7d497eb544c3bd40c9bcf98ba4cfb76f979250d,0ad6a4c293c662de46727e25a9d1ffe302a1aa32260341841a9668d71542b2ea,
data/raw/realwaste-main/RealWaste/Paper/Paper_393.jpg,paper,2,edc4f22ed57c7a9027d20788bbc92f2274f7acafa6c2eaf0c97c378cf88cf41a,cd292819c6700abd01ecb4dcedb3c261e08055beb8235a1e56fb26177a3b4b50,
data/raw/realwaste-main/RealWaste/Paper/Paper_395.jpg,paper,2,f09aea415368802d8465a91254026728597f91f87e1d5a5bef9597a9f1af2e5e,9535c7c83a356b401dd6432480f224bbc4aeb0d6ff3b0d74570a1a16a1b15ae2,
data/raw/realwaste-main/RealWaste/Paper/Paper_398.jpg,paper,2,9e71c0a9750e8bebac5726a71c35f43ce4c9b144906664c1c368ec8f92c34cf2,fe933b55e9eed7aa99d18844048580ac26d2ca5837c9c5ff3313aed3ea6f84f0,
data/raw/realwaste-main/RealWaste/Paper/Paper_399.jpg,paper,2,9ec57d38db4b787142790bfd76a2f2267a76effb64eadf404e07fb73a4b451f6,5c8bf25f590df60a59941d3f06805896dde10e957696271e6d00f6131f83c083,
data/raw/realwaste-main/RealWaste/Paper/Paper_40.jpg,paper,2,6d54f8a35f5a20b9e7e6e73eb364e59d7ab77d55b8f7b2f5d28a6dadaea05dc9,2b72ad0e31a7c3c389b3446e36f657b57737c6e09eb7376ce53acc4b55b31ca5,
data/raw/realwaste-main/RealWaste/Paper/Paper_401.jpg,paper,2,7a790720797d55960b46914f810f3a5e430c431f5516f456e19bbe9d7a906d01,a6f8aaf62e8bfd19058cb4a579f0e4bb70134ea96e73c9d3548d3a306b6030f5,
data/raw/realwaste-main/RealWaste/Paper/Paper_402.jpg,paper,2,6c527c877779c073eb44cd48ae97812a4b164328b960e38ed40b29f06a6b162c,ebc70963fe8d19c1a3bf9f32871de8e9ab9e9e586cd1b2c3549545755328f851,
data/raw/realwaste-main/RealWaste/Paper/Paper_403.jpg,paper,2,093d39b3a7d2f42029f5b73ff26aa52b7cdd45410373d2b5b9191922f701537b,734ff331a4b65f7d6797005efd2b06b1e9664e261206890ec01f78f802cc1863,
data/raw/realwaste-main/RealWaste/Paper/Paper_404.jpg,paper,2,7cd6bddc6fe73df815482504812bc241af2d7f92176482514f25234325d5a70b,90f055844a94afa0db5537a26c5f9a24fbf0d7ddd85d26ebb360d8970d887cba,
data/raw/realwaste-main/RealWaste/Paper/Paper_405.jpg,paper,2,d200848219d37498502c30425f113694ffb1e0db9cc28b17af2925e88ec7b1fd,0406f886b6644968576cab591b96f7323cbdc9b5c8d34e69dcd1dbe8a4bc4039,
data/raw/realwaste-main/RealWaste/Paper/Paper_406.jpg,paper,2,d76223c4a1fd91366f51cb10bc89d9c86dd8e6eb42e4b4c49352cd0845575118,c4e765028a4ba8762895a6f3b96b66c7fb249ae75ac560cf2f2ab47c43581815,
data/raw/realwaste-main/RealWaste/Paper/Paper_407.jpg,paper,2,1029360adf3260ebee39c06e0d8b5bffd61794d2992088b2a996739afd5a5383,fcb16824a7fed14c5f3b562f21f3162dad7df4b58df538358ddf3528d0e52a1d,
data/raw/realwaste-main/RealWaste/Paper/Paper_408.jpg,paper,2,0ba5e0542f7f8c0f2ddbdf39208b9188c575394ae8e4a0e4daa03b9b8c7b3b83,86ae8c0260b7291f3b27813e892ba5ddd54cb43cfa9ed252ca350fec17b60c00,
data/raw/realwaste-main/RealWaste/Paper/Paper_409.jpg,paper,2,1327f842408d33b074680fe00e562992dce8d622a514876c5c4f30b9a812548c,5432202eeede111c8904e13332dd88807321dadaa2b7381b5719e1a084d7db43,
data/raw/realwaste-main/RealWaste/Paper/Paper_41.jpg,paper,2,9544fbd75c6dff46afdc2c6814a8d0b10b939246cb9c53c85e03b64fc38f98e6,e297572d0a9111faa8bcb67e10809cb7c36f9675cb9c02f2d8cd7b3c10b189aa,
data/raw/realwaste-main/RealWaste/Paper/Paper_410.jpg,paper,2,0564fb24b1d95e887eff8cd1d5708947dded39409dcda8e458ef57980ab468f2,d9f00ad3e7ff51090cf2ade6421b7dc80aa7623c3dcb703a6ffb8b05516fb33d,
data/raw/realwaste-main/RealWaste/Paper/Paper_413.jpg,paper,2,2875febd6f95c5c7314808067f6a3253ccb368e1f7c066618b0365d8b027fe26,f1d544a5e15fcfcd28543affd41886e643b05c15a40db758c7dd45881e76b881,
data/raw/realwaste-main/RealWaste/Paper/Paper_414.jpg,paper,2,919df603761a6735469314a9d07bb8d86beae219c8bab67b71cb548e0ee0b96d,a2835fc90833b8c9fec73b0794c93a8099c008e8ca1218ecc19e7a77144215af,
data/raw/realwaste-main/RealWaste/Paper/Paper_415.jpg,paper,2,ebaa08e433b513e250757520b2f762a4794db70613a34211d2f3ff267c1c8f45,be916401a8bbcd4a686c7c1e3294a017f9a4be7dd29c7b6a514dfac98ddfd339,
data/raw/realwaste-main/RealWaste/Paper/Paper_416.jpg,paper,2,a0f91c4f1d5450c10f0fe70238b1459f7e7df18969df331584ac2b73dfe7c02f,b1a6e093191873d9371b01d5957c5ace25dc0af5631736116d6b1795e5180664,
data/raw/realwaste-main/RealWaste/Paper/Paper_418.jpg,paper,2,e51853960ec01d622016aa5007f38969e479486bbf95d19326fd464a94c8e878,e6f2f6788d7b0cc14943119abf68b30e2caab42e7d47db3c628593c35cbfcb24,
data/raw/realwaste-main/RealWaste/Paper/Paper_419.jpg,paper,2,b58ed7a339902b48d88fcc7592215f8eb095f5a1c4f926352936dd3764c7723c,82197d55939d60ef8ca61d65e17f8f911238bfe65eeae216b0348e7d402d12f9,
data/raw/realwaste-main/RealWaste/Paper/Paper_42.jpg,paper,2,f73a49317390aff1225e77cec51993aa5b45dc053a497f5eeb0616d909fc0990,87b921bdd728d2c86f490382e7f248541afc78f092d39f95a7d5ffcc1f9d2f28,
data/raw/realwaste-main/RealWaste/Paper/Paper_420.jpg,paper,2,0ce029d54ab28abcce222231341f4184e1c3cfbe444fc0f34344309836e45bde,c5e393a0646c266fbdfed5b91e9d881de0c96eb6009a3257212c908674cde4b0,
data/raw/realwaste-main/RealWaste/Paper/Paper_421.jpg,paper,2,ce027c8b3ba17d301e2983571ad720e2ec26648f332f50f184058cabc167a78d,ca9b828f557b16e6e6674f8d5bd974eb2e8e282bddb173688d06e0b78801a46d,
data/raw/realwaste-main/RealWaste/Paper/Paper_422.jpg,paper,2,aa160e449fbc55a421a9ea140a4a7dcefc7a291fe29536e501f1bf4a57fdfc30,245b2132f5fe2ae757615314bb14d70f46cc72bfc891ce64d977fcba0671365d,
data/raw/realwaste-main/RealWaste/Paper/Paper_423.jpg,paper,2,59f10e249c17ddd36076ae4421cc34b08b2625634b37d8e783995f91cc4b3aa5,c8deefb51f8847fa2e9aa21ebe0c42a550c5c3c1ab4d9d4e7ba4d9aab2a49116,
data/raw/realwaste-main/RealWaste/Paper/Paper_424.jpg,paper,2,97b3c5cd2dab340ef81e9de447a543793cef8063821ba1861f4ab38902251848,4772f6d546d03e0de3d58efc301ada91e032611ae42ccfcc286aee07acc0e387,
data/raw/realwaste-main/RealWaste/Paper/Paper_429.jpg,paper,2,768fb6406c63bd3f6e4f5008556b9494af57e83189cda88f98ba6d69177e5b63,4e1cf55fa098dbd3a2c905fc4ce0c731f23bc503820165dd69b2fd7c8cb2200f,
data/raw/realwaste-main/RealWaste/Paper/Paper_43.jpg,paper,2,7d1d3df1dee544eab1b7df1540c02145e59f33ecfa69deb6c8aaa892f21985ac,3ea59cbb608875f46c91cec3a02a013316a7f6595222280fb8269cbed6e099a2,
data/raw/realwaste-main/RealWaste/Paper/Paper_430.jpg,paper,2,3c2647a5fa00bdcbfa612167857e8d925d01ae6a0a91c324d68d77b029f75a8a,35a57158bc47c0c8f215586a14f104160c54d95d8618b854288936a9aa5945bd,
data/raw/realwaste-main/RealWaste/Paper/Paper_431.jpg,paper,2,f43011a8de8dec7601d719552e322759dd131a77f231b5eee2b9ccf87a203abd,c8fa958e1b7ab041c7542665fbf4adf0633f6b8eedf9253ba8eb17b2e3ea8183,
data/raw/realwaste-main/RealWaste/Paper/Paper_432.jpg,paper,2,093f880bac59742b6f00ce408605ca790440dc7a64d73fe0994a3b4035dfa471,9b4ca858cf866723955b44da0a019bfa63f44169ee2c868753d2eaeb4e8692c7,
data/raw/realwaste-main/RealWaste/Paper/Paper_433.jpg,paper,2,a65c677b4fa57b10467890af141dabc4a2fabc868dadb92b9721b433998f2e00,3a2cf180e952b50bb37e201388d0fa42fb0054bb13e001c70a42ba92fe837c85,
data/raw/realwaste-main/RealWaste/Paper/Paper_435.jpg,paper,2,fc03b314802434ac35b4713574f1d2e1ca6ee16d5e687b31dd8b3c6d6dfd9360,8d397881d6b1fb6386c32fc56098a99e2ab49dd5bd5a97b84b331fd2fa4949d6,
data/raw/realwaste-main/RealWaste/Paper/Paper_436.jpg,paper,2,e210777b98c206fc5610df0115534cb69a82c5b2cb0f2493452272b6ec232548,bf2d3e92eba180fa031665110494e853f7a33c7e8a9b3f3e22b56484bd2b76a6,
data/raw/realwaste-main/RealWaste/Paper/Paper_437.jpg,paper,2,9a276e0aac40c0aaded40e91a7eb602cc2b292393e9580ea9106f97d4068797e,04427fe8cddd5ab58b8f469ec88e134b0aee5bbcef53a15c8585ce3d0378937f,
data/raw/realwaste-main/RealWaste/Paper/Paper_438.jpg,paper,2,31c94eb328755e67bb656d3fca8ce054d535239ef0608d939954a7c33b369c69,55514271aa491fcc8600c0586e11af4304558a84e72beacc58859143a5f53916,
data/raw/realwaste-main/RealWaste/Paper/Paper_439.jpg,paper,2,d9fa1a60d82c41b045b1b0522645b11d8ec70bd2f60882f6626a6c716f40a4af,2650fa8adfc655ea1e1d7530f7ff87a59a31d6c6ca9d203697a5eb45cb8aa8fd,
data/raw/realwaste-main/RealWaste/Paper/Paper_440.jpg,paper,2,09f420a22bbc66f66d4fc02d4175fb93b10874b3feba3386552c9127a713803d,0b979d3ae14b192d7cf97fa867cc2592a8c7975c639b5b82df08430e1659ce66,
data/raw/realwaste-main/RealWaste/Paper/Paper_441.jpg,paper,2,e483a84715ee08912a4f785ec427ac7453871c96e664fcad94eac5451851add0,495078a861fdacca1e84aa44ded23b9906f1bd8004f94433967a1cddb7304e42,
data/raw/realwaste-main/RealWaste/Paper/Paper_443.jpg,paper,2,e416d21d0fd20f626811f8f5cba4cad7ff69625d2c067467aed4b91008c65990,ef930606771f739751672c77186a56309618a95993e04cbf1607b1d34f4a2c7b,
data/raw/realwaste-main/RealWaste/Paper/Paper_444.jpg,paper,2,902f9422cef3b8389532b4aebaa1b2dd55697a1b3309be9c3006cfb8295fe3e6,eac2bf28f86cb85798ee983e40331d2b4083bcb7885bc8aa10dd46bd26bb6ffd,
data/raw/realwaste-main/RealWaste/Paper/Paper_445.jpg,paper,2,6affb7cb77ae7363828bffdd413bedeec9d91a9afe6115d8141647ef99f4933f,4b9464e8b35c39765a5d1a6cc7e3bad91d3e38302b46a69e623836e699519479,
data/raw/realwaste-main/RealWaste/Paper/Paper_448.jpg,paper,2,3248442e7eb585a774f316654f58681da44db0e5599c721064f21c5bde4e4257,ce50f6a84697f260c180655e08b0149f93476d171191e6f1a71bdadb8948b259,
data/raw/realwaste-main/RealWaste/Paper/Paper_450.jpg,paper,2,07b48c62934753fd50e8c1792ba310c493ee9689444ee1a032115d7fe3096284,49cfc12f8e06053e90c42e0519f96a3a3e1fca553096f4d8a7c2dd029b73f74f,
data/raw/realwaste-main/RealWaste/Paper/Paper_451.jpg,paper,2,a4b50f8ad8f952a0872956a3cefbb7588838d3008bebaa066a1c69afe3eebd0f,18d24c0dedc5de50b90993031d8ab645e622dde8cc15d8278ae8a5264f3e1456,
data/raw/realwaste-main/RealWaste/Paper/Paper_452.jpg,paper,2,25c70ea7bac4d41981f426b76d56416a339999ce10c133ec830a55b6efdb6ab9,56c6c216ae6c98f49512aaf97edb5180e2db1c1e90ddb3602e219cfb36020b49,
data/raw/realwaste-main/RealWaste/Paper/Paper_453.jpg,paper,2,c9cf01f0dbc6cf0e9ec457a0c0002edb7e27d1f6adf982e684316d28c3d80700,8a348e27d17b3da2be3bcb1f8393f38edeb6a2918980f2b110436991e49378fa,
data/raw/realwaste-main/RealWaste/Paper/Paper_454.jpg,paper,2,9e71e4b85099148ae752a40ff6f797b68bc6fbdfbcee9f4b64500d2e2c3e6831,eddca75f60af4bb7511020584008a8cbb167b49f8e4fb8564df84e8acff1fb9c,
data/raw/realwaste-main/RealWaste/Paper/Paper_459.jpg,paper,2,240e3ee25281e401f2d25097c95094d6c28b75dee1b1487f27c2c333e236d4ae,f1045ad59d837c5c355d1af1fade3ae4ab32ebdabaad10606813e37b26dd640f,
data/raw/realwaste-main/RealWaste/Paper/Paper_46.jpg,paper,2,722f2f170bb5e40cb3d9ea46638573bd8bcdaed48aaa767c429c3b264411c38d,35ce53f70542b7a936c32fe24b0c0e7c06e72220ee1c0e16e88bbbda764c30ed,
data/raw/realwaste-main/RealWaste/Paper/Paper_460.jpg,paper,2,be86e857605c7b8e1706f48dfe87fe213139a997e854494d49d03d2aae77e5cc,8f8e32e07e866ced8225d6f2a797afc7800fe2fc463d6e469d01488c74a3668a,
data/raw/realwaste-main/RealWaste/Paper/Paper_461.jpg,paper,2,20235ba597b773447a7f3596ffb4469e2612ef0998a45f18f9f4db5bd35582cc,6a44be7fa7adb74c143b1fd0836c559c0a3eb02b5519bceaf03e5d784a897d90,
data/raw/realwaste-main/RealWaste/Paper/Paper_463.jpg,paper,2,ae742ba17fade32449400b60e8d99550cec9682fd0d91cb652eef92c04b3c75e,b1076ad05a2be295a5d61e7342da4efc96e790c273f9a0fde96f8566c9b42cb1,
data/raw/realwaste-main/RealWaste/Paper/Paper_464.jpg,paper,2,356d48d0898f86c1e7dc5f3d628d0c92d374a5b6edec661ac1ff9d8bc4bb23dc,f22800bf3e49eb0e9e3fa406bc4711f88b7b3b085429022004b8c054d7fe00c1,
data/raw/realwaste-main/RealWaste/Paper/Paper_467.jpg,paper,2,a7560e0f84cd980c47528928a5b83f8ae144255c42b9dd429eb90a6553bd92f9,9f2522b077909ea2c9b8812f3396e6d73f2632b199da803f515060022ee3fd43,
data/raw/realwaste-main/RealWaste/Paper/Paper_468.jpg,paper,2,8abb7ee597478bf62fa129322b78433625ae2c7705637f95930d2e6c65f078e2,ccca1abace55db22894534ae59db154ca14567ce0a55f59befc06662a0fa9e1e,
data/raw/realwaste-main/RealWaste/Paper/Paper_47.jpg,paper,2,8532ce14f95e1c45eedee81972c8ac3b5a940faf68a54d3e247d709ca5a24f16,066158d8f0ac77aed3ba18c4f3a2aae8ea44e43d47613e70959563d3219c30e7,
data/raw/realwaste-main/RealWaste/Paper/Paper_470.jpg,paper,2,1919ab777270805a2e2b2681be5be21aac7514c97ef32ff44b0239d522d1b950,a0c81245e9abf15ac2f81f0a9e99cf558e9f80143b93a45c9615cdca1bfd58d9,
data/raw/realwaste-main/RealWaste/Paper/Paper_471.jpg,paper,2,a4f7e71e2689a9ee9b5a3b229f74e59f0cf0e8f10fd13a043c0bdfddba1f47d4,7b708a327e098e53bb4d88cc8f005f9634d5ff77ae66cfb6ebbf52e6991ff12a,
data/raw/realwaste-main/RealWaste/Paper/Paper_472.jpg,paper,2,37e186b82f1769106c5fcc5e71a06078c73f48815781b472492cc5bb0a432a65,3ec37a75d203b5dc9aaf24ee02f2290ca42cc11902a19d881ec1cef4353ad3ad,
data/raw/realwaste-main/RealWaste/Paper/Paper_473.jpg,paper,2,997ea99d1b2e1788c5070a5d23baf951ed0d02904ab81246b319728aa9933b05,4650bb3e5efe3f964cc58caff6a51beda868df72264cdf25495136a262a59347,
data/raw/realwaste-main/RealWaste/Paper/Paper_474.jpg,paper,2,2f1c628d41683cd8a6ef70590344dcec83c355b74c671a81e5e5a5642c6162b0,390206ffd76dde4e83072c38c4b098da6a07f50da74ee129522a820b56289f9d,
data/raw/realwaste-main/RealWaste/Paper/Paper_478.jpg,paper,2,9ad20d1d2efc7c5cba32be06f5ed3d9f861fa3e5c93d14c013e4364bac4196ff,4728b3aaa51e980a8155817f94e0ff372179f9768ed8155a938e18b5729aa622,
data/raw/realwaste-main/RealWaste/Paper/Paper_479.jpg,paper,2,4e5bd1d919d78addafb3abc190441e71caa1faf9bf19c91e36d91768828f754a,2c00f2ac2ef0b234a6e05c048083e4e6146f24cb3fc3764ae380f985308bc1bc,
data/raw/realwaste-main/RealWaste/Paper/Paper_48.jpg,paper,2,5cb433ae088417f23520bf1df370dd5c62291c22ddea6c940bd717eafa56824b,c7a2c3a0f64d689f165b7e918c3b63894786aefe2605ca176a00de5ce4a30e82,
data/raw/realwaste-main/RealWaste/Paper/Paper_480.jpg,paper,2,1fbb1b69d809522da8142a4a635930c96a3531edd6314e2d9152a0456439bb9a,d73770eb1191d7974fd7d6c2dbca895c9beb6e836d1b7b60a6127bd22cc2f2ce,
data/raw/realwaste-main/RealWaste/Paper/Paper_481.jpg,paper,2,6a1b28beacfd2d0f3ba7587ab4928eb90de1f70345c2c491d336c0cf82a36174,871654d0a887d0f19d36fe47ff1074c4467889a80d224795e5257e79af59ac49,
data/raw/realwaste-main/RealWaste/Paper/Paper_483.jpg,paper,2,ff36d012c5995eedd3e9655003f40e8bef4656ae155268ca3312f0abdd6f0de9,a93ea57d5bc359ed5477a72536b73bfcb52c9bb3146b3242acebfcd4dc1baeb4,
data/raw/realwaste-main/RealWaste/Paper/Paper_484.jpg,paper,2,7558fee18dfd85433d37eacd76af1d943fb0fed969eb337d70f0b412b1b2a178,5bdbe0bf9847cbc79315444d92e398186e4bf3d1c2af7dcbb61c664b821e3f8a,
data/raw/realwaste-main/RealWaste/Paper/Paper_485.jpg,paper,2,7c853555cfbb13c9095efd223dd433158079f5006fe14d3387e2f5159fd20233,8887080ce792be25fdb42856085d352d677e5a67aee06778bf7ab072c3703a4a,
data/raw/realwaste-main/RealWaste/Paper/Paper_486.jpg,paper,2,9b1ff1d757258c0d56d17d5a47dd394a7ec96a9749a3b0a9bf901fb792a9ce17,e0d6da829931b7478c2a09b400dfc52ca05e03e03a089064e6fbacdfeabf0c6a,
data/raw/realwaste-main/RealWaste/Paper/Paper_487.jpg,paper,2,23eb81e24ed2181da8b48e37418658d2074ea9596d5aa9e733e68a04b46b25e4,dcfeb9c1cf9b1a0a54c4a3609ab7c1f0e1ea79a585210a01928cc789276fb931,
data/raw/realwaste-main/RealWaste/Paper/Paper_488.jpg,paper,2,af7b1dc684c7808becf403396d77d0fd6793960fc9bb8cae07e4910e494e6045,5c7edac6bb1b1fa0f8f4ea9b2f34cf9fc44925ba8fc2307b123a8a484a26c383,
data/raw/realwaste-main/RealWaste/Paper/Paper_49.jpg,paper,2,bfd98321ef0ba1989a7d57dd867b5b6a53c1720420689766ea35143a1954a245,72a911044ca2e47dfdfcbfd24a80f3622ad41f3ac8e647ad7494837aac5554e0,
data/raw/realwaste-main/RealWaste/Paper/Paper_491.jpg,paper,2,402db6acad5b7553ffedb47f353a97809e9dc8b3f3de940983af3bf9ffdfd13a,755705886e0815da8ebb3273c84d3be6490e150e434ce48595ed0a17bbc3d844,
data/raw/realwaste-main/RealWaste/Paper/Paper_492.jpg,paper,2,b5f68dc74075d90cf847d0016a6b1ffb294f7e302e12aa80c00de9b47c8d93f0,9aa0e5c163f21f5ced9ec7cad42c2cbf0c6b5735d2bb2fb1c04755f4c3665771,
data/raw/realwaste-main/RealWaste/Paper/Paper_493.jpg,paper,2,6d0a87590b25bc1ca7d328804b55a2219c21514b00b65cd2dfbc2a053813d3c3,2529e67ac30f828d1015912026f70ff30973b59af5f9bca573a85d2224d00b63,
data/raw/realwaste-main/RealWaste/Paper/Paper_494.jpg,paper,2,d3929aecde1316c1addeaade49514757474fbb46084bd3ca68f597fca319b23d,0dde6ca54456c82bec163a3d4eb157f8b304aca7a43e687865eed57b9f077b5a,
data/raw/realwaste-main/RealWaste/Paper/Paper_495.jpg,paper,2,0a0af3bf54ceff1812103c44301923e53f05ade3086be56d14b1062fefc4b70f,0c5e999bde52de36bfe8b5915403bbcefae0f6b28fe31f4595f52d6d6d6ba51c,
data/raw/realwaste-main/RealWaste/Paper/Paper_497.jpg,paper,2,28860ccc5b81f64ed799679161c4a6233b0b754339f647389be8796faeadcd92,8bf0a3cfb31fa450bca24f719456a7c49c56ceb9d279cdb99922f62fcffcdb40,
data/raw/realwaste-main/RealWaste/Paper/Paper_498.jpg,paper,2,3689d5a212b193424c0001ca172cd27d15b76484f396530b7cc2e455f2287a12,6e44dd769f077b1b7d73e117019bfd4ce609538dd018f70244783fce2058ab69,
data/raw/realwaste-main/RealWaste/Paper/Paper_5.jpg,paper,2,39c250b5001be0da4a8a33fb320501f560a02b91879d949a0d411df6179ff5fe,b8c7c6a8c4281ccb02b3af90d2a23184b4b2fd8ef163932bc6dffbcd98a4ea81,
data/raw/realwaste-main/RealWaste/Paper/Paper_500.jpg,paper,2,2be293a89e0088d43729eb0ee5fb5941876e3ac95472221189fbb534cee29d01,a7ce9d840d3cf59aabd57923945ae8399ccfc865c83073c55d325458a17cc78d,
data/raw/realwaste-main/RealWaste/Paper/Paper_52.jpg,paper,2,680d48d37d32f49df5a2f43c2f9d135c512f4dc8adb0d2e6731c207db8f0c963,4946a96207463c522d8e19a76d2856ab38c32074f4fd07784d18e100511f0336,
data/raw/realwaste-main/RealWaste/Paper/Paper_53.jpg,paper,2,c3450fafff5f39b31e5890fa46dc56e493d2e3b20c369f89ed2042037de46c14,45d5d4ea53c591a90ca57cb9f15c6aeab72e94a6ba0096927da184657af67434,
data/raw/realwaste-main/RealWaste/Paper/Paper_54.jpg,paper,2,c1abddf6943fab69eb98d27ef7c97e854050473c8f5114983ee04568ba3efe82,00f3c09795d880e4ae34c70ee5e8bf2254bf577725dab5cffc3959071cd4f1e0,
data/raw/realwaste-main/RealWaste/Paper/Paper_56.jpg,paper,2,569afb233a748079d74dec0dbb3f67540254dcc418ecc9886caecb32241121e1,60871438aea875bcd955e17c41815e234c3c82b96d4b0eb13f3ee5c184d9182d,
data/raw/realwaste-main/RealWaste/Paper/Paper_57.jpg,paper,2,5561b6bc6b0635853e1234722801f09baf08083eec31bcf2bc99306c90a806a8,9e38ea04ec299e32fa8563f01e922596d1ce9e83c59e5ae2ef5cbccd92c4e600,
data/raw/realwaste-main/RealWaste/Paper/Paper_58.jpg,paper,2,46c8dfb323ee87a35d0d14e61672b8c2f75ca64bf4776da4dfb644ab6f7617f0,b195d85e76c64c16af48902d62c60deaf9791208930772861bebed3e26582348,
data/raw/realwaste-main/RealWaste/Paper/Paper_59.jpg,paper,2,b45e3be060abb5a685986e4cd6f7ab2e5fb8739d70d6d14a17c526cccd1674da,593637b71fa7fd0669126d665248f36b2277ee5ab67328b4f8da23de17bd33ae,
data/raw/realwaste-main/RealWaste/Paper/Paper_6.jpg,paper,2,93788a4e3fcedbefabdd2e79098cadd0b9001f2b15390ef8a67541057c787bf1,bc901d059645725919cbf06d090828543827a26c499df38b47a129088db9c5ad,
data/raw/realwaste-main/RealWaste/Paper/Paper_60.jpg,paper,2,4edc93baf0b3164973d038c3a8e631b903e7ae6de134152c87535340ccba5977,70cd3c47a14a360f9cf306d096f50875c5daededcaf610694bd151ef641f7a33,
data/raw/realwaste-main/RealWaste/Paper/Paper_61.jpg,paper,2,e0bd4361dd939c5ed46dd34942a2f02051249416d25d64e12dd38a5c5b84e501,e432f6819e69495b62baa60d8aa468ab4bbf0ef03a9601cfe9755a0bf6ab4290,
data/raw/realwaste-main/RealWaste/Paper/Paper_62.jpg,paper,2,b6ed6e90cf25f869be082eb60bb913b781e781a5917de1fe5dac35880e8b72e9,c6b0a17b1c67836a5f8d5a513b69224c1a4fded6c35df17ddc8cf974c211d2ca,
data/raw/realwaste-main/RealWaste/Paper/Paper_63.jpg,paper,2,dd8eac7bd6e068c3302ad9faedcc2a6ada645e5798e72cc782aa6b6e183a7ca1,06e0bb1f14cc9ad70d47a10606559bc7986a95db4260a0c34ae49e9b5e80cc5c,
data/raw/realwaste-main/RealWaste/Paper/Paper_64.jpg,paper,2,8d107da55eea555ef3058bbd5ceb6a3ec5c3990d448b8590813a3181f520db1b,1eff94c692ccd1345241215fc371be442545230b529fa8728e407494bed6a155,
data/raw/realwaste-main/RealWaste/Paper/Paper_67.jpg,paper,2,14a295d995c49185e95213eb41db4f7fbedb31ad976596605893455813fe9330,05daa2cdda16d1d37cf17d4a2b835cc65d6a40984ec9189329fc98119b1bb8e9,
data/raw/realwaste-main/RealWaste/Paper/Paper_68.jpg,paper,2,e755d3ce397398af015e9063b9a2872cf6ef2b1bcb79dc35ac56462ec94db88b,36385352b37c656b35eb65831afc8bde18b431101e909389e1a5514df4ff12a8,
data/raw/realwaste-main/RealWaste/Paper/Paper_69.jpg,paper,2,0ff5798787fa8c4d9b22dc056ebf1a4e5ce3b5b7913394402440062919a5b7be,f0a46e16d05f5c7772c1b53063aeb888284f500a4f9a8d52fb2dcb92f13edba3,
data/raw/realwaste-main/RealWaste/Paper/Paper_7.jpg,paper,2,bc41a137826378e7329a08a800bee19208a2ae9ae6b304a3dd2774ec2d9a0dbb,a34a26a2fa71187539c9d04f1a71dec3cbde8654881362ec9ca92836b486ccbd,
data/raw/realwaste-main/RealWaste/Paper/Paper_71.jpg,paper,2,28b036dc0c42180371e33f8538b1360fc714d15ba652bceec5c62d69b800c3bb,4f58a6aad64f6c181510f9410facf3ecc65179bd321da3e58631a264cdd9b467,
data/raw/realwaste-main/RealWaste/Paper/Paper_73.jpg,paper,2,7239ce1ea19e6dca831b8192325b1df266e7da6540dc13f4777fb2af1d9fdfa9,55eb51673098c48fe9dabbde241e9ffae39103d20f3cd72ed646deba206df6e6,
data/raw/realwaste-main/RealWaste/Paper/Paper_74.jpg,paper,2,500e65e6ff2397b1b9a11bcfe564f45d24ee8cc0d70f86561d8c788477c11ffc,3851a111ad0419b3980eece5b5ee82036215e980a9e9e0253c719c6702e5b610,
data/raw/realwaste-main/RealWaste/Paper/Paper_75.jpg,paper,2,6bd41d5cf689435fb5a01ed595cd28336e3e3d14c6a062ab9880ffa89f278e8e,5979fc09f9bd3174ed11e0a353ca035d6b524226d05d98f70f10aa4f367d1752,
data/raw/realwaste-main/RealWaste/Paper/Paper_77.jpg,paper,2,f17d89288c0f242b3ca3b908befb4a362067d167e40ce31b32bef0d49efb2d99,d35686a48d704ca036492d1f00d8bd3061b1b699a29ad9af515ad386bcfdf5be,
data/raw/realwaste-main/RealWaste/Paper/Paper_78.jpg,paper,2,79e951d30d06a996d3d78aa473dd161668b04f6fb9b80288747915eb6ad9899c,a060d04457747ed5c2668e8f312fd2fe9b55c69da2a6d33d4201d32fff24a5c7,
data/raw/realwaste-main/RealWaste/Paper/Paper_79.jpg,paper,2,01229e5e75510d8e9eda1d1638f3599344c6706f7d624422ba8f7868321240b5,ad95645ee0f505c041a5c76106694f2a0d32913757e4ba684ce4aa4c94139192,
data/raw/realwaste-main/RealWaste/Paper/Paper_8.jpg,paper,2,81d059e37423ce5acbe7ad31b81476ddbdfe757fcd8b2ecf285872cbe2483294,9b7fde1799bf181b2f75763489cd882429f3f3b191a07609f0f8a0b3899c865b,
data/raw/realwaste-main/RealWaste/Paper/Paper_80.jpg,paper,2,f6a4dd2226cd769b8be80f67d25c23d843af12117bde217e41f6d1913a72687c,b3df8892a8520a91012e9e470b574faed1d8c5dc5a385aaa82510bbc87cfc5ea,
data/raw/realwaste-main/RealWaste/Paper/Paper_81.jpg,paper,2,614143e5109a6753388ebaa6ecc2664a58a8b5585639d4e0c034dda4abafc52a,5c3f93e2d8188bfd74c3aad00f5255807073a056c76d0038cf2a5881c68f4a64,
data/raw/realwaste-main/RealWaste/Paper/Paper_83.jpg,paper,2,f36391530f707bb1c9c4e3c04aaf66906248eb58ee5c8af7b9a4ffb5dd07bdc2,fd1cd4fd2a5f7c68d81a3e447fa27f559653dc39d6b9b1c49911f3156f704a78,
data/raw/realwaste-main/RealWaste/Paper/Paper_84.jpg,paper,2,9cbd1319f10e5eed59ba427c7859a872254a7189efc0dd583008681cdb592139,eecb628ad068781986ad5cdfb5c26fa3c37d5f836162696918ab730fc5d68180,
data/raw/realwaste-main/RealWaste/Paper/Paper_87.jpg,paper,2,0efb175cb15e283dc315fd4e600e0cb21d24571211a7d3d90742b0872015843a,489aa05181f22a98d743c3caf3ecba587cf0ffe12b35f0a4669e9f6c07eaef4f,
data/raw/realwaste-main/RealWaste/Paper/Paper_88.jpg,paper,2,a4635827d4864d4406fbc12d29f024ca908218f077a55c663662b05ac2d7f2a3,5b75909ca8a91f1ea7309a1c55959b9091f4744b660fc8daf34a3115bf1905ad,
data/raw/realwaste-main/RealWaste/Paper/Paper_89.jpg,paper,2,ec401c8a8d7c6291c761c5363c1ad49c63a74360df68a751ae15913f77b3dc02,e79ecf307e16a2ac57d3dc38bca39de173e9ae8c2bbdfe7f58deda1db2ee2d0e,
data/raw/realwaste-main/RealWaste/Paper/Paper_9.jpg,paper,2,010db41918906f51c027295a731e0514172fda3c1ba2be4694fb62b3ddbb1c47,cc309b7ce2e10a7792a7b341a4e231e43f38debf9659e12f105e599955674130,
data/raw/realwaste-main/RealWaste/Paper/Paper_90.jpg,paper,2,2bd3b37b12dc4f0b68076a5160f4b91bc5e53db6ed4146157bdd975bd1ea997e,8ff772b032d635b5713fa7323e1394e938e994276a90d4f93055963f3a7ad9d6,
data/raw/realwaste-main/RealWaste/Paper/Paper_91.jpg,paper,2,3b5d170520d2b520fef1f6338e551d24d6981663555da3f3b9186f9152825f4a,b1f3ea80c9dd6ae1cf792b3f3b56e0343669a5fefc00e9d9a2728b09272e522f,
data/raw/realwaste-main/RealWaste/Paper/Paper_92.jpg,paper,2,d2763737ca5353d15883963bc84fd778976c7a66a98e2753afc1c9e3c10f1d72,bf685e7410a5c4a2ae74495f35d5eeb6d263099d0d67a543a77f16f096a9bd8d,
data/raw/realwaste-main/RealWaste/Paper/Paper_93.jpg,paper,2,90918440d7d7d6dbf2c4acc0cae2a02e2aba517d922ec996b452387f1aff4213,86a7682177081fbc7c0a336bb0f4b3606765c3934b0292404e338d30ec6a39ec,
data/raw/realwaste-main/RealWaste/Paper/Paper_94.jpg,paper,2,a4e32474433c01d26f536c6a5c3c4518442c0d6556c86fb56446cf5cae8fe8e9,cb0e2584448db7f03eef59552dba684bd3d1784b969bde4abffd08a4ee79a71d,
data/raw/realwaste-main/RealWaste/Paper/Paper_96.jpg,paper,2,eaf460694313ef22aca6e6ee15e2377e41f81baec70500ce8fb25bc05d34556d,264acce64f47892ddb8bc24f086d537d04921def06f978d83c1dd87e39b21cbb,
data/raw/realwaste-main/RealWaste/Paper/Paper_97.jpg,paper,2,0c4914062ae627b5f8f7d463e76dee1b3a068fc8c0ef6ed3443df8d7c76c603b,c59bb0be33780eb10395e7847eb55ef403affb18eeec8a4ccefdbf68f9b21743,
data/raw/realwaste-main/RealWaste/Paper/Paper_98.jpg,paper,2,076f90152ea6f5eb2281dea48bf9d2ce7d2d3f67770569e2ee36a82581af8fb5,fa27b2e69f0bd1d62e862c925c8828d47b07ee01232e55bcf34d601a652f303d,
data/raw/realwaste-main/RealWaste/Paper/Paper_99.jpg,paper,2,7254661930cb4afddf8bbb4791dfec171b042f3016011e16f139be0cebdbdb94,f64ead1973fa1b3cc0d006510f95ba9298981655ec85f6c886ae3bbc1d04709f,
data/raw/realwaste-main/RealWaste/Plastic/Plastic_1.jpg,plastic,3,6df180f3bced8463015c5efad8f51db06c72d9fe0db1e310141958f9fab10345,0e8c918b48518a8bfdf4d4a9b1540f0cc3cdc093a2353553174d53c12cf9cb2f,
data/raw/realwaste-main/RealWaste/Plastic/Plastic_10.jpg,plastic,3,77908425012c3008954d9f40b2fdce249cc9ec6a9be913293713f5f1204f85c1,0183a97fc3d95c00a49105c98cdff9caa33d6da1adc63b293bd46463f46dcb84,
data/raw/realwaste-main/RealWaste/Plastic/Plastic_100.jpg,plastic,3,aec8952252c39be8f13b0f27ba68752920268118406c43314461bdf03a195212,f125b5e7751aea9c1517390daf5b8adbe5e793f8a5652404afa45c41810c7f1c,
data/raw/realwaste-main/RealWaste/Plastic/Plastic_101.jpg,plastic,3,77c76e5267fc9e9b566934ac9fb020a94525d84f2141d0e0b388706bc06db228,78d47833941ba5ffe941e2f4b365c45c924880bc6975af8710094ab0716de08b,
data/raw/realwaste-main/RealWaste/Plastic/Plastic_102.jpg,plastic,3,ab9d78b3d8682a8e9e9f439d2fcda2bd6e7e514842f0e6b8a8320aa0b4c5296c,630c8422ea7ed106979d6abfeab6140c99b05733f7bfe51e88b550362a453cb6,
data/raw/realwaste-main/RealWaste/Plastic/Plastic_103.jpg,plastic,3,08eb7311a00f3dbcec6682863525c3c44809107c2437bebf474008d26d31f724,243edac1971555bd94a2d99375202ddc1292ffda4393cd953af22a3004dee676,
data/raw/realwaste-main/RealWaste/Plastic/Plastic_104.jpg,plastic,3,0d8d36613bfa255f09a736ecacda5bdb3fef37a989a2431bf140379c71475b76,45435193873549c3d201f3be3bc1b190ff1f4fef7276ed3592a5acb46ea641f4,
data/raw/realwaste-main/RealWaste/Plastic/Plastic_105.jpg,plastic,3,4f6f5544a8cd67a4ea63a889396419bed6ff4a728fc03b8f0087d2771e2c078c,56ad1baf24dc09bf1b385a1bbf9d644c9e73423415246381f649057c8c4c130f,
data/raw/realwaste-main/RealWaste/Plastic/Plastic_107.jpg,plastic,3,f8d6a5d1872c66c1672d149431663927bfbed40a444377bbe66fd235c8fb2ae9,b5be05b4435d593dc47c2bb695f4f6a5e4fbf5df78b7e28a287cd81217844719,
data/raw/realwaste-main/RealWaste/Plastic/Plastic_108.jpg,plastic,3,2bd2e47f469bd89fa2624bb1ca9024a5b98ae860291291fd9aef943cd10f1c29,d9e02202b32a84092bd7cea556fcd8429b56517dfca11cbf41e7e45338e5febf,
data/raw/realwaste-main/RealWaste/Plastic/Plastic_109.jpg,plastic,3,2b04ef34e4ebefb6b3b4b2a56db255610d1330395e100e03d3aa9b84dbf88923,afa1ab9537631ae74ed46b3376ed67c3b13775ba1101f9928e5f33664e2e32f6,
data/raw/realwaste-main/RealWaste/Plastic/Plastic_11.jpg,plastic,3,756c12020121ebe31e04b840fa5370271b3f3230f946737f8e878b60cfd668ff,2d4dd59754924bc62b4fcf5f21d9228a3e13f7b2dcf487b599895c07f26fb67a,
data/raw/realwaste-main/RealWaste/Plastic/Plastic_110.jpg,plastic,3,bacee6b1071208f0f77c5b4ea8554a7044f1cadae307e58f452aa195123cb291,d01e081e802ce97114ee16b63a8e1e039a1d771a7b1696ea628ce151fbfa0dea,
data/raw/realwaste-main/RealWaste/Plastic/Plastic_111.jpg,plastic,3,28b36997cfabbb71273e3a07ba3760ff8324c78d3ede17d1c508cb3db0355b8d,1ef07a43267376df96dfb9e61f54cc7fe8719a92d4841fe4fba70c925c950561,
data/raw/realwaste-main/RealWaste/Plastic/Plastic_112.jpg,plastic,3,f76113fce54c982259f071483bf33566c8136d1b253278534cb329677a4ff304,97b0c48c5eca034999918df02e2b149a7b83f95a0ba22fe3b01c11486248e466,
data/raw/realwaste-main/RealWaste/Plastic/Plastic_113.jpg,plastic,3,e53de5588e49ca22c6908d8952772ea944fea227bfc543a86475503bda4fef6c,477d71bf96efef440ce87383082faaccec234ff4f270347465d14c500d1a4c19,
data/raw/realwaste-main/RealWaste/Plastic/Plastic_114.jpg,plastic,3,c27c548b0b9cd19542e8aa2ac47f79240f1d970e2c5aeecf119ed425240461ac,527ebcf6e8f61bad45774ffc815a7b5668018c233eba3edf1cec75893b14dc34,
data/raw/realwaste-main/RealWaste/Plastic/Plastic_115.jpg,plastic,3,971c719307b4c227a71dc844726bc7e9c400875e80a9a8b701e628fa74cf16b6,3573ee17b26c0f6aa5fadbf99a4d0d989c2dc9f6a1f2006fbd24211ac15b35e7,
data/raw/realwaste-main/RealWaste/Plastic/Plastic_116.jpg,plastic,3,229b80805b66ed71085e8a839d8d39e0eeeb2c6eab769eb627e92eca7dc12b8e,bb78bf3d7b5e64765e5c1f9e2fee9edc8fd2643e729a08a9732ab974076dbeed,
data/raw/realwaste-main/RealWaste/Plastic/Plastic_117.jpg,plastic,3,b5f6dace86294dd19052617e2aeea0f178453eafee3fd741443a6aaf81f68530,d65ff0c8f0492bae4b25050d624f05103296fe4dd7b14d7116b2130cb299ab66,
data/raw/realwaste-main/RealWaste/Plastic/Plastic_118.jpg,plastic,3,b79ad8afc0ec163a1c6a87358d81bb151e048db8dac6637485a038d509eed668,9153147479f1e91e92c561f0dc937331cb1ef195e84826164ed8437f11a7d16a,
data/raw/realwaste-main/RealWaste/Plastic/Plastic_119.jpg,plastic,3,9f5a5b02f8a02123d5e29aea0f548e54e9608593e3edcbda2716f3c49a1dc16d,5924bdbc65705721c777b17d5d757e614b62a0394f337cca0167e5be3eaa18f9,
data/raw/realwaste-main/RealWaste/Plastic/Plastic_120.jpg,plastic,3,66e28ad8e4ba1fd927a62fa0bc770de936b280c6c8ef5fef4c3e828a0e751245,ed7ce33d85788ec976f77de73970781e83c25a5f3381d17ed98ffc0f50245148,
data/raw/realwaste-main/RealWaste/Plastic/Plastic_121.jpg,plastic,3,af834a9048338ddd2a765f62161ec57af74799922095632f03110a9c103f4e97,e0319954cc17c554b0b333435349e169e47a561f7f607a91206e399ad949efd2,
data/raw/realwaste-main/RealWaste/Plastic/Plastic_123.jpg,plastic,3,a72a14ca338fca64e924fa1babc2e27276ffc8a1197a74daa54dd730004f47eb,8102f0ae42223c72aae9def7159e6c6165ab6b55fbc392df653ca5a279465ccd,
data/raw/realwaste-main/RealWaste/Plastic/Plastic_124.jpg,plastic,3,76fa1993a3e7d645f56ac2ec8772aa22515a650110fd5627e291242953fcdee4,585227d0cb8874d05d42c7c7f89282f7c0cc2488b5c48db3f1af7585129995e5,
data/raw/realwaste-main/RealWaste/Plastic/Plastic_126.jpg,plastic,3,8bdd0d10822fb676a2d3709d433ec1327980890468451ef5e19404268b2e5197,144109a25b0999b0f279654b52278385e455147ba6e34098356515563b8e72dc,
data/raw/realwaste-main/RealWaste/Plastic/Plastic_128.jpg,plastic,3,47b05ebb63e7a973120125dc212291763fda893f5f86fd89a11a83dd57016891,97d6b6d2bac3884ffb22d07a8e5acd24983d0c7eb49ba4b33ce07a1d993bfa12,
data/raw/realwaste-main/RealWaste/Plastic/Plastic_129.jpg,plastic,3,a8d9fda97801d56df5a5204297a34d692811fba915f3b2d434dfe8478fd0fbca,ac928afbb8a43971ad3d78cdeec3da56d09fe20d585eb204eb6263cb9552b178,
data/raw/realwaste-main/RealWaste/Plastic/Plastic_13.jpg,plastic,3,5f368d643d3ef97d51c533486c874cc48d891d960317c9cd3723cbf11ec96bed,025d2ff21a9771655c0a90e742d5b456a268bb2ac4feafc40334dee0d775b075,
data/raw/realwaste-main/RealWaste/Plastic/Plastic_130.jpg,plastic,3,6fcc88066f3bca58f955d7b20d085df7d67eb287636fefb931527702c17e62da,1f936043cea235c32e8165e1c3ddafd96b06cdb0f50056a431e1c4b4d346f101,
data/raw/realwaste-main/RealWaste/Plastic/Plastic_131.jpg,plastic,3,94ab4b0270725aed289b958b5a8bb051966ca0f4e2cfb9a81f749695749c472f,4f4ec827542ddc8593262f66cece309d0b50e079621f955ca5891e12b70b45ce,
data/raw/realwaste-main/RealWaste/Plastic/Plastic_132.jpg,plastic,3,d2858765f561ee419e64f5337ceb4fa53fa1275252a977437537eeb594d18157,1eeec184a63ba5fa79b50e07029027d172ec697b45b0262a2ae649e21ba322a5,
data/raw/realwaste-main/RealWaste/Plastic/Plastic_133.jpg,plastic,3,218d82e930e2ad2ab38d92c6f346df8a2099fe6c885362ac40b62ef67f21ad15,70396f1345d1c3719c9855cc92b2fee458ac42129f002edd316e838459561702,
data/raw/realwaste-main/RealWaste/Plastic/Plastic_135.jpg,plastic,3,c93c417676c3c1cdadfc0849f560fbf14c76aae6e7754490dfdc1d19388d4732,33fa7019e8856b42fbb71f30a23f273622a6d7f64d1184267450ed1b84688901,
data/raw/realwaste-main/RealWaste/Plastic/Plastic_138.jpg,plastic,3,2263949ae9ccc1288860e15b04bc43e17c7e695da75d8dd854f5f16a92026ec7,89ec0a6a36da99e5fc5c7a116a263b1e06ece2ed0e35f3b721c3f415cddec11e,
data/raw/realwaste-main/RealWaste/Plastic/Plastic_139.jpg,plastic,3,9a5952a1e170d1a90aeb6c37f741211dd66a3ff0c0f0df3093cba56c773eca68,60cb171c8e8444204d886079f33f6bce0721096b500b3d1f4ecb7212d451420b,
data/raw/realwaste-main/RealWaste/Plastic/Plastic_14.jpg,plastic,3,6816fecddb898db06ff6e717bf620b560176d0cc776cba0b560d71ed946add48,c6ffce256d9e9c93b806ba8c74bfd1ed691fcfc6716f4be90ed96d487d0d1d1d,
data/raw/realwaste-main/RealWaste/Plastic/Plastic_141.jpg,plastic,3,d32f8f2e822e008d81787eda920205a82234001d29bb485493f00bf45d43c129,c45117d420846c683afdee62524a77f021fba5526ba59704f7a82cbbe8e74b9b,
data/raw/realwaste-main/RealWaste/Plastic/Plastic_142.jpg,plastic,3,edba325f5306264d823fbee89ca8c167cfc3a67c601b4b36782651a98def272e,ec77503ac7033843d86dec3bb6c9c02320eb442c01289c4185f8d54e256eae41,
data/raw/realwaste-main/RealWaste/Plastic/Plastic_144.jpg,plastic,3,de0eecaa6057ee86a27685d3ee7f574104467f70cdb12a96dc668d4144f98461,941a7beba8c8f5061ac963bbddf9910942d2945483189cb0bd4e50f0dbbbf262,
data/raw/realwaste-main/RealWaste/Plastic/Plastic_147.jpg,plastic,3,160bec0f2b7d90aacbead801219cb2e9161e69bd054d64958b729c78cee6bad1,5008dd2c7f83768293c1bb340dbb2e2cf473f3ecbaa588ccaf5b391f3260d304,
data/raw/realwaste-main/RealWaste/Plastic/Plastic_148.jpg,plastic,3,aaea0ecdcf91edca3fee5fc3b91b326a641abd03833d185a24af8d9459697652,d6f181f4bfb2a0a29386fa2be8e8180f829fd0c92266e8b7e3b79412484face2,
data/raw/realwaste-main/RealWaste/Plastic/Plastic_149.jpg,plastic,3,0b795a96a5b913cb21fc36006a070f5b0c5801bc6119f130074b74ea3f2e5849,91bdec9ba27a13aa8b43d8dac2e6d829d93efc346c6ee575a50af96838c23df0,
data/raw/realwaste-main/RealWaste/Plastic/Plastic_150.jpg,plastic,3,df8463118d4ec696addb123c325fa5413657fa744c6e224c805d55895fecb408,77da27f1480611c954724449c291bdfd5fd83550ce381577fb81cd729e369f62,
data/raw/realwaste-main/RealWaste/Plastic/Plastic_151.jpg,plastic,3,86d466ba983c983450e3dc6aaa821152b1d835516c486f89b1c53545c39c18cb,6fee7556a98ab76d36859f8df11398af9160d94c454cdbe60681c95170f239a0,
data/raw/realwaste-main/RealWaste/Plastic/Plastic_152.jpg,plastic,3,bf6b809deeb27288d33eef7dbc18d92e1a8ef009232794ad56506e9f7185187e,b95b005bcf19f56b34a1a4cc84c7d0214601a0100563123abf06f65932c9ad58,
data/raw/realwaste-main/RealWaste/Plastic/Plastic_153.jpg,plastic,3,333d696c285733eacd6f2abc3aed0934918f6fe8decd8fa3688a50f5e0929ca8,91d91eeeef6b5a226812b9939fc288405b38b92d6a7e0425ee365147596033d8,
data/raw/realwaste-main/RealWaste/Plastic/Plastic_155.jpg,plastic,3,b70b4f060b7f4fb0476eccea0a8680acadafc123b91bf1b0a33dfa555e16ba2c,8b0a390bbbfb402151d084d04fdbc3342226203494e41004d2ce944259ff3160,
data/raw/realwaste-main/RealWaste/Plastic/Plastic_156.jpg,plastic,3,63101e84cc30e23b52f74740b1bc26fd4828232fb4e0b52d544675f1c21503e6,879a6704f5768d8c00552d88e16de3365c8d39debafcc3d5b623b164607f30a4,
data/raw/realwaste-main/RealWaste/Plastic/Plastic_157.jpg,plastic,3,eb9ca648ddfe0b14368cee759b86add610f3e432fde9f1a05c5638ce76043559,8a1ebdae71420383f867c851376e6556737cd45bb4c9a9697b4888c6e76db1e7,
data/raw/realwaste-main/RealWaste/Plastic/Plastic_158.jpg,plastic,3,714d08e256539bad5321667261b533f86db65fde015b3dd6026ea5bbfcd8c915,1ab6e6e379884ad907d2cf6fb65605e322c26773f978a747e54d1b10a140cf3d,
data/raw/realwaste-main/RealWaste/Plastic/Plastic_160.jpg,plastic,3,cccb0e528d2af2b9e0afc1fb15d4a544846311eee4a61cbec9d26c07accfc3c9,6e7a7859380caeeb8d5cb77ceb933a71bfd2b3071ca848d035d8cb23e388f4c2,
data/raw/realwaste-main/RealWaste/Plastic/Plastic_161.jpg,plastic,3,a7517a476b3d3758478f20cf56e4b1adfd23ef160592070040758fb0f895334f,281129a9dd2d584e72464a3f364582475182aed588c5e264087d098c3908be5c,
data/raw/realwaste-main/RealWaste/Plastic/Plastic_162.jpg,plastic,3,d9752a538644f8bae3e8acd1165107a6b2f41834d9d7781f597655f6c50dfd83,8a4474b39e6574e6b849240bf06286723cb390c6f43e1fc3d1e78ca0eae8a583,
data/raw/realwaste-main/RealWaste/Plastic/Plastic_163.jpg,plastic,3,8466a3261f150bad3611a2b2aed8ce68ac654935a3287738925fb394a5acc2ee,6e334d3cdb6e8a620f478074bdd707e3135831b41b0a7aaead788c6d641c4648,
data/raw/realwaste-main/RealWaste/Plastic/Plastic_164.jpg,plastic,3,9ad46325397bb516cb27077620a081d2bdfcb27ec2526c805578e442909a8052,3bac2151526c582d87b22d5d1f2666410908184e2ed4ff3bbb18e791dbd413f7,
data/raw/realwaste-main/RealWaste/Plastic/Plastic_165.jpg,plastic,3,4f5c09a8ffa188a7acf28cd719f0f429c4de5320ee3c706b2058eef87b34bbe1,d8530ae5fc54a8c836bd3e52d71bb8682f5d8a5d53ce5a6a8477f0d7ccbf8483,
data/raw/realwaste-main/RealWaste/Plastic/Plastic_168.jpg,plastic,3,bb2eb2aeeb7cffbd719d72d7896787b74e624172ad133ac27caced8ec7071e1c,2bad9235ed306b8f0f6ed0a26d7c43d9894207bab5368b31963d37baabd8e090,
data/raw/realwaste-main/RealWaste/Plastic/Plastic_169.jpg,plastic,3,abc893db0748902a1993554903a68da053973778590d4d49eeabc3e4b0ae67ff,224cd526c6848e2de459e11fbc2f201ae57423679cdf1c39e9647a50d4db4796,
data/raw/realwaste-main/RealWaste/Plastic/Plastic_17.jpg,plastic,3,c581b17c94d56854879eae531d5b885ef0d8f1c4fd024b8a71c1bd97dea59863,c71677e14c36d6694f38885db59b40bfbe5cdb63c66e8fa1a971ae77c108bb53,
data/raw/realwaste-main/RealWaste/Plastic/Plastic_170.jpg,plastic,3,c9fe699eedf64bd5a56a2fa5f9cd48361734ee4e49964c105265589511095ec1,481e264413750a329a2648954439519c8d588b3d6333eecb728bf076716b461f,
data/raw/realwaste-main/RealWaste/Plastic/Plastic_172.jpg,plastic,3,088ec2377b92a15ede23ba2bc6363e7f8d882e2ac059dcd3dd2ced13e232e9c4,54c55495c69284b01a39a73c8ecefcac2f074069f3406e72b53a91acd14cfc6b,
data/raw/realwaste-main/RealWaste/Plastic/Plastic_173.jpg,plastic,3,0d98f371c9c5964a13405003b493376b51157111344d0a378b742d37217584fd,05de8d3317ac1bd4f9dfe722e840a409b95714987cb8de82b631c8576e22875b,
data/raw/realwaste-main/RealWaste/Plastic/Plastic_175.jpg,plastic,3,04c8ca3120c11d8e2eaf161a0b41687a3380566feb601086150284e2410d3601,6fe7cc5d1ebdc76988e04ac4ac39737d81ab14a28fc5221bd199375157502ab8,
data/raw/realwaste-main/RealWaste/Plastic/Plastic_176.jpg,plastic,3,bba684d98a7bcaf9cb4a4fd99dbeb9d3aea0fc8b028afa3c79af946528ddf159,d0484c516ad5f5d1ae7936f32e2b984b6290ae4a6aa91e51acc9ac98c01b46dd,
data/raw/realwaste-main/RealWaste/Plastic/Plastic_177.jpg,plastic,3,35fd10880fc683cfe86faf500e9b13df31c8c7c13d2f2b526b9b819a9cdcc435,c6df7b473a583572109067a884495c0d02e7fadd0d13d7cfeb5ba541d5929af5,
data/raw/realwaste-main/RealWaste/Plastic/Plastic_178.jpg,plastic,3,2751033d312ba7d623a49bb8ace55de4ad9590625dd7c3d01506e49cc37d1a0b,9ea2e1f772bbe8fae287563b766e033b4aae6ff4662edba176d8f75d835dc7dd,
data/raw/realwaste-main/RealWaste/Plastic/Plastic_180.jpg,plastic,3,621bdc28ab85760f122c3bef578739c8e3d8f336b1a7e01560019a00be93936c,3b84f95de70528218e67292cf4590c22a4e600903de8c5d9d275b8a33bcb7b97,
data/raw/realwaste-main/RealWaste/Plastic/Plastic_181.jpg,plastic,3,0cc621853232144e40d02c74c5e6e0da5e8aa6258a2db11816ddbbbd1b35fc3f,95c8c1e7854846e7a631d24ef03ec3e5b508770e26771cd2fc1504fa90562110,
data/raw/realwaste-main/RealWaste/Plastic/Plastic_183.jpg,plastic,3,a324c6053eb530f5b392233d383ddcc4762563945bc3aedf15c238c560371389,286728d771c61e8f13c8d821023438f2b96f3b704267dc737b5335a5771a47be,
data/raw/realwaste-main/RealWaste/Plastic/Plastic_184.jpg,plastic,3,ca18add3698386a2d451729cd919d1d64cf9dcbafc2b12b2603892caa49a2733,919535004a66ff749bbfc690a8040d6303d3ebef0ca12caa07ebe200a6d07964,
data/raw/realwaste-main/RealWaste/Plastic/Plastic_186.jpg,plastic,3,49d61f3dfa166be8b41933c7ac866ecc72c8f9962513dedf75d5861df1fec743,56842560dd8a1d897ac5fd1d2ca72187a1a6b81720dd55e139ccbad4357e3027,
data/raw/realwaste-main/RealWaste/Plastic/Plastic_187.jpg,plastic,3,f152cc3037e472a6a972cbe33408f2eece199eeb40882e440ea97475cc970209,a2d75fe2e106ada988fc0292740f3f950e85e0c5e19ed6b7b8aa4d5a5b0cb2fe,
data/raw/realwaste-main/RealWaste/Plastic/Plastic_188.jpg,plastic,3,af0bb66e99010a57fd9134d544f3e19744ad2a738b4cea1ab192d79feb45c513,41f45bd41b022fc27e767f6118e93af1715f61b57b6487936b93e8f5b3afd5f7,
data/raw/realwaste-main/RealWaste/Plastic/Plastic_19.jpg,plastic,3,c6ab29681f9ed69592a97706dd425ded68595c55ddca3eaec13fe078ec8a1e48,e3644c81393e7c59604c3106a40f8a7c959518acf95ec254debfc02e0288d2b6,
data/raw/realwaste-main/RealWaste/Plastic/Plastic_190.jpg,plastic,3,da12d051f99051289224a3948efd878e296b51b36484672c4d61d76435e52e27,34bc48e2b20edd96c49791547c78354cadbae7edcd77257996c08daf222a061a,
data/raw/realwaste-main/RealWaste/Plastic/Plastic_191.jpg,plastic,3,2b336cb04964d6e876c29f30adc40f1382fcdd17039e000e15c704b3995ab8ea,64a3f96922bdd0f12d4dfe791fc4b3f113a768459d3c4d9704e5de75120772dc,
data/raw/realwaste-main/RealWaste/Plastic/Plastic_192.jpg,plastic,3,13218cf8309be3aa3fb1de92c787d2b7ee54aeb765ae8f1aee054593796e374e,4ea6b398778befaf6472e903681b91f8214a2ac1602774bd63136f4f0fcb11c4,
data/raw/realwaste-main/RealWaste/Plastic/Plastic_193.jpg,plastic,3,e8afe7e3b88523b8798ef7cb7851349f1fe1bbf88fada8728158f65c9c10fb5c,08e9d055f66d4f0689170755f4ce0480ef526464e1cef817301941fa792d311b,
data/raw/realwaste-main/RealWaste/Plastic/Plastic_194.jpg,plastic,3,7c1a23c902604abdb22dc360c1c14fd7b894c302ca9efae75189038126b4e114,54301e5e5759537ee6478200e5bacb17b11b043e89b939b07b034dee3b9f4431,
data/raw/realwaste-main/RealWaste/Plastic/Plastic_195.jpg,plastic,3,f967716d4d2142f81ce66e68e987a696301eb0368eefbbd0de831bac568546be,99337f21c85117d786bc2ca9acdecbb9d16da67beb7fcd0269b3da69dff64a62,
data/raw/realwaste-main/RealWaste/Plastic/Plastic_196.jpg,plastic,3,f76f8969a0a025b931242c5b040899b8b01210bb3e0f895588c744bceceaaa87,f75b767731d8c115b7d6793993de64a321dc04f37167ded6d7597e0030791ded,
data/raw/realwaste-main/RealWaste/Plastic/Plastic_198.jpg,plastic,3,0907a152eae4a96ed857897a4202080808852691c1e0b6d37b3dcb8a49923aa4,451cf0e0a50b8ac3a8b8a8d1ac4d5b7cfdd7e8458eaf0642cecc4e1bb2e97675,
data/raw/realwaste-main/RealWaste/Plastic/Plastic_2.jpg,plastic,3,050ce812d904a52a67f1a949519b01346b652b1d1b56a61dbbe7fe3fb09a77fc,5558fa2c975c694c03b5d6c3d01382a177b57794b702114e34ea2f7c94823550,
data/raw/realwaste-main/RealWaste/Plastic/Plastic_20.jpg,plastic,3,4eae9b12741530bba3a51a8eb563908b048dd2d5052eb1f77df7a12893d0c286,b7a008d23dbbe21e53620eade0a7d11a2b93925285792fa0f1d44c5a91a2fca5,
data/raw/realwaste-main/RealWaste/Plastic/Plastic_200.jpg,plastic,3,6fcb1882b095aa0520825360d0f828da8f45f848f457de4f45d35d47bb8b6e6c,ebc23e3779fb5add049b12f3ed13d0128d04bea106949c014c9d560011b04c2f,
data/raw/realwaste-main/RealWaste/Plastic/Plastic_201.jpg,plastic,3,955cc6b370bd9fe4cb817e789ca64055d4ed7ccfc707b64b6f450ad325e20ea6,2f2f80df482fe708f905ea701a319163f816f4dd1c71b9faea68a78ea7f700e9,
data/raw/realwaste-main/RealWaste/Plastic/Plastic_202.jpg,plastic,3,8b965eb85e4660c7cf59db467a98b356b60406af0c26f85272e1295c440de810,5b19d0899c32d2a508ef4e40845edf6530d36feff64b1664b41f835e39fb8578,
data/raw/realwaste-main/RealWaste/Plastic/Plastic_203.jpg,plastic,3,d04a289afa2f81089feb045c91dfaa0a585064977372aec72886656a4d765fff,7fb7fb16b1ce0d913ec0e35d70f094de4b6e239fbc908363a28a98dfedd96252,
data/raw/realwaste-main/RealWaste/Plastic/Plastic_204.jpg,plastic,3,638365961ad5ba6a8f5d3e45e44bc2a80b39c4390a034fd5481f02d247f2dcb6,f08a1fb37c51ce358493e9428fb76d97763726680be7a4bb74f6ec7941359e87,
data/raw/realwaste-main/RealWaste/Plastic/Plastic_205.jpg,plastic,3,4b8d593a27f26111e91d031ec0546a7332a2b2f0a3833ca08d9511fbcc11ed18,1cb99a2d115e870d3921071d1a4dd6db61c6a612a4fd6fa4d8b2d13e4cc95440,
data/raw/realwaste-main/RealWaste/Plastic/Plastic_206.jpg,plastic,3,d2a2b67e1c9ecc324b70177c5cdd51884ca41f7126d47f570c805ce606cf95f7,ef41fe19e42452222dd74ccc4c8e7b9ad26ad6b7342a49bcbaa78388acfb003b,
data/raw/realwaste-main/RealWaste/Plastic/Plastic_207.jpg,plastic,3,3f455f586460d7f0177e7cbdd653928d7e2dffaed76525ae76a87fd313d3fb8d,796b9e55d8e68a1d3b7309cbf7639bb4232889d1d86f33928cbd77267e29f6a4,
data/raw/realwaste-main/RealWaste/Plastic/Plastic_209.jpg,plastic,3,581b5cf83a5c3db2e1eefd56023c8537850ef466593665c4ae8d32f08da1dd0e,ed3bd7a225ef246b9044e1b85ed6e2cead2b5e4a8894b4c3b9754756198902fe,
data/raw/realwaste-main/RealWaste/Plastic/Plastic_21.jpg,plastic,3,84ba7a35dacb7fa0924fdbc15a7c82481aecc3a82a306bf9161a10a874b1d860,795a95979d8535c905fd7d9f1d32c94888f8d381e98c5a7f5bc4ae29ad7d9bc6,
data/raw/realwaste-main/RealWaste/Plastic/Plastic_212.jpg,plastic,3,f58bb5e49a7397c9b823118497a6ed1c5793fd9f1d0a296a104e889d82ba9247,8f33d9e778aa9a72be0d1b62d0cbec24ad2166ca33cb8fe836f50ff4374803d8,
data/raw/realwaste-main/RealWaste/Plastic/Plastic_215.jpg,plastic,3,5257e8d4903c5d538e1dfbd1e6734ced4fba86af34636248a0cd2c21dd931149,ac73510208d00b8e5ad24ba368fbe51d984c05a34bfe6a46a71623f07abdcd2c,
data/raw/realwaste-main/RealWaste/Plastic/Plastic_216.jpg,plastic,3,7fdb1dcb0599f17ee056c8ed6a59ae7bb603f2bd97c692431adaafabb95a77b0,6e302711aa6677a22fb0fdeff21d44bc35a730fcd2a462745042f85bf08f618a,
data/raw/realwaste-main/RealWaste/Plastic/Plastic_22.jpg,plastic,3,931c2b44bf065ddec5048f2257484522a37c9e38dd10b00098ce2c5f5f40f029,08a9bac79f9063927b282f229e96393a9ed6517782b1aac215db48e57afc96e0,
data/raw/realwaste-main/RealWaste/Plastic/Plastic_220.jpg,plastic,3,c6d69c0546d8fccba10becd89e7183d257e6ca668b7fac56b1533f4adf04b3eb,574cf74e5dea69a0619b892541442f7536ce619291a59f67ff538b109ea31845,
data/raw/realwaste-main/RealWaste/Plastic/Plastic_221.jpg,plastic,3,ec8f411e21408fdec7c02854a7b9c19bdb5f87ee560448820c154e024357dfc3,cc4e2e24cb87224c45618bcf60f97c6e7c0c81e69dae971f15bf0d8e4ad1d15b,
data/raw/realwaste-main/RealWaste/Plastic/Plastic_223.jpg,plastic,3,59ee84eb2668c028fa51d49a82f7af6a5a96a103dcfd8a0eb77ef4c82609ae35,0ccde17b547c76e9d7797d816ddb244b89df2d586a5d15ba8643fe6933effd62,
data/raw/realwaste-main/RealWaste/Plastic/Plastic_224.jpg,plastic,3,b76a441e945f6487d4783846a02e046d8e8116ba4c92a9218de64d2895974707,2122be01f821c0b24ee36f950691c35f383c881554c3ca0fc1ab696411562606,
data/raw/realwaste-main/RealWaste/Plastic/Plastic_226.jpg,plastic,3,c276690660f87265ebf9c6247f10857746c27167cf68bd897c50ed2f3b1f5581,b132b2ec5a94706e87b7fbad3111533352889e78674c3e94af41ee059d128b8b,
data/raw/realwaste-main/RealWaste/Plastic/Plastic_23.jpg,plastic,3,7be0660fc96e94cb68800921c2fb9168a4969152812932b08edfcb1aa4dd34e5,cfb4ae1b97e3e1a5dc7953813533a0b1e6be0741a662047a0ed22127ffb2adfe,
data/raw/realwaste-main/RealWaste/Plastic/Plastic_230.jpg,plastic,3,3c6c3312c3533d90dab03c28dd12a86a06008f3783b0f87935239edbd8652215,728fcc6e524a3c49c7da4cab2514bce92e8675c183a5b897b946cc5a261645b4,
data/raw/realwaste-main/RealWaste/Plastic/Plastic_232.jpg,plastic,3,4344b74080bc2e8525deeb9677ef048167615c6124fbffb6a47a533834e2e572,1a83d2b9becae8d3e43be32c0570c84210ac433e95783319df4da0f1068f0715,
data/raw/realwaste-main/RealWaste/Plastic/Plastic_233.jpg,plastic,3,1a82e37f776d1bcd315c489199369721b2f271a113fb0b4e8dd9921356e19f86,92da5221e933f6c04378f5643d4964d1deea762c2275ddb4a439b41f07127c0a,
data/raw/realwaste-main/RealWaste/Plastic/Plastic_234.jpg,plastic,3,b1e656cea3c85b0b9c7f563a0620105c3c2a9d38116fbcfe5afa6d71b3fc7204,f4731440319849cc89497f8c40d6e951a4f908545d7b17c5e55088fc7c208cf9,
data/raw/realwaste-main/RealWaste/Plastic/Plastic_235.jpg,plastic,3,585841ce3002f0700957042f487d7c6e1316369dba83d15bdd80b07144bd1b97,5132dffda319ecc482aaf69278736d6b9ea37ffcdc6f505d7ee27a346014d37e,
data/raw/realwaste-main/RealWaste/Plastic/Plastic_237.jpg,plastic,3,63cce260834c2df2e91ced00598ff8062c397b548843bc1c541c5b5d70950b5d,4c3537b2668222ab23aefbd9d6a3e5e900e0cc646587af606541438566fdb6fa,
data/raw/realwaste-main/RealWaste/Plastic/Plastic_238.jpg,plastic,3,8c900265c30d7d0655740084bb57e9f758268ac33d17c4bb080a154b55d251cf,076ad2f49168beee7efdb145553bebb90197d853f1fbd58451f05dbd4f67f756,
data/raw/realwaste-main/RealWaste/Plastic/Plastic_239.jpg,plastic,3,a771a1ecd3e67e7d76af39e1b10cc66b54c684c156a759ff94467e4c535a8172,5291d4551463393217aa6a6ec4df7ebc760c3d23bcf2ffd8b7a1b90ae2f303f1,
data/raw/realwaste-main/RealWaste/Plastic/Plastic_241.jpg,plastic,3,f54732e6344d2a52916962e4764a88945e3160d11a82173a5a320993338bf1bd,0752c58aaf0b85d94ebef0e9085fc5bac2223389d79d8652902fe2362b78be3e,
data/raw/realwaste-main/RealWaste/Plastic/Plastic_242.jpg,plastic,3,07c5a71758c39e2eb30281c51ca4307ab89b8d219cec415af843cc354ca972f8,e7a2f3148cfa156b5f42b4f563316f18d2cd60308e8beebef4d62f5f4ec1abdb,
data/raw/realwaste-main/RealWaste/Plastic/Plastic_243.jpg,plastic,3,5fa5a0f1daf212a87bf30dc7529822eccc66cd62ac53230e02c1e3141c1c7b24,29966c21f1e7a1b0cb1c3e8b4e3407cd562ce0c876808a57bd8ec9f6e2fc1529,
data/raw/realwaste-main/RealWaste/Plastic/Plastic_245.jpg,plastic,3,118549008544d303e7acad0c5e763e8b563c385ef64617e9ccbadd76cd7bb8f1,9ad1ebf043d85303e3f5530e5287d3c25123a14a7688d07e01374841246457bb,
data/raw/realwaste-main/RealWaste/Plastic/Plastic_247.jpg,plastic,3,973d3aa57cde9005720b8b1fe0daf093d39870ea5c6a9a800dfde6a566ead204,03a206024f4db48ea72bb0b496690b4e1ebf37d94ac2cebfaaf2d92d3f751479,
data/raw/realwaste-main/RealWaste/Plastic/Plastic_25.jpg,plastic,3,8ab2e5b3e3e79a80e3045b395deef1985b4f7ea8e20a2f4a9043ae575f8c2055,920673224cab58ca74c1542452080f4ad87cb21e347ad6bee17d884d2d3efbaf,
data/raw/realwaste-main/RealWaste/Plastic/Plastic_251.jpg,plastic,3,59f8cbc9397af5359ef163921da377e8f4abe6b8d180ee91bd5f1d5aa999e283,859423d4b940e665dbb716710c638c4ad0ecad3c59ccf9b298a8748adae3e888,
data/raw/realwaste-main/RealWaste/Plastic/Plastic_252.jpg,plastic,3,262e695e8d14c0ec242c31672d59f361d719c282f0c468c75fea58d7a79c18c0,26fbfbad67cf8614236bf9138bb7002f4690ceca9127af9c0cf608bc87b4bc96,
data/raw/realwaste-main/RealWaste/Plastic/Plastic_253.jpg,plastic,3,616f9af27b77027d8da459f9daa0e432e63fd02d054cad2bf57c3e8ebdf65bd6,fb633dd44790a2c789f937b3132b2eef7e0030e805868284fe157f377704ba81,
data/raw/realwaste-main/RealWaste/Plastic/Plastic_255.jpg,plastic,3,f141e82e5f971f3948ad7229b78eb0e594c8daac7d930474987f81beacd45210,e5e3cd00fffec1f81da0027c0a92289d15adbfd56d22d1acee026688977e2eac,
data/raw/realwaste-main/RealWaste/Plastic/Plastic_256.jpg,plastic,3,dd5e4e588c8ee47691008df5b4175a8b0a28f7d44d52be3653799b03f14fa1c2,426d90b69cd661bc75edeeceefd7fd7d59a741780edccf6a8d13fb18aa9a6994,
data/raw/realwaste-main/RealWaste/Plastic/Plastic_258.jpg,plastic,3,703ca275df1b3486aad4acb87eff7b66f1f56ab55ff972067b636160bea0838a,2156b52f5244ed3f724949513dc9f8ec96206b82344f198dd2f96cc247252575,
data/raw/realwaste-main/RealWaste/Plastic/Plastic_259.jpg,plastic,3,7a436dd132d0b1a9f6690ebf5d3b3b70509d0874ec92806fc0a3ca95136b1fa8,d240ae03ac585523a64938da924a4c89b4789e199cf8c8f984c0584e80c87550,
data/raw/realwaste-main/RealWaste/Plastic/Plastic_260.jpg,plastic,3,c62949d69a964918d4bf8709c9cf95775b6a27943179f305652984cfaa338064,e84a6b5b566d9c436e329dea6387d4807ac91ae888c2af7e5dd3c0f719e13b5a,
data/raw/realwaste-main/RealWaste/Plastic/Plastic_261.jpg,plastic,3,1f248e145db739e77d09c6f8b4d26451d05469d7bafe4b5f13cb9504de132389,ca74573e05a6f7caacbbfda22756a652e2c78c278bac5ea04c0ece8ab8ebdc75,
data/raw/realwaste-main/RealWaste/Plastic/Plastic_262.jpg,plastic,3,3c1da9b510f4e0abe00c2e6350d32ff0f6d2f749d03a1e378735fb535975a45b,d9f18d16a79f95f2039501dc51cfbd77b197475e938720eb323058187087ea36,
data/raw/realwaste-main/RealWaste/Plastic/Plastic_263.jpg,plastic,3,34da2c98038e9660211757b5c597afca06c3036ce19a6ae6e7a71f6f6842d181,c10ee966e46f5e2655667f57b2a056a8323b8b826a6dbd4f4e8b055b647b434c,
data/raw/realwaste-main/RealWaste/Plastic/Plastic_264.jpg,plastic,3,d5232617efac77e45cf567e9bbc623c05b7face3b6c9b8fc1639510693e022dd,f99f002bd523bc44abe3e0d093deb1de912780b6ad18a3c572ca24542b5284db,
data/raw/realwaste-main/RealWaste/Plastic/Plastic_265.jpg,plastic,3,2ccd18b6a4bfb3f181db5e30ece9e8d0e363bcb7aadc70a77a37807330d3200b,8618ea4e417b8b96d9d43549934fd1b2097d1366d01d8538d6e1cc660bca4660,
data/raw/realwaste-main/RealWaste/Plastic/Plastic_266.jpg,plastic,3,81639f3de2464246562d446a8903b76fe5568ae6f4f9f476bae12af385af1667,2f5ca1a0105da5349c060d5428b75a95060d23bff1963077ea3283d4e0d7dd3e,
data/raw/realwaste-main/RealWaste/Plastic/Plastic_268.jpg,plastic,3,ec142db95842c74c3ef7eb87564ca97c0e473d949b4104aeebfcc6823ccb1afb,324ca9e43340f7d44cf3a8b21b101bf0f3f4ec497495283c58f0b4806e650585,
data/raw/realwaste-main/RealWaste/Plastic/Plastic_269.jpg,plastic,3,7bb2436a70421f0f01a0215583f5e4b4dce1b1b42b2c852b16c760dd902da90e,0620bc2b4a7c4e4888c9c4ca9bf626eb09b62283056c417a46ddfa030e3962eb,
data/raw/realwaste-main/RealWaste/Plastic/Plastic_27.jpg,plastic,3,9d9d868b4b702a4c2ae7983e278cd73ab68a436fdc6d0c2c1aa7161d06074499,11db547a090be66f215a35411211802f5da67846f2d14b65e7792c28946121de,
data/raw/realwaste-main/RealWaste/Plastic/Plastic_270.jpg,plastic,3,c82fdc451d719b80c9a54d0e0c9a9ba85dc59ab5d217c872b193c96765e45391,cdd645a4ea6a55f2519cea521f173c12f87d6ea2fcbe88acd93f00f05ae6016d,
data/raw/realwaste-main/RealWaste/Plastic/Plastic_271.jpg,plastic,3,f2c9b49654082755b71e3912b98a98d047ce8083361af8dcfa931c660eab5157,d7cd1fc3b3e2b682e3076b64138f446f3727e9cf9c67e65a3b02f50c77528d93,
data/raw/realwaste-main/RealWaste/Plastic/Plastic_272.jpg,plastic,3,7e997fcf36e0d986f85778d7d7b9bf4ebb8e9a42312abb0faf0f37f7b450014b,96ac937740da28dcf37b396d372dd1aad91aa2fd5c7c359448c23cc8d44e0545,
data/raw/realwaste-main/RealWaste/Plastic/Plastic_273.jpg,plastic,3,4fa5c110d1b21908e548024f1eda5417c728785f1eba3750cbe5b71b009d1017,431f127039f0531f10858aa6498831a70b9c71b0a3bb32c3974e7c47b8b200cf,
data/raw/realwaste-main/RealWaste/Plastic/Plastic_275.jpg,plastic,3,6d7f7af7a7387a33791b4ef160e0ab431e7edeb46e73e054126b8eb50b3a42f8,38f9b022872a6a2b12bfbf5fc99e4bbcc8a4a8b1831adf792a3e609b38b557c2,
data/raw/realwaste-main/RealWaste/Plastic/Plastic_276.jpg,plastic,3,d74cbbe86071b5dbf9b6b053cdf28e5e66bdc08b9d87e6b33cf02d7e3e5f4d82,8a760f0e963d4f33eb74a42c50138b20608854c8bb73c1d6645745f678957385,
data/raw/realwaste-main/RealWaste/Plastic/Plastic_277.jpg,plastic,3,3217cd33b7b5ac3b2f8f461f10ff3533cfd87ae221ed96909d0c48741e326b1b,2ca29c91ea4e92570bb374cadbd4fff322fcb2f7c7024711c75ee14af13b6c4d,
data/raw/realwaste-main/RealWaste/Plastic/Plastic_278.jpg,plastic,3,99e06b3fbb3e4b3bd6dee87df89b4f059f4478abeb1cf41aa631b08169317d20,7013e659af816f37f3f471cccfa8015da805763628c861a124815279735d7ed5,
data/raw/realwaste-main/RealWaste/Plastic/Plastic_28.jpg,plastic,3,883a24328f2dcd1e62dc60e121bf4ddf2c1f1a6bee96999659f7604e9427954c,a9b9f4477c079cf60f452c3a11a19d0d2d4d2ce5a068ce1e5b66df7305f99466,
data/raw/realwaste-main/RealWaste/Plastic/Plastic_281.jpg,plastic,3,e4291f6468811adae424e3c766fde753f0000707f79f223bbca52b4ceac52abf,3a7d05258cbaaa968169094d855f9c3b2377cf2acaa67ba7d42be303b30913fb,
data/raw/realwaste-main/RealWaste/Plastic/Plastic_283.jpg,plastic,3,24f89a6f2a12064da112e6a5015979de4584f12c7594f6c0c8094004230a1ad0,8b077a1bb675315617391c804f0543039c9b0311970f380f80e5d3739cab57d7,
data/raw/realwaste-main/RealWaste/Plastic/Plastic_285.jpg,plastic,3,b0ecac41f7099a2765dd997d73f7394a997b04320b3caf22c4b8a94ac888a455,ef3481b4f82eebb72546be0a063273e530519d6912693a923b34b403c2846257,
data/raw/realwaste-main/RealWaste/Plastic/Plastic_286.jpg,plastic,3,62d0ff26cbb373d8ecaceb4b1d9302d8cf1c390edc8674366b75da3a3abcea86,c1f87a52c382d31ecd975049998597fb4a623408ae2f199e3372bac9202538d2,
data/raw/realwaste-main/RealWaste/Plastic/Plastic_288.jpg,plastic,3,d08400096c7f0c8e989db503b09f97701d8030836ad6066314f9f61bbda9961d,09b63703c30093f9f7a968bbbcc29f2d9129edef5cff47fb74ef0fbc184ed310,
data/raw/realwaste-main/RealWaste/Plastic/Plastic_289.jpg,plastic,3,b054103d4c47297d67d1a55ba2da5077dfb844da511d4c190cd8ed2b67dff649,98e79f10ae65c14f0077e3c6b53f1b073bccdb3e68b28e251487a3ae7edfffbc,
data/raw/realwaste-main/RealWaste/Plastic/Plastic_29.jpg,plastic,3,bc86ae79a97c86b12a08f85938efd5970f2c7f21fc86c88e07b9fb671ff08bda,aab12de7cb1a49f596e106ae60d4b29fe7d2c12043e833b54b12aed2e027042a,
data/raw/realwaste-main/RealWaste/Plastic/Plastic_290.jpg,plastic,3,68eb2549ace52e4581f4aee3b82431713e7d5e61839e7e5ff45001f9a6913a80,be6367a72cb1a93a984066abf8bcccecc63427f08571d2afc6f87569a83866c3,
data/raw/realwaste-main/RealWaste/Plastic/Plastic_291.jpg,plastic,3,df786f8c411957e80412e0aaeef4847ad3e27f2f6a9a005c37d9fd1722f0b24b,996ad0019664c83b4f87ba9fa705d44ab9a5fa2f015ef00721b9538710182b17,
data/raw/realwaste-main/RealWaste/Plastic/Plastic_292.jpg,plastic,3,bc35d5a1fc13fc301d104300c0ecbf347850ff8e2953a2af4d1ba8c314acd09f,f2bf8a6fb875aac4775c1a1365fed5ae46f35861c19b63b62d916995c5210668,
data/raw/realwaste-main/RealWaste/Plastic/Plastic_294.jpg,plastic,3,04cb021df534f028388098ad7f290b2f7f04214c46eb4322cd6fe4bfdb8f1de6,9a2d733ec23476ee02d28646394699b4806145389bf41367c1937d22db84403f,
data/raw/realwaste-main/RealWaste/Plastic/Plastic_295.jpg,plastic,3,f50195d3a7a1db17457e9fef6de6ee08142fd05a7a21b924306f2d3c57eab319,ebc29891548a4a3caf3d78293d921c5edfabf6cd7c0928a41014e2ca6fd529dc,
data/raw/realwaste-main/RealWaste/Plastic/Plastic_296.jpg,plastic,3,97304646b59c8d11abc18622976d5b3cb22c8a1b956974d00fcd672e0a06a367,9d5438d2644aae574a753737b7f181aacbd7b0dddc80db688360762496ac5fb4,
data/raw/realwaste-main/RealWaste/Plastic/Plastic_297.jpg,plastic,3,7e199aee61342c0cb5daa4d054b81e785471398086e75c70de44f1525a0e0521,8d9481f51c973ce4ebefd20c068c35d6b502b335a91f64eccdc14a78d5eb2566,
data/raw/realwaste-main/RealWaste/Plastic/Plastic_299.jpg,plastic,3,0d5769cffb45de8570d19a8272835a6e980be6e225ac29fdd862805ce96d6fa5,ba51598d2bcf192274dc2dfc5e9aa3be639bcad329603769916ad5cf3b8118f7,
data/raw/realwaste-main/RealWaste/Plastic/Plastic_3.jpg,plastic,3,f4baefe810e5588eb2fa0d3e926ed8bb86b47542186ba951d5f83bd87f58ae14,c567799d26225481ec59c6cb469b6b3403ea6dc2e87c613f888d8594c01271bd,
data/raw/realwaste-main/RealWaste/Plastic/Plastic_30.jpg,plastic,3,9df8e81412418dea99c56f54facc2601f6c331e64d72551a979419185202a078,83493e2372e247b9cbe3440ff3d377ab770d67e224cde08281c307b95b9c5e1f,
data/raw/realwaste-main/RealWaste/Plastic/Plastic_300.jpg,plastic,3,7b865ffb50b334c3f48ea674eb8bb268ec7a54cb1a57db06146c865effde3d3b,ab59a709e1e2a31989213e2a2fc9f6cd4edef42e76772cf81f5a4a2a18c5fb72,
data/raw/realwaste-main/RealWaste/Plastic/Plastic_301.jpg,plastic,3,d6907e5805e3674f5de60420bbc290bf7f4ca2d110ce97c04cee6620baa8e1a3,5dec27f0721758e5fb7880f24120aa3fa0523f8083ecb86202466010bd07fe1a,
data/raw/realwaste-main/RealWaste/Plastic/Plastic_302.jpg,plastic,3,12b902f4274dfd1bb5a7aa6d3b56c31a0c59ef78486ea0d2e439231cdaab1be4,ed94fa9daeb84a6334d85e1d4b49aad019603a61ddb21872fc1941dcb63ea784,
data/raw/realwaste-main/RealWaste/Plastic/Plastic_303.jpg,plastic,3,9a37cd8b4e9a206bf242a22a3a81cd952c96c9137f967d725c39a4bf25329482,858c785623a8f1c3a0d4dd17fb296c0809a47ac7c9d1fe08265d5cb2c2c6ddb3,
data/raw/realwaste-main/RealWaste/Plastic/Plastic_304.jpg,plastic,3,2f51f1aa98c9caff2c5ae728283a47db8191537db4c08ae766b4c41028dad90a,451b079e96c7602b2fdbce80f78d319973ea08559693886c95ff69c6b940833a,
data/raw/realwaste-main/RealWaste/Plastic/Plastic_307.jpg,plastic,3,91c8a2ba03af96f8f534ae772bea1d02a93f8e4f9a8fb63b086ed37ff74be81d,0ea2f2886e725c8bd2dc3d04211b89bb7260cdc67366bd4e413e33743ee0afa5,
data/raw/realwaste-main/RealWaste/Plastic/Plastic_308.jpg,plastic,3,7dbb38ddd2d4d61251257e724bb992591c30195908536e5c061755977579b48f,3075ef5e14d454f163b22566e23ab0cc360b694a7519360b1c50787c2ef27299,
data/raw/realwaste-main/RealWaste/Plastic/Plastic_309.jpg,plastic,3,0a5c4c51d60b856cc2a5ae1bf854a565708e6c6392f201e63bdbef0837e86ba0,5180327b6780c297076d3f6b64583078f618c47b7562b308c1537b0c07596937,
data/raw/realwaste-main/RealWaste/Plastic/Plastic_31.jpg,plastic,3,8a0e537e4da48e4d750f64566e250c5b15be9cfa9b78ee469b002c212a712e9a,0efb5446b5720e9c34868ce5eac03b490d237d0ee06da9349555edec57ff7c39,
data/raw/realwaste-main/RealWaste/Plastic/Plastic_310.jpg,plastic,3,96aed719a57b2565d0daad44f6a849099dda43414f51aabf08dcd5789a3139e3,9e230debb786d0649bc16d1712313d25f157b87028f3c193783d89c3a82d979c,
data/raw/realwaste-main/RealWaste/Plastic/Plastic_311.jpg,plastic,3,8243473f844c875847b205063e8f6335abc41abe462035acae8def7997cd5181,e3ce6138bda79512fb522016dbfb972827e455db6fef45d047026636c556af9c,
data/raw/realwaste-main/RealWaste/Plastic/Plastic_312.jpg,plastic,3,118c901a32941493b626f1fb02652122cf930dcd8a465db6830bcfedf1df312f,2125e2ed2ca3dc89266d9ec6e47ff527c593e80d61d3f6900e3c78adef452064,
data/raw/realwaste-main/RealWaste/Plastic/Plastic_313.jpg,plastic,3,8f683467beb1287ae2ee551ad6251301d760a20476896de3915fc8b3b7b881a2,dc23e6cf8bbd3bf477e3daf9ce684d991447758c29586c8c134a2eabc9f10827,
data/raw/realwaste-main/RealWaste/Plastic/Plastic_314.jpg,plastic,3,042806e8be946c611e1a5312b766213ac92805af1ec8b3f0ad466577a33e73ac,08647b21d71fc477f8bc786d668d17537de7f597fdaa1a2074afc0d65f5291cd,
data/raw/realwaste-main/RealWaste/Plastic/Plastic_315.jpg,plastic,3,0f7ce0ae38b0540cbcfea319f5e90426b69da937d140dde50290d392d63acc56,fa7823c597022747405184bf59f59c2d69cdb5eb84fd86c2a6f92be23c943f9e,
data/raw/realwaste-main/RealWaste/Plastic/Plastic_316.jpg,plastic,3,34eda6a7b52b8e8a6b1067ee2b25123582057938b6ed6faa557f36abcb3e9837,ceaa72c5fe1d3eef65b412b60fc23d5bd8216d02c1b88308b816dfbfe3c7f486,
data/raw/realwaste-main/RealWaste/Plastic/Plastic_318.jpg,plastic,3,2eafa5bf4a9f81329c815449482b56944ea340954317dd3dc7a066a484a9356e,96c3aab78cdad03316b88c15c48d1f6f9af7d28cd149eeb53d109aae76f4445b,
data/raw/realwaste-main/RealWaste/Plastic/Plastic_319.jpg,plastic,3,a312a5f89466b2655673cbebfeeeb77e5a049cc3ccddc3381dc08c2edf58c4d6,6896c825e624575ce27f44b3289e2518d982902137749dfbd441bec566d30420,
data/raw/realwaste-main/RealWaste/Plastic/Plastic_32.jpg,plastic,3,5831588104c11d4d1993bff1231f39eb04baa1ee29bb76e91f7d31b2d3e3f839,6b220112781d7bdf8ca5f3d5239ef1936c4ee13795a9a9480fb988311ae00330,
data/raw/realwaste-main/RealWaste/Plastic/Plastic_322.jpg,plastic,3,a73b90459e2473723bbaf94f1dbf500283b7bb6eae50f0ed2c907a8091b473b4,22526e7717f39ad05c762dea11b43e754de760b41890b69cb8b709a84563e1eb,
data/raw/realwaste-main/RealWaste/Plastic/Plastic_323.jpg,plastic,3,f33606b49c35662e1a31081ed20a3c03029040841e95354ef21709b9bb285f6b,9ffe3b1f453757ba52e9d46bb3ffedf57888a84759bb71f4b93fa57aa0adb274,
data/raw/realwaste-main/RealWaste/Plastic/Plastic_325.jpg,plastic,3,ec86e5150a593529794997de9ff948f52886960c741ea31b2058b38bfb955e71,074098f059fbcd92545507b7b2139fe748eb310af5e99b44583d975956edf7bb,
data/raw/realwaste-main/RealWaste/Plastic/Plastic_326.jpg,plastic,3,9d04bb12e8b48f2c36b022222c1a930148d75888743c2dee762ffc4d55eba503,51ab6d8b426011e78af4f3dffd254c64a34a5d828192ef8b69b37aaff05f5322,
data/raw/realwaste-main/RealWaste/Plastic/Plastic_329.jpg,plastic,3,181a8a114debe58bc549c5ad99f040357c6577d60f464986752904635285e7c6,9740c4d7e15788dfd687c8308b076b6d1ad4ce7b7370b4a5aaabd4b35c58445f,
data/raw/realwaste-main/RealWaste/Plastic/Plastic_330.jpg,plastic,3,25b64971f74b1ded3f92307ef53d76abd53690061423725092a641825e14dc90,8bbac822ae1874e17065f9befaed98caa4197c5fa5c3cf2d9a9284adf5597e00,
data/raw/realwaste-main/RealWaste/Plastic/Plastic_331.jpg,plastic,3,de382f6d28559894f7c97b477ada2da38f4ea54bdad5cb2b320f100f56044c33,d8e82c0013b568971655d61d12cc0387ebc97383130af4b4a4bb6b062beba6fb,
data/raw/realwaste-main/RealWaste/Plastic/Plastic_332.jpg,plastic,3,8d66d0a995b353f61c7a04f723ed67b16c6169d222c20c0c826d1fc981098c8d,a01704b56f6b0d4e08bf857600f3643515e2c9089c09ae7bbf40d04b26e03480,
data/raw/realwaste-main/RealWaste/Plastic/Plastic_333.jpg,plastic,3,5cda4d1dc289c71d354ea0d0726f35c0b988ec5e03cda1f6d3a2ee6f5e9d1cd7,fa77e7249e82c4a68f36828fd82294874ae3eb65662eb0ffaeabd2cf633ae735,
data/raw/realwaste-main/RealWaste/Plastic/Plastic_334.jpg,plastic,3,dd4681fcb55d2454c8ee88bad8d4da15f835ca267bc9e6bc2fd64308daf480d3,033fbb04db3ea43c5d28073ea0f67c5e6ba7026bf1cb85d080828c0d1f3e281b,
data/raw/realwaste-main/RealWaste/Plastic/Plastic_335.jpg,plastic,3,feda7af4389ac5a306226abc65440d8994f49d31ac7598983a893cdb558ad86f,d852f8e873ed948df383813a5a93c3a89c418e991d0a71b238bd7db83254b350,
data/raw/realwaste-main/RealWaste/Plastic/Plastic_336.jpg,plastic,3,a15bbc278f2c865b3d955956866606faa939d3a8a5d3e7d3fef80bf832570c38,0878a1cae6065b8c5c1be87875bbfc03950b26c6fdbd34329046e6fb2b0cb565,
data/raw/realwaste-main/RealWaste/Plastic/Plastic_337.jpg,plastic,3,7f22b403d82f93c4057287dd0b2ac59c66d761c0d3ed18722c2eae695a14e547,bbcea1cacb55270608bc32b2a5136466a27de5e5e88a15f47175d913a8c84725,
data/raw/realwaste-main/RealWaste/Plastic/Plastic_338.jpg,plastic,3,08e4ec48ba5190914ddc8bf2ae5e11815173a7ddddac139c492de5baec3676fb,899f2bdc92d7a24388ddb5c7ee611cbf25e06a20f962831b347b7890d78e73fe,
data/raw/realwaste-main/RealWaste/Plastic/Plastic_339.jpg,plastic,3,86c685e38928570f851ba0ac29dcba983c9f059cf9fd116cb9e8071db4f6127e,f0bcdf0a44b1dc506ea3496d5d91bc00eb6910b6e0b5db04b801bd8a5265fe7d,
data/raw/realwaste-main/RealWaste/Plastic/Plastic_34.jpg,plastic,3,c4d10a2074ac907da9c7ab9f432e32f9bd1c8c7597fd54a62dc5ecbb28f63301,ef69080936ab0801afd8d53097cc376e539358d73312520450d72d9facdf971e,
data/raw/realwaste-main/RealWaste/Plastic/Plastic_340.jpg,plastic,3,ed14e364f9145fecf04240f86b397b389e8c5b3cf2b7d060d315ccfd99bd74f7,a3276d37276d98a2220f0a3a7bf048d77eb068be2e77bee4f36333b04c2c15d1,
data/raw/realwaste-main/RealWaste/Plastic/Plastic_341.jpg,plastic,3,707f0066fef0ba46d28783c65a35e18c4e4e6371cba47c076eac8f8ba895ee6d,44e36132168458b902a30c25c583f4558e61301d12a1e2b4637808ce3c20bafc,
data/raw/realwaste-main/RealWaste/Plastic/Plastic_344.jpg,plastic,3,0f216a0762eb562f74c094b6b0d0d65d7343a1ad62bd84f1773760136a231f38,64eebf0093927d674a434e4a62150039f1ffc8bd8248417144af16e9be6061a3,
data/raw/realwaste-main/RealWaste/Plastic/Plastic_346.jpg,plastic,3,10f409029b1394196fd766b500dbeff5225c83d44a889a58fbed77ba68bb7412,96dd65c0c791dcc6e2a2aaab74c2efd4b7d05244243fa18fa775ae0637463d0a,
data/raw/realwaste-main/RealWaste/Plastic/Plastic_347.jpg,plastic,3,458e23a081199a814358ae262dd1cb234c110758c431c4e2a3a01494fcb08649,beeef8ecf2ce73d0dc07095c32213696c52a24106f168168eae297c97e6c5475,
data/raw/realwaste-main/RealWaste/Plastic/Plastic_348.jpg,plastic,3,6533d7444698eb7394124f159c37503dc2b13ec6123a12d567677c34d51c9de9,9c395f008a725dd7a6f06b148ea142c567bf69785db0e21e6689079a18c676b4,
data/raw/realwaste-main/RealWaste/Plastic/Plastic_349.jpg,plastic,3,bd152acc7edf504b7eeb761faf2d752b7e0669d92569267f046c7bef455cd6e4,30f078dbd29852daeb95c19d1430f30c565a5f832bc97b829c737fbdbef0f1ae,
data/raw/realwaste-main/RealWaste/Plastic/Plastic_35.jpg,plastic,3,00cc21a7b237cddf9ea784854dba760f8fcee733b9b3934b45e0220d8aa8f25d,80eb790889ceae4defb17a965639ed211f4a3a3ee5cd81ebd421e7159102dbfb,
data/raw/realwaste-main/RealWaste/Plastic/Plastic_350.jpg,plastic,3,9f0fab422501dc5130c5fefdfc92f9f60c86fd0bcd63b524502cead3a7744551,1b4a56165c0ec83e7e693af7686b936bdf3c449f9dacecb8272c490f54140747,
data/raw/realwaste-main/RealWaste/Plastic/Plastic_351.jpg,plastic,3,7d309572e0e890d432f90275ec92081a7cb217fc94b62c0a8e490332f6e470b3,3ec8731227ba3d896cb95d3e6648c0be587843480c8b6ce418570b54ff872726,
data/raw/realwaste-main/RealWaste/Plastic/Plastic_353.jpg,plastic,3,8491cf8acfde5f84400c2271ae8ec594bed0d19c40b070958a9a1e744dd42906,6f6400e751aeb121b478c7b57e8dc6094f53e37f987487a5564373b6a2c91fad,
data/raw/realwaste-main/RealWaste/Plastic/Plastic_354.jpg,plastic,3,7db6e11e551d81e734fa17b09ef085ebabc6de9081cd3dcadb4b4563433858c6,19a3429448f4ecc016f18a5b4360f7031e9c5481fed6c48afe5f0e72edd37fe7,
data/raw/realwaste-main/RealWaste/Plastic/Plastic_355.jpg,plastic,3,8100bb0fe2f6a8432a7803bb207cec27a42da96d16d4be1d2716e12be8080771,b6640b569c27f3bb5a6c7041c3cc7ee108bb46c0c037159c9963e230a2f5e22f,
data/raw/realwaste-main/RealWaste/Plastic/Plastic_356.jpg,plastic,3,eb123226511b1d9bbf0b34fd6b351e56969f5c4fc3fdc3960c06c819106238cc,660445e240900c7626561934c77f1abd828ce8b6bf4c7884ddf41d2b812ca752,
data/raw/realwaste-main/RealWaste/Plastic/Plastic_358.jpg,plastic,3,36b5c9a8c146dfa2685641366208a3d3c02d8367fd2f7f2e647955abf96ee4a3,413cb5a4b32b60129d42562919f785d4b33c30c3bb22b3184784c631b1fdd53d,
data/raw/realwaste-main/RealWaste/Plastic/Plastic_36.jpg,plastic,3,183303facd1fb98871f2e62a735b3ff004a040d774d48c50b23406c2d12cb903,b987a17d44b8f4925c9cd426237e96979425d1b5353b1e7d263cd791820b5bf3,
data/raw/realwaste-main/RealWaste/Plastic/Plastic_361.jpg,plastic,3,3208ab48555327e6fbca5117577b692d6fc0aa1a9d0145bbe00b749d89db3a4e,eaec52f4c37df8826c4370032b822e79317e7c16dc1c1e0f7881ac6157092830,
data/raw/realwaste-main/RealWaste/Plastic/Plastic_363.jpg,plastic,3,4d43cb8fff8cd9626b46894293941cf544b9089647b0c94bf8b3b13e1db36d9c,a0d0c3c3197a5f19e0180dd6a1327a6d126897ce0a9272c7ac62090c8212c177,
data/raw/realwaste-main/RealWaste/Plastic/Plastic_364.jpg,plastic,3,a705783dd242a2d29a8a49b1e1d090244448a6d028425eb192e8145aad32f8d1,3e44b052e3672a579ea8e45d7db81c1fd3932872bef5a103708cc14cd6eae1b5,
data/raw/realwaste-main/RealWaste/Plastic/Plastic_368.jpg,plastic,3,1b2955b13c1b5266774e67e624f853d8ea91b9cdc437088bbe469608fcafbfb3,3c58d590055641834dcc92f65bb044d6a01072c46d6c6120760142afb2fe8349,
data/raw/realwaste-main/RealWaste/Plastic/Plastic_369.jpg,plastic,3,b7825f46179329c402ccd0bfd2b7c9e71758e3222b916a9ab2c3464bd4fcc1d4,135defa9d55bde76aa9c5e41a843b38eaa8ad49d0cf626d3379cf54165286d56,
data/raw/realwaste-main/RealWaste/Plastic/Plastic_37.jpg,plastic,3,543238516e76748d9dba8568db015346ee5bb405323f97c9de06378eee2d9b59,a371fa36fc02916f9b510b2b674e055940007697245afcd3fd88134c976a477f,
data/raw/realwaste-main/RealWaste/Plastic/Plastic_370.jpg,plastic,3,6b6228375b22883cd7d41aedb137550baba9fb3db0accc8006b1683e5393a32a,9edc016cecc477baa6b73b18845b1f03de76200642499b15a67c482dfa3e290a,
data/raw/realwaste-main/RealWaste/Plastic/Plastic_371.jpg,plastic,3,942eb6bbbe00433d437621b1088de724110bcf8de2de8eaffc111fbee90a2a5a,6f9d8d6e815e800916b831fe62ed4aa3d5777bc916ce083d758f891c84a8fd10,
data/raw/realwaste-main/RealWaste/Plastic/Plastic_372.jpg,plastic,3,cce23d5a67cc7c4713d75601ad8b76ec6db9c117da2452a43bc4ed69c85432d1,2ee7fcfd0cce3ce9124ff951b9a37ff22349b797eea414a94c458f9791f28797,
data/raw/realwaste-main/RealWaste/Plastic/Plastic_374.jpg,plastic,3,7a45a45dac622a6fd2b51157c4dd04abfe399a6b3e7c0f16039263fe7d1c099a,d8b6773a02315ecb042dc618523d71a5ada7cd5974eb65698fd8b6378dbfbcbf,
data/raw/realwaste-main/RealWaste/Plastic/Plastic_377.jpg,plastic,3,b1ad1deeb52cf2afe7f3244d200335c7ff8fa7857547fd6981384b9bbfc88ada,a5c473804b09827ee7cb02fa966e26cbafc9e789cadb51005cac653251359104,
data/raw/realwaste-main/RealWaste/Plastic/Plastic_380.jpg,plastic,3,4bf25c3f98ce8fb059c2b7cac4a9e28a567e2d7f8622cf2a286884a69f170fe1,94215e57928ab1cd753457230fc70ca137688a9f2b9eebd2fc6056eecdf7073b,
data/raw/realwaste-main/RealWaste/Plastic/Plastic_381.jpg,plastic,3,b10c903acba4ea9a7f70345a5d0984832245d7ce9c322d7812605a8bbb5bf37e,f09680645f38fe2be6a371fc4ed8c0d1cd8acbc05a7e73145d42c8cb394c80b3,
data/raw/realwaste-main/RealWaste/Plastic/Plastic_382.jpg,plastic,3,a47469c4c47071ae4ee8d99d4971cffbac71928d01f6b1bae9cd0a294239db89,27606edaff4f90c6b10e8b5182d328a147b63cc143d7685c0a05513ac7be8c21,
data/raw/realwaste-main/RealWaste/Plastic/Plastic_385.jpg,plastic,3,bdee4b12deedf4e1203d3425475545fc233f678cd12a18bc2fe03e5de9d73aa8,f8324e76737e71577a889d929fde99565d9cdabce67a467a521e4ab2198b9bff,
data/raw/realwaste-main/RealWaste/Plastic/Plastic_386.jpg,plastic,3,6d904f14f3c7d01c997335231935692cfb1a94453ac6a5052634c4ac957273e8,b9df1162fb9d9c4718d53642acf9c114c3c4fb53989d46d23936ac8b0cf604a8,
data/raw/realwaste-main/RealWaste/Plastic/Plastic_387.jpg,plastic,3,8166224ae351e4f8a814af9c7c3e405301d6e1868ed0188c44ff47d8dcb82f09,993c8ddc44fe3f65e69801259642f2fbff74f019e0e597e721e6b539f4f377f9,
data/raw/realwaste-main/RealWaste/Plastic/Plastic_389.jpg,plastic,3,c837bb129590e926dc29ba5c7c846a86a136a0e4030398b36d3d2bf37638b44f,bdce6f69d96f2c7c07b1bdbb9eb9aeee9fdd7a942c20965fd016832daf919e97,
data/raw/realwaste-main/RealWaste/Plastic/Plastic_39.jpg,plastic,3,f420f929e7c25f82b7c670a5e84cd4e7b7714d41e4e00d3fb0e8663bdccb9afe,f08eb16a9934b68be2d083f510e0b40c7b6147bedf171a62ca4bb35ce1d744ea,
data/raw/realwaste-main/RealWaste/Plastic/Plastic_390.jpg,plastic,3,613828a207b0a8228cbf22b8c43f0e967e2e60a02f1f9a27ef0864fdd1e14994,91e6d42723d01b7fc760f53b8a2e8040a542716711179853ac2d6493d02ce970,
data/raw/realwaste-main/RealWaste/Plastic/Plastic_392.jpg,plastic,3,78776ed606f570c32ca0ce73b78f19dae76ad305122d182f0d7ad28920df0427,67d3b58b77326f2f901096100ba5ebdd0351dc5af1e077355e9c6d2a9c9ee2de,
data/raw/realwaste-main/RealWaste/Plastic/Plastic_395.jpg,plastic,3,6fa11332370a4d854f2c7176b98804c697046a074c4b893d919260d1bfc42054,a1f097953acd84e209bb0466485a28608ec132efba4a4cc8727cef2af92b8aca,
data/raw/realwaste-main/RealWaste/Plastic/Plastic_396.jpg,plastic,3,660ab3babb89e750f01b0e5415a9ac6c00585d4b432e2d8ae8c2753c4cb591f8,709c84d849561513a22d0ba2ec23a54518b4e9386065f2e502114a18d5bfc856,
data/raw/realwaste-main/RealWaste/Plastic/Plastic_398.jpg,plastic,3,da3937b2cc7addb92a1ecbb879ad09ed4d3e00634ef40189b14c1e8973be07e9,41f4264e8b5ae22be21b8fe339028a55c779a5fed3abb4278b3ecb20e0db711a,
data/raw/realwaste-main/RealWaste/Plastic/Plastic_399.jpg,plastic,3,94e6e1212b2025d3895e61dc2661c93e34489e2796351f542437965b0a6c8f9c,904abae44b243fdce33a5ea098830d112206b4a4afc0b645940eca1fdae342a4,
data/raw/realwaste-main/RealWaste/Plastic/Plastic_4.jpg,plastic,3,04041ac41bc84f06f85416946cfa92b31cc67d0ed587bc9acbd4d1fa0d11a55f,4bb4a66f55c5cd0abd18547d0cb8ac36be802680ca215d49c1136fd74340f65d,
data/raw/realwaste-main/RealWaste/Plastic/Plastic_40.jpg,plastic,3,4bf1ce1518ef8ad0ba74d8d30fafd50709ce69673609df0dcaa6865d83714727,8a3f8b9c9229a51fd167b10867061ae6e7c2ac7b7fdeabd030e05d537583cb2d,
data/raw/realwaste-main/RealWaste/Plastic/Plastic_401.jpg,plastic,3,b9f2ad42fa829fb35bd9327c0b8ac0d02d93dcf715fe56ca91fc2ea5c3b94e5d,28a6fba19ae0a1c3a75792e86a58ed8ddb31cbf38360dd380e7f3436cf1f045e,
data/raw/realwaste-main/RealWaste/Plastic/Plastic_402.jpg,plastic,3,a5f4006ef182435fb375a8569769b182248a15da386c1449a56fd584fb187c27,e2549925bcf9a08067d02cc9cfb7ca6d1ba1b18914e4d378b0e1bb4f249be477,
data/raw/realwaste-main/RealWaste/Plastic/Plastic_403.jpg,plastic,3,44629ff8731b940c70ca4f4994480c17f8e7e60c5954ae41672972a5ed986b73,c754e5aab9341f29aecc00380a77a8f965e24ef0f359d17b5e239ff3341172b6,
data/raw/realwaste-main/RealWaste/Plastic/Plastic_404.jpg,plastic,3,2045865359a9f6666ff780d1ceb2f352ebd0b1bd833f03aaf7e0008b8ef4482c,50a2c936aced09ee441f71470a544e04510f077fb678820c6aa341e6c10aeecb,
data/raw/realwaste-main/RealWaste/Plastic/Plastic_405.jpg,plastic,3,96ba4e30a9d0beebb924dd494cf3b2317364bf9146622c8c3b5d47dd39cb5c30,c102a5b654e16202f6f71767ea681a05727a5e7cd936a33a4b69cbf54e20f895,
data/raw/realwaste-main/RealWaste/Plastic/Plastic_407.jpg,plastic,3,8bbfe4f319f9382931f6ee5fef61be9c466b8a6f658aa51e5194efe29017e909,21d2bcde3cd58aedd1104403b7051147c2f98da0d886819fe2f37c2a0cf728a2,
data/raw/realwaste-main/RealWaste/Plastic/Plastic_408.jpg,plastic,3,cabcd2ec01fb7d7f6a1dbd90948e03a365a2b96449318ca0436acba9c4c46c6e,6e134a36a7608429bf0dee6ca5121ac5e65e540578d83ad6c1f26f86497c396c,
data/raw/realwaste-main/RealWaste/Plastic/Plastic_410.jpg,plastic,3,61682ea925753aa0bab7761c172dfb21e4f76dfdbdd2ba5d1384fa03f1edd9e4,21aca18e2708302c95f7e58b1db5e1301808021dee4a3e545836d563ce58922e,
data/raw/realwaste-main/RealWaste/Plastic/Plastic_413.jpg,plastic,3,6426aadfb1b022c0232ee5821d8616154b39e1b6c961d1b81473125a66998e76,a1ae217a5229add8031b572b04d8401d9b2d167b74784bb8171e6dde4127a39b,
data/raw/realwaste-main/RealWaste/Plastic/Plastic_414.jpg,plastic,3,cb55fbbb9f9f8b4a657adda90806c29af862e4dd6d6f909e8adf29840e219dc2,5a0c84c3b435b443994bbbc17b45f5b1a96d6907605ac02935fd0f2de6a8c2a4,
data/raw/realwaste-main/RealWaste/Plastic/Plastic_415.jpg,plastic,3,5bdaeb66ba55e95eeb4c30c43b3e708e30f3588e2767c5497e7c2627392a3ae0,8a38ad1a44da858677ddc04ca95cd0a6f1f4d77f0dc384401a4e42273b7dc34e,
data/raw/realwaste-main/RealWaste/Plastic/Plastic_42.jpg,plastic,3,609599f38cd5882bdabde06bac9ad5668eb0368cbee4bb4c3077e533b9c93bac,c104a99e52aec9ab9a33a232cb0c93b441b65ae32deecab79b36dba61e6f3791,
data/raw/realwaste-main/RealWaste/Plastic/Plastic_420.jpg,plastic,3,57ac7ebf9deef61e23bd6258be3566a72a7846cb1e58b9b6e02481d2b1ecc5c8,40e9c7a4aee1c91394cfef375abb11f6ddb5a39816ea0a44f425df6fea7c7560,
data/raw/realwaste-main/RealWaste/Plastic/Plastic_421.jpg,plastic,3,37837b7ccd7cd74811fa0e986128fc8dcbb6ac2eb5688402dde5b92a4c99ca58,18d248e8a5b3476184e4d92a0f11d65c9ffa23d966221b53abbc8649b8d1bff3,
data/raw/realwaste-main/RealWaste/Plastic/Plastic_422.jpg,plastic,3,2e702dfe6c7f983509c4de1537904c9d5d008ad12a399f10bbdd97e0b575a6a7,3513e09ccae7df1647fee8a33293e478cd0813e151db6c695497bece53209faf,
data/raw/realwaste-main/RealWaste/Plastic/Plastic_423.jpg,plastic,3,ccaa8e73665ca8e54b6181911fa5ac286c6c783b99aa17754e179a8fd55487c9,053129586a5264404e6fdb13258d8870fcbc3a6698cfd53fba5d31a5835389fa,
data/raw/realwaste-main/RealWaste/Plastic/Plastic_425.jpg,plastic,3,2f2dcde164d9317285bdbac05cd787b566da49d5bc8bc91e02114ca7b6156a01,85e39c209f07db7d01bbefb95060ce53e90bb4e3948365cb8553a79390ed4721,
data/raw/realwaste-main/RealWaste/Plastic/Plastic_426.jpg,plastic,3,fe60851aef5664403c25740509d3dc40e01878e30add2c789eb1eccd35ddc991,25cb8725ae48f2828b353fe72589eae03efda1e3cffe710ba38b5aeb79445230,
data/raw/realwaste-main/RealWaste/Plastic/Plastic_427.jpg,plastic,3,de9211556cc6c88aa5dcacca64fb06d17480e3dfc0138699c1eaf0d12e5c02ba,c21cf0a5dfc6a977027117ca7f4dfb752c2b3895c058b845368dfef38bccd908,
data/raw/realwaste-main/RealWaste/Plastic/Plastic_428.jpg,plastic,3,81f40f3dbf467c93d63e9c6c1b8e7c50f0d3cad8959f5b9c08a58ecf8e99d804,6c39d069ba8a71c1d8842216bac07e82e952ddc8034b16610e7dcf4f2be04566,
data/raw/realwaste-main/RealWaste/Plastic/Plastic_429.jpg,plastic,3,8fa48a89890177279d614144eb03d64e2d71e60242a7d8a7ba37349006b0cbee,ead20fa4e7d849d8e1d67d1688898dc7e3ce486eb5f188ea20fa1aa62045cf46,
data/raw/realwaste-main/RealWaste/Plastic/Plastic_43.jpg,plastic,3,54dc2dfabfd6b2b841f430dce00b98f5790d00401136d0375cf77a05e68ed313,3ef66ed630fe49c95a659be9d5c7343809b1dbd1271b4f9dd4d34143b534d0d6,
data/raw/realwaste-main/RealWaste/Plastic/Plastic_430.jpg,plastic,3,699bf4eab4b51841532c7d732331b65230f8bc3234055e1e19c7e8644ebc8ee9,bb32142b9f2e6b96a5dda2a2a0d6f661b244f935fafde65846cdcaaa5ac8b330,
data/raw/realwaste-main/RealWaste/Plastic/Plastic_434.jpg,plastic,3,59b65bbbe1f31a7ea968a4e6e016bdb8c53b035c44af7d82d5a6581a8a1debe6,fa09a84785daf630ee8f9540b857284fd3a8eaf08cc608ae3fc25bcdcbca6bbf,
data/raw/realwaste-main/RealWaste/Plastic/Plastic_435.jpg,plastic,3,a910eacd01202350ad08159389799f43ebc5b21f22a5fec1f668496dd3827990,0a6cef7a2cbb584efe57598dbf1c845c078b176692790c520ec69c51f4c8c0e9,
data/raw/realwaste-main/RealWaste/Plastic/Plastic_437.jpg,plastic,3,356135aa867c99a91771b770a7e82b29ae35e34a4f6ced6373305a16d45c6b8e,1b02d261cc0e939fb202856f0c3fcad0b64d830dde021c6f2d3ea6a35f5eb068,
data/raw/realwaste-main/RealWaste/Plastic/Plastic_438.jpg,plastic,3,bc87f98f5eb1380b940549c46d133bd257f289f2d41c142c7f3550c14a53f268,60199625320124ad3be76390b808b4bd8c2bb01684c399a186f8e3d09a3590a8,
data/raw/realwaste-main/RealWaste/Plastic/Plastic_44.jpg,plastic,3,04f1343ed0215356e5109b238d323bc8d18cb1a8f0d5fa758482de8e155c5777,d19981610cdaa6999ef08110c2dd14e7087d820ad90bd24ab1cbf0e686265b79,
data/raw/realwaste-main/RealWaste/Plastic/Plastic_441.jpg,plastic,3,2e38477179ae35ae65c123a30961ae17a172cd14b085302c3701918833c82105,f97e88bc23f0d62fc84794cedead0077bc4fadfc8e3ccbdd0a6af03f850bdf77,
data/raw/realwaste-main/RealWaste/Plastic/Plastic_442.jpg,plastic,3,e8300c45da77f840ff7f0d810b70d60650749dcf9a421647d2d60bc789735930,48eae88ee0ad63dad9478b7d990f235acefcbce54541cef4bd909d31dcd7aa17,
data/raw/realwaste-main/RealWaste/Plastic/Plastic_444.jpg,plastic,3,348d65680927a4350a97d0178aa3e77da41a6b5ac928db2543c7e4ef69c262ca,1f047ad35bd443727fdfd70550a44a00f9602cf794aa55fc9a5d5f6e3ceb223d,
data/raw/realwaste-main/RealWaste/Plastic/Plastic_445.jpg,plastic,3,f6b4b78246c9b037a4eb220a01bb0cc2c4def5d6129091b02bd877af5983f1cf,0ff71e14fd511710fb6292063d64d2ba21a66ffeca49ccb67696f7a08e6c1931,
data/raw/realwaste-main/RealWaste/Plastic/Plastic_446.jpg,plastic,3,53c8b98569fb6708b2853489c1e20045197efd885ea04ba721215ec960f3d55e,dd6b60bcc0b70c856d840d71eb90f0b9214dad6a5cd0bc3f4ccdfbbbed5f058e,
data/raw/realwaste-main/RealWaste/Plastic/Plastic_447.jpg,plastic,3,2eb76bff194fe89bb43199e1a008dba81e0a07cc51d58b46839ff09656d32263,df4d169fe97ce7732f5f60ba388da8e1f69c1a2cfca67214903b09c81d6f1589,
data/raw/realwaste-main/RealWaste/Plastic/Plastic_448.jpg,plastic,3,958b80180e746c203aa99c9672520ca9c52defc48ff8aea3a2249abd7b6efe94,5ef2666fe0d2f6bd194bc62c7e7a00dd994e3c17eb1fa3ad5a91c169d69528ba,
data/raw/realwaste-main/RealWaste/Plastic/Plastic_449.jpg,plastic,3,61827c5013f3f637d3d1cc1a3dc9dd6e173f82d66d7bcd25c71089c1aff55799,ed25272e1f3113c50f803c50a12300d4b3708dd840568321b5754faa47462b23,
data/raw/realwaste-main/RealWaste/Plastic/Plastic_45.jpg,plastic,3,8af3eb63978d3657cdf842f25d26b810255b84b8d10cdc77135a984626158c00,01b5726ce015bc9585465294e73d7e2bc54ae7e9dcfbdcca5a8d176238028972,
data/raw/realwaste-main/RealWaste/Plastic/Plastic_450.jpg,plastic,3,3aaa5e4bd476c53db020b7b073122bee6013a43dc58319f29be63565c59db574,8918c71b82c89f52732c970de418abd736c897618980ac80a34e03112070bbb3,
data/raw/realwaste-main/RealWaste/Plastic/Plastic_451.jpg,plastic,3,b0f906dbec9c2a8ce04c9e9339b00ad85243a5a481230e50e1176436fbd0f6cf,423c05586be641c7506a331d710b2061d07de287c37d4926504e96ee037ee8e0,
data/raw/realwaste-main/RealWaste/Plastic/Plastic_452.jpg,plastic,3,f04d58ec4d8c419a0be009417167bae90fe35a781714880803acab0e66df46fe,d9c4ce7daa8f208df607717c52c5ec5eef27ec2ec22029159b88b2a5b5e7539d,
data/raw/realwaste-main/RealWaste/Plastic/Plastic_454.jpg,plastic,3,9d00f1961838da431789933c84c051ca78d5a0b5704d760c2f5e8e01eea94771,909366fd63f8a2410eb3cf46eee5b1dd3cb1735c948aedd44d0f034d019156f2,
data/raw/realwaste-main/RealWaste/Plastic/Plastic_456.jpg,plastic,3,dc0eb3e01ba4cee00ef826c9f80a8de8fe3f91972e7d20aa02a38256c1078985,f8f99966a5a2a50add4751bb8cca4d868e6de906385b1d0703f920bf13d2ebdb,
data/raw/realwaste-main/RealWaste/Plastic/Plastic_457.jpg,plastic,3,b12ac2538dd5b18d502c48411a71b984e8a23e8191527fd90ac98fe832fad5f6,e9d2789343deb297a371f2eede892f85a5c7d04c6a1427fa3d8160edaef3b19b,
data/raw/realwaste-main/RealWaste/Plastic/Plastic_458.jpg,plastic,3,a73bd0aebb3ffe9ab1346f649bae5b12516cc196882680e6b64a9fe46f2184a8,5c169195b8eadf218bf49637cbed03f46f1452d5edf2a2b951bf3f1102c2db7b,
data/raw/realwaste-main/RealWaste/Plastic/Plastic_459.jpg,plastic,3,ab16dd5e1f63d028a1a69842d4328545bb5face638a31d8924cd049e0e96306e,6e56e2371872d72cf0202e9bb7b6ff89487b0afb45115e9681e733cf675011c1,
data/raw/realwaste-main/RealWaste/Plastic/Plastic_46.jpg,plastic,3,0fe3b069ad312f18c1af159c4c355a43e4b0e61a1a76e98023f7ada6a8d7e467,be95f725d2c5b3d3e49b1b4c69981d8ccd774212f2d14f4b8ec608ee4267e2a9,
data/raw/realwaste-main/RealWaste/Plastic/Plastic_460.jpg,plastic,3,858add745d2e7a190c24348ccc0ad72511bdd2b611691e5331936b40874e8283,5bdae01e775d1b2483515ca892c023718ce0fae8a14df38c259a0bf6b2dbbab3,
data/raw/realwaste-main/RealWaste/Plastic/Plastic_463.jpg,plastic,3,f0e8c802a18f673881f85c65bc04a80ecf9752cec37c5a41629cdcc2e4a4861a,e47214ebc32b7a51b2af7de5e39423670d7d5b817c155ac65befa13b12475966,
data/raw/realwaste-main/RealWaste/Plastic/Plastic_464.jpg,plastic,3,5ee6c96d4bbc1a73cd649a36fa36751d65496582ad7934f88ff0fb9359a2b335,d8c45b268c3f7588cc48a81ed1a51ada4558b81deeba3e9853968154380d9080,
data/raw/realwaste-main/RealWaste/Plastic/Plastic_465.jpg,plastic,3,192aaa01862fdac76e769defe980e95832843616fdc3da2d4d5bba97fc7b4d33,389bdc4ab61fbf39bd4d479ad1c250e587fb147df0e741f0bc0489cdb6dc4eb0,
data/raw/realwaste-main/RealWaste/Plastic/Plastic_468.jpg,plastic,3,48ccc4d587e8685b492182282230f23b06d0801fe7a6e269d20c2406f08bb592,be9a5346bf3de674f298cfbcf12aff0ed0633e95a492c9cb9c9601a4597383ec,
data/raw/realwaste-main/RealWaste/Plastic/Plastic_471.jpg,plastic,3,2ae32f2ff3738f5ecfb4515fc5236542cf92fc4437f123c7b5e43134fd6b0503,d3d978dc11fbbb72de7e20eed3d3c91cb60439a77d4010198c844be8edf3e2f1,
data/raw/realwaste-main/RealWaste/Plastic/Plastic_472.jpg,plastic,3,df2338ca77e930aaf42b0a3c24e90c9269ae104371d7020c0a12da0dc748b6d1,a68d25b25eefb3f26bf2aa7d427695aa6a5c59f4d566ee4f946913cfd186335a,
data/raw/realwaste-main/RealWaste/Plastic/Plastic_474.jpg,plastic,3,bdc957b7f9c9aa1076d975e4b5d0b7d8ae6c98ae21bbc585bfb6e2f8543ce685,de4023e5dcbb5daf01c55a6195ffd175fa7dea98d940a8f20f7bee9084f4608a,
data/raw/realwaste-main/RealWaste/Plastic/Plastic_475.jpg,plastic,3,1a7fd182a2a512b834265cda2a82aa99ee25a7f22be4add823fb469438967ee3,fb1daac265572bd53994401a615ec95f704270a1ccf9759d04c607ba328f53e7,
data/raw/realwaste-main/RealWaste/Plastic/Plastic_476.jpg,plastic,3,be7dc7cc6436fe76f4b9cff53bbef723707e80928d46aa099e3b3b2109f21661,96f551706e65ceea84d87e7c7b6ba162541048ba13be70e2a4da14b6436030b3,
data/raw/realwaste-main/RealWaste/Plastic/Plastic_479.jpg,plastic,3,3534cc0391475ef07596bce3be5bce017171f38cba19415a123497f6aef21321,c55751f15663e037937298fd88fe46b7d0edd9958417e5a982254d29345a9509,
data/raw/realwaste-main/RealWaste/Plastic/Plastic_48.jpg,plastic,3,99e3d956925770ffd9b0f119101fca8a5ce08e51e0c89198d9b5a9b1e11fb85b,9b4498e2f3a9ef670b2a960eb2737fc1ff095ae73400bd251effa00deeab069a,
data/raw/realwaste-main/RealWaste/Plastic/Plastic_480.jpg,plastic,3,8145151f59ac3bcb65428adf6764fcfcfa966cfa410e1fcc081b55332057ba0c,90dbea3b5dbf5037087b506d207e9032c23274d18e0e5d939560b4168052898e,
data/raw/realwaste-main/RealWaste/Plastic/Plastic_481.jpg,plastic,3,4cfccb28ab151ae7af5a3a27a650c73387ddb85b6b026e3c19cf1dbadeb6d1ec,74eef89e5a0d7f3a9460af85bc76a70309b958c6c2925e4bbd073c50007e05c1,
data/raw/realwaste-main/RealWaste/Plastic/Plastic_484.jpg,plastic,3,9a15366748782a57aaea81970a342eeaa4121a9be3a07f0103e1b04e0406b815,c9243c34382aee32332ca46c20062a389b218a0ea61c2803e4cfb55011d4d29d,
data/raw/realwaste-main/RealWaste/Plastic/Plastic_486.jpg,plastic,3,076e8155b7efa33796970e869c3bbe9fecd52900cb5590c7a541c2083742fcac,882af794d6e447bf3327c61286e4650b031bb56a486c451e0dd16f6122516c2f,
data/raw/realwaste-main/RealWaste/Plastic/Plastic_487.jpg,plastic,3,054228fa4a82d09d5842d83c3b1ff1701bfbc1fd6de76a58ffec1b7112ba7013,8e645de3fc52e2e1c62cf6c1e17cf9e7f7d4b1a3d8a0c7cc329e7d40e12c3ef4,
data/raw/realwaste-main/RealWaste/Plastic/Plastic_488.jpg,plastic,3,fb0a49861c7f5f18612cd324b17c5ce84df284bdcc140e16068e4e845106337e,3d65ffeecbf38a9caf56730bb374c6e78f370e6e5022e2d80393cceef4ea6d4e,
data/raw/realwaste-main/RealWaste/Plastic/Plastic_489.jpg,plastic,3,8f3f35bfa933f5610ad96bf2b00469988edabc5c08ed8768e1e9f5d935e71319,ef1f7d8e902855321770dd8b12fdd14c911d100d25773a07e1e4715f0e06e8e0,
data/raw/realwaste-main/RealWaste/Plastic/Plastic_49.jpg,plastic,3,be846e22a9dadaa2b5839f046b65feac944a19f7201390d3e22c0c4cb9297366,e7a0e9209e0bb2efb7ea7e566f1e36522c8ef331c0e5fecac4a8032c3e38a88a,
data/raw/realwaste-main/RealWaste/Plastic/Plastic_490.jpg,plastic,3,5d1d77bdd8500f7a81b71469559de82bba7d82c6b37e106e0c214c1ba113f26f,ffb3d0b91ede53f4660e2694caf5423efa0fd5c7b26d655402d9eddb778fb120,
data/raw/realwaste-main/RealWaste/Plastic/Plastic_491.jpg,plastic,3,74acff2b189060651c6fbbea3e72c3c3f468e43a864df025fb7a90d30500589d,f4a8400fdd50ea83ff4a7b66986119c1c29ee5e43e5782130b8c5b59a298abfa,
data/raw/realwaste-main/RealWaste/Plastic/Plastic_492.jpg,plastic,3,73c94303e6b035b6bdd6fdecbb10c0e56fd87e13e4776f868894d93ecce84f6a,18cd823ae96a243ec7b7368a05dcae37bc7b12f8fdd41ca913038643644d66fb,
data/raw/realwaste-main/RealWaste/Plastic/Plastic_493.jpg,plastic,3,14ba6b5aa7c96800bf3076809b1032409c495d1edc26f18c1083c3fdd4c4e0d4,ef32e050fb72758045698c0081d07466b34121475133a4aeddaf1339cc0ac284,
data/raw/realwaste-main/RealWaste/Plastic/Plastic_494.jpg,plastic,3,062776eba45a591c515364a97fca88ebe775dbb5814cf05305ef954113820f12,334ee834079f8bb1daad0893e2258c96e33ba0d18796eb204467ca4249a59ee2,
data/raw/realwaste-main/RealWaste/Plastic/Plastic_495.jpg,plastic,3,8fde9316da2aa39e1c71f9fa639b2eb7e16f4091803be0d1b8a5921a97f4a9dd,f58bbcd5a9cdd1a6c79a3633638af6d572e41371333f8fcd95001ee3634d8eb6,
data/raw/realwaste-main/RealWaste/Plastic/Plastic_496.jpg,plastic,3,a6650fdb95eafd6ee5e0d888c4bbc14aa64feaae98da3f265dd015758a434e02,0a598cdb6ebd0f0490f04268c483d64d60a104bd5251da506e649785e937f696,
data/raw/realwaste-main/RealWaste/Plastic/Plastic_498.jpg,plastic,3,de801c0ae24a87121cd67d7d3b540637b99df8e0a76508d4c1e9fd1cb3480f65,e347cafba02b766d98b5dfbf070fa6f51b503cf0e7b2bffadf629f9ba59f0b23,
data/raw/realwaste-main/RealWaste/Plastic/Plastic_5.jpg,plastic,3,60f46268849288128ef89efe7fcaa5809b4d18e0d236c24d93e629d5f4db1654,7c5ffdb67c2ead2626401757fb109e97430b3644e36d172596e5132d0157779d,
data/raw/realwaste-main/RealWaste/Plastic/Plastic_50.jpg,plastic,3,8108f567a0d3ffcec57e5095172fba0a1c0de1ec8a18820fd823ed6789e77965,1e7f17bbbdda862afd3a0c43cc0ce4e96bd592c884671d1ec565e50f7394bf20,
data/raw/realwaste-main/RealWaste/Plastic/Plastic_500.jpg,plastic,3,b04c94cc878599303aa6e67306f556cb44d81c7736a72070abaf07bf5460858c,bb55578e8237a43d8286f64e1f9488b8d01b774964eee7daada01a19c1bf5940,
data/raw/realwaste-main/RealWaste/Plastic/Plastic_501.jpg,plastic,3,c4e7f52d3163772465efe633761f618fcab6e908c7a1bb79845f4c98ad1f1dfd,eb3316aeb7530e62bad7868a4f93dfa15e935d203bf3e7d0b2ff554ba6db7b63,
data/raw/realwaste-main/RealWaste/Plastic/Plastic_502.jpg,plastic,3,fc82cedb15914531d5f97c4be59397df1a48e30658ad46be4d2b2b4b99d81beb,37d27c20d42ddc63cb7690f612d5bde5d48afb180f477ee61336e8c840abf62d,
data/raw/realwaste-main/RealWaste/Plastic/Plastic_503.jpg,plastic,3,1bef8acb810a92032b80544f6264458a08e5d4306654423ea79fdc919ef84c82,b53aba1e03aa5a66395227688d3ae83000ced6595d118f97b28458bfad828286,
data/raw/realwaste-main/RealWaste/Plastic/Plastic_505.jpg,plastic,3,1d1dc9121d3f5247fc8f60d741bde1a1ada9e4ce73ae78f5d96c5bd4ab6e56f0,ba71ac1b898ecc298e9b763ce412bb940dbfcd74b2bb15e8a88bc7da0362d54d,
data/raw/realwaste-main/RealWaste/Plastic/Plastic_506.jpg,plastic,3,49640c30b11ef397664913e6854dcfd9673dd2c5e9a5e7fb9709bfe0bd90708b,78f994bf6f737be45399c10e5c615947ac155f0ca8a194cad86b565dc0052712,
data/raw/realwaste-main/RealWaste/Plastic/Plastic_507.jpg,plastic,3,fd74211f18fd0e40e627560712546a8f77da47e33ff5cf854e7d5fff46c5559a,89251ba5608e3ede334782e027beb77a864ceef9f9385345033d764d6f691e52,
data/raw/realwaste-main/RealWaste/Plastic/Plastic_508.jpg,plastic,3,b64c054b5152374d2418293e867a1f444461c07961c59f02ce73eee33ebe8b53,43b943053a46b1651db6beb622e137f5782218e5415a74e190706f332ed207e6,
data/raw/realwaste-main/RealWaste/Plastic/Plastic_509.jpg,plastic,3,a1ceb1f3d27f5859fe7a7bd6839336f1812569e0b39d82aab4a591ab7730180f,88d8f0f516815906413a15e123518d75cdc687d6e7215f8eafed46d7281df827,
data/raw/realwaste-main/RealWaste/Plastic/Plastic_51.jpg,plastic,3,06ef820ae709dba5233199626d703b7e62c5490d1909d1289d0c6d008507f3db,c3d13eb1f0d170ea618d21a00d4d345b421484d937924b429f7ec87a1f1441d0,
data/raw/realwaste-main/RealWaste/Plastic/Plastic_510.jpg,plastic,3,d6086305df860cfff872f2d319eb1e3aa433e0e9267a451c168210509cf9736a,701bbc082dc6c9ebe50e3214106319b197ac50645f8c2d9dc034d74766ee2b8b,
data/raw/realwaste-main/RealWaste/Plastic/Plastic_511.jpg,plastic,3,6c75ff39819318b0d2da4e0788465353d202b8de254041e25ce9c458825d69e6,6d535464b5875a42c01d3a69189c8932f386c5e747a836a4fea5a51ff90b6899,
data/raw/realwaste-main/RealWaste/Plastic/Plastic_512.jpg,plastic,3,d63eb7d9e38e91c4d4226980eaca572888711d4b6f398e7487f4b8e150321ed4,c842716f6fe7b4b755b2590a8fd6ccc0625243b2e785a175e0359619d03206a2,
data/raw/realwaste-main/RealWaste/Plastic/Plastic_515.jpg,plastic,3,dddd139f6bb60053c492f975fd3e87f7cca66c2c304febeaf08cab0249874080,b70873f0a4dc70e679680a8ce0c10fc13cd107baaed32633c9df1fe61c28505a,
data/raw/realwaste-main/RealWaste/Plastic/Plastic_516.jpg,plastic,3,ed6ee77d4b767129a2d30e71f82b607573f1479c1155ea45432e73a293e3e012,0f7f84418dc865ab092e7daae83fefd79618e95a19e68a5226b1e2b1db79f792,
data/raw/realwaste-main/RealWaste/Plastic/Plastic_518.jpg,plastic,3,4672281f50029c481defe526b79c9752fc8f3124edd912b9da497e08450b780e,516be1993d253cfb13928053eecbe20313558459abe002095046e8067cb44b85,
data/raw/realwaste-main/RealWaste/Plastic/Plastic_519.jpg,plastic,3,f869e31c092e65a0c8238825bc9236e74512622859957d54395f4f813e5edc22,be82d64dc914db98f686225622b967359036262bb193196c5f19932c0b0989e1,
data/raw/realwaste-main/RealWaste/Plastic/Plastic_521.jpg,plastic,3,e9f78d19dbb4bfa19c81a86340f732755b29a29fb5a4565fae5547c4ad41e79e,bc1b881b38b04d0c0a093c02cf98ac48939fefc96bf274a2bef7cbb48c6cfa5d,
data/raw/realwaste-main/RealWaste/Plastic/Plastic_522.jpg,plastic,3,b5ea634edb06768995bc17fc0f3710d027fec7ccf391b90ee2e99b9d7677f73e,850ad11076e078d3a3c5a71792af500f8fbcdcd1b3c42382c33df951757789dd,
data/raw/realwaste-main/RealWaste/Plastic/Plastic_523.jpg,plastic,3,4e867c47bb338a00a15f6debbee4ae5436eb9f32b88c37e18e0f7ef58dce673c,a98ce4e47c7f84f8e7e20eaf5f2487b3c6a7dc349eb862fcb9c0dea48eb3b23a,
data/raw/realwaste-main/RealWaste/Plastic/Plastic_524.jpg,plastic,3,a4a33532193daac3707f6b00e265c96b365ba31447a8c1bec068388b4161dee8,c3e61f01d0271a8ae13f8bfe6cfcdc943cc81c079f4f745467a4872232400c58,
data/raw/realwaste-main/RealWaste/Plastic/Plastic_525.jpg,plastic,3,650adeb83de41613c0e434f7000e193717b912d054ee63e3e25a788adc3eb277,4728340040c575f5312f83681e8149fb52e1f75ff93cdff53357d18f66291aea,
data/raw/realwaste-main/RealWaste/Plastic/Plastic_526.jpg,plastic,3,c97caf5cfb0e3ff67adbbbb3758c73d768837453cb94fce08beb515e8e96240c,d568d4c00f6b9edd0fb7a3005f86dbc9dcd3fdef809f912985eb9b7ed9dad817,
data/raw/realwaste-main/RealWaste/Plastic/Plastic_528.jpg,plastic,3,6943ff11db5fde9bae8d8fa0be21ecc08741dde6155f27b83a59a6086b791acf,bf0e7fb2323fd2ed23d554e4893d5a222cc535923de6d0a9f218f0a2c849d161,
data/raw/realwaste-main/RealWaste/Plastic/Plastic_530.jpg,plastic,3,7489d130a09511de7dbae0e5994b4993cf5ef373407f5228c27c0f9c20745669,b3ca27e6c2ae7408cbd08755dc7985640504bad56690d43dbcfd4544ee0f1186,
data/raw/realwaste-main/RealWaste/Plastic/Plastic_531.jpg,plastic,3,d3f5b3734a9a997b41e77af7aa3fccf59c819e8e483db9d1178aaf4b4bf73105,9b42f10725ef64c25ea527c317f0d76d16c4c959019b8bde6f80fcb68410fb98,
data/raw/realwaste-main/RealWaste/Plastic/Plastic_533.jpg,plastic,3,39bb630fd707edc76446e2036cd81979300a8e3d19b2f0c6f96d9f4b544ac972,94bc222753c56414242fcb200fa57b348ebbbaa87ba6637a52a78f9a4842236c,
data/raw/realwaste-main/RealWaste/Plastic/Plastic_534.jpg,plastic,3,183c2485c2d5f352eb4345ad66d56a9450ec0de2f79d58f6f0fadb402ad70d1c,91a9f3d01fafb5b09d59ee9bda576e9472afa7e1c1e56a40fb8ef42a5d7c590e,
data/raw/realwaste-main/RealWaste/Plastic/Plastic_535.jpg,plastic,3,35bdc9e17f556f97143acdf01f47255b4840cb6634e1f7041fde4fce3bbaa3b5,042acfea14893288bf5199560eb70a3bf372836a67e97ad04ac8e09f543f9e87,
data/raw/realwaste-main/RealWaste/Plastic/Plastic_537.jpg,plastic,3,3a350d26a0436d8eaeb10b6c4382a3c8f1a1caf83aed4528e3f9b50cb95a6bf6,09b5e160c28a63c13c292d85d4dfc83f6b18cdbe32e094e94e916a50d0130194,
data/raw/realwaste-main/RealWaste/Plastic/Plastic_538.jpg,plastic,3,87e3191420f49bd0f574635765aa34bcee3423a4c28088fedf7932d3dcbc559b,2b833eb795f7bd32c1d5493fa764562965a30e1b9644ace8219021c665d2286e,
data/raw/realwaste-main/RealWaste/Plastic/Plastic_539.jpg,plastic,3,d3e0e05dd74c720e04e5903f2f1e8fbf805d1347b772b38814a427de98f4d6f6,59718bfc5d4357456dc0d74c19b3c489bd760a86364faf2500169c83839fb5f0,
data/raw/realwaste-main/RealWaste/Plastic/Plastic_54.jpg,plastic,3,b4d2de6658f9ec747e51848f1239cdb1add2d1536e61863ef24270f3cbd2017b,7df47e44b18497347a6e60f00ef08a1ab0f200c031f90d9f2263270767c0dd40,
data/raw/realwaste-main/RealWaste/Plastic/Plastic_541.jpg,plastic,3,68493e8414adc78cff4c385ac28174cce7d81011b3131466376cd4dd72225b76,cf72f811bad02687efc03f3c570b2d6765280574b28f7520e4fc2961225e749c,
data/raw/realwaste-main/RealWaste/Plastic/Plastic_542.jpg,plastic,3,5276ab57bc95dddf3a1d37880fc4f159c5f564c647c9e166f9d388b131ad0562,e7f6981f4b67f0aecb9625dccbab10508c6320e2ad4ac9cace1762632558e362,
data/raw/realwaste-main/RealWaste/Plastic/Plastic_543.jpg,plastic,3,ff7cc02d9e7951931bf440bb3f96c67f665702a046b3c6433ce0da8476ee1260,b778831b4d763b549bfbf4eb01c150e2470aff4a37dde2d27aa65287cab1823a,
data/raw/realwaste-main/RealWaste/Plastic/Plastic_546.jpg,plastic,3,1eeb20c8af078de481fb83a9aa4706a6cb658bcf8083cdbf2bd8b325427aa096,9495b301eb8bb4b30f24591c199f4ff862868f58ed76f5bf94b4150ed16f09cd,
data/raw/realwaste-main/RealWaste/Plastic/Plastic_547.jpg,plastic,3,1b53b0e082daea0da5f66036e8dfdddddd27e29e4de987518f8948ebec6f3d73,12a75cbe6f30a2ada1642d1cbc4b2ffbcd9a2404285f24d60087670eaeba0258,
data/raw/realwaste-main/RealWaste/Plastic/Plastic_548.jpg,plastic,3,bc27683894321762bb3f062820bd3f1df111aa06432cac9789955fd612f4304d,985f49e43a26ed0172be77efecd9605429c1c7ce5ab8a163b15325224caf408a,
data/raw/realwaste-main/RealWaste/Plastic/Plastic_549.jpg,plastic,3,eb9a524be41fa0c79fc495cd6a55428ab337233845e427067a0305396925782a,805a07a23d9bdf33f75c209edd6cad990eb28b93a3fd0666089f777cba22c43a,
data/raw/realwaste-main/RealWaste/Plastic/Plastic_55.jpg,plastic,3,bdf9bfd97675bf629890eecfb854d9a2786e725a8425342ebdbfd5340725c228,95daee7aa40e9bdc09d0fa1c73523b00954949c16adfe318b6975f502223b10a,
data/raw/realwaste-main/RealWaste/Plastic/Plastic_551.jpg,plastic,3,a86a9efac7e869f23e7225f825ca2f4d7739b01e3dfaa5d90e449c0f9095e8f4,047987f98c8c6bdfa274f8198e24a0abd89b947daa926496711a8a5c66597e73,
data/raw/realwaste-main/RealWaste/Plastic/Plastic_552.jpg,plastic,3,97b041490bfafd5cd05624792141be7a664b03079ba6bee20230129863b0c2b8,07c73a5e99d4e767f647c9dc9a6736eee2d96920e80711c3050c4b9aa685f882,
data/raw/realwaste-main/RealWaste/Plastic/Plastic_553.jpg,plastic,3,196a62700173d1e636c102180ffef32b427316bf26a30f4b339aed0e501363b4,e127f4cf4f1f3e80a8a26d56e0e91adfeec1f45cde7ded3b1a1047c54725f710,
data/raw/realwaste-main/RealWaste/Plastic/Plastic_556.jpg,plastic,3,e7e0dd3fb77b1a42bf634aa77d1f9af24cb82b947198b9fe65c4b7e5adf238c1,f3864809d72e773bbe527caaf03ec569c2f3d50198baf64676d51977fa752ad1,
data/raw/realwaste-main/RealWaste/Plastic/Plastic_557.jpg,plastic,3,bcd3b0a1993ff4d5f2d0ea560d2b91aff82e43592caba4552206195a6368bfaf,1f2c390c5bf58a8b108434f0c953a3939c0df77d95a235943c7a08ada09d0318,
data/raw/realwaste-main/RealWaste/Plastic/Plastic_56.jpg,plastic,3,3a3efb1592efd843dc5dc1a25a1ea9300723fc2ceb32addfcd27a33ac3022350,63852ee67604caecc59f9f41fc01530c36871f612c8d7328b57de2a4b1c7cff8,
data/raw/realwaste-main/RealWaste/Plastic/Plastic_561.jpg,plastic,3,52dafc2dad0ed6e5cd2974252bf3ee4e0ff3a818ffc977adadf2294bb0e26fdb,384e3c217fe0d3ced4912c3eaec0d7023e822a73231f0b2fb5daa3e307404db8,
data/raw/realwaste-main/RealWaste/Plastic/Plastic_563.jpg,plastic,3,3f325bcd6bddd817f17098dea06ddd9cbd73357d52b160b1a8708f9a1847354a,0446cd778be8209de779afa78c1d1462233a642188d524e3bdd404370af61b4e,
data/raw/realwaste-main/RealWaste/Plastic/Plastic_566.jpg,plastic,3,095d095eb70ad36bd58d0dcbf7fe005ff951aa44f9f89e4ebbc584313d343ce5,f6528d62c78937a6248c0f021adef6e9db3f94c7aa1f3d407e998dc0eb6f2e0f,
data/raw/realwaste-main/RealWaste/Plastic/Plastic_57.jpg,plastic,3,32bfb3ec1b535a0612bbbf1205dad65b4a14627870eeee277c42bc2ebda1c29d,126adf2678fe377ec9e1fe9a334848c5bd9e827434f9ecf5c44756c4dbe39231,
data/raw/realwaste-main/RealWaste/Plastic/Plastic_570.jpg,plastic,3,2439ad8f23b8f0c5a14c73c444d0c8c0f822df6cf16d14163fb92816eb8d9f1a,7baec9abf768c35093c84dc91f709a4fa96a9eb5949cebd6feabe30316a79e79,
data/raw/realwaste-main/RealWaste/Plastic/Plastic_571.jpg,plastic,3,790720b70ca5491f2a759703bd60164fc5d2589a2233aa94d19f1d4d300d936d,ecc75ba43602c4d41966518b83c515991475c2a4b80b362d001479670ee1bc5e,
data/raw/realwaste-main/RealWaste/Plastic/Plastic_572.jpg,plastic,3,7c0d7447e56cdae52b421cdcbf3f095f55bdf069ceb3a34076adeb789f9bb195,90e62fd949eb45d53deafad997c8dd50760a90ed0ead671c8345d6ac0340d7b9,
data/raw/realwaste-main/RealWaste/Plastic/Plastic_573.jpg,plastic,3,9ae0c9fd0ff18b98f4737888733af864c2cc6dada42e974be6a857e188b9dacc,01da5029d42d6db8cbe8d96f60cdc8a39c6430dc57908b230aa26dc3967df6db,
data/raw/realwaste-main/RealWaste/Plastic/Plastic_575.jpg,plastic,3,82b23b5b6d09e345d2fe94e0f0df5aeeae27f60c246bc9d0087a864b8ab92e56,a87c3943cadb45796203179f970ce0a01a484f5cbe70425677375ab54153455c,
data/raw/realwaste-main/RealWaste/Plastic/Plastic_579.jpg,plastic,3,cbdc7c10f2b93565b3c9d362d17653966a27e2652efc3e5a957545c731bae332,176323639187f1533716a989b5061593651af4f020890357926ac08fcc9511c5,
data/raw/realwaste-main/RealWaste/Plastic/Plastic_58.jpg,plastic,3,71c570caaba58c814c882931386c2207b5727ad2efb6becdc0a8d93a8310aa73,2db5fbb54b1d1b24dad6802c7c02f932ccbc845b8809463b7e16d37112be9099,
data/raw/realwaste-main/RealWaste/Plastic/Plastic_580.jpg,plastic,3,1b796b758093f68372fd976583bb6450d08bec27ea32ce0ef8e396f0a15f9b34,a6cd60c89033a8017304c43c3c51c4720d3864b989783805ada63b80bf2f107e,
data/raw/realwaste-main/RealWaste/Plastic/Plastic_581.jpg,plastic,3,3851530c81c0eb4fb17246134c8c3212a52ad90e190a43989109071c31e9b0b6,06ac72b90d6b6e1ea6db92090a912816745b62b0263089851ef316c74742f2f1,
data/raw/realwaste-main/RealWaste/Plastic/Plastic_582.jpg,plastic,3,f1e2a07f36f820371150dceef34402623228ce31d9b019fa4abb9fcf5f0dbab1,dbba5dc08a2b931052e351db2be65be4ef508d68e2cd12976033202952eb0c8e,
data/raw/realwaste-main/RealWaste/Plastic/Plastic_583.jpg,plastic,3,6d64adba700de9b1bbfa2f13ae8ace8747fde5f99cc449ce31a7b181ee915e74,cecbe084c88ef510f6d64dab1a8d3ce445b26e536161bc55239c350129c0526e,
data/raw/realwaste-main/RealWaste/Plastic/Plastic_585.jpg,plastic,3,1c64346984e9d4c57ec0e4fc0d2cb09a8707e1607f33c7e1f082781aabc83b89,b9f8d737c9b609c3d4efd0cb5ebc9874cec0d5c91cd23379f8e25d110a9a2d17,
data/raw/realwaste-main/RealWaste/Plastic/Plastic_586.jpg,plastic,3,35cf30af0d6f3483cfc21424b1a2a8b5e53d6851fa879e98a9a77fe1147752eb,fd98cd865123a360cfaee966c2af97bec23abcd1cf9ca999c8131f65bdbe8840,
data/raw/realwaste-main/RealWaste/Plastic/Plastic_587.jpg,plastic,3,7f7d00d79e09dd21ff8cfed5f57449b011446580e2bbb060f23ad2d09f96d114,4a5e79d992f424b6dbab237d878ddbeffe46ff4a76b3dfa75b817ad8ca67acbd,
data/raw/realwaste-main/RealWaste/Plastic/Plastic_588.jpg,plastic,3,75fd95f56ae7c982db6988dfdd28d68d205762a12764316cac2948708a4c882c,f02bc04d834ea3b86ea1f7581351056ea225a7b4f609f35b10cf0171efbb92d5,
data/raw/realwaste-main/RealWaste/Plastic/Plastic_589.jpg,plastic,3,9fbdc051acac3ac1ef71e81714ba92903b7c530967cc3fd03f0667df1587ef88,19eb3882a4eeeb46cca915fdf81c0067f7faeddd55c8063a2e31eafa547089fe,
data/raw/realwaste-main/RealWaste/Plastic/Plastic_59.jpg,plastic,3,205ce1e8999f0db74e30cb30fb262f5c3c07164da23cae695cedac07ffd1b407,ac4501d82b69e703abdfcbe0150883ea76c77aca8eab4fff00e7f8bef00d2ea5,
data/raw/realwaste-main/RealWaste/Plastic/Plastic_592.jpg,plastic,3,6acb7f1670226c616b212763dbdc1ce0cb300489a7b385796b26d0c71674d323,de3e42707a25d792c7bd5ac8229896c51869142997af91f1059618d48b19db06,
data/raw/realwaste-main/RealWaste/Plastic/Plastic_593.jpg,plastic,3,18c6e2b0a96f06a372ab8af67b629148f3193ff964fa2f0da234f37933df4a8c,338410274eb08256314a6ffe0639b2f646ee2c400b5267fa30969c538870eb51,
data/raw/realwaste-main/RealWaste/Plastic/Plastic_595.jpg,plastic,3,e1e30ffc82dfacd827f183662033dd4aa195e6d55791090ce69b54891add4cf9,e366016e30a65a9ac639e1e6e984fd5ccb1e56f4008ce0ec9f8e6746d45037ec,
data/raw/realwaste-main/RealWaste/Plastic/Plastic_596.jpg,plastic,3,812fb4d25e28ede754c1c6053979436f554f3a2fb98f5ec644259f7910deff50,38fb5287a1f3e5e580f1c24613de35ef860cf6f7835f96ac827fd2c1d4fd9eed,
data/raw/realwaste-main/RealWaste/Plastic/Plastic_597.jpg,plastic,3,d92d483a799f0cf43fd9844c2aa35c21f305325df48aa0c7fbbc5fa9fa20ceb1,d7d58ad4fbfbd82410670a7738767f4dbd85d73b4acc8ab9beee8deeb9435445,
data/raw/realwaste-main/RealWaste/Plastic/Plastic_598.jpg,plastic,3,dda500afdbce71e037eb889e64f7bafeb1e2325e8916d1db946b262cd5f3d93f,c76f8f4bb7279610354ba1db113cdd62784a19d4af662a1ad1f5f63b7afcf1e2,
data/raw/realwaste-main/RealWaste/Plastic/Plastic_599.jpg,plastic,3,9fe91538aa0744ffb87ee9f0376bc6409350f1fa57bc6b0aef498f6e29567401,78c698f7dc6152ede2e7d2224f1bb9d3f02b2342a3e4686199c04be64fa1f818,
data/raw/realwaste-main/RealWaste/Plastic/Plastic_60.jpg,plastic,3,b000e122deffeae66062746465755474f06b9888701b088b8810550d794e623a,b85639c83cf5d8f726875a9caf4f2eda1405ba83c45626f6195715991b5f655f,
data/raw/realwaste-main/RealWaste/Plastic/Plastic_600.jpg,plastic,3,83c4f0a933f611dfe042ad70b50970ddabb9e8e7ad58df95aef10a121807e74a,26fbe335d2023d9b589e2e4e8bc0546373ab25a9e1cd6872f7565fa0debf9938,
data/raw/realwaste-main/RealWaste/Plastic/Plastic_602.jpg,plastic,3,9b5683610fabc0ee2a2680f01047b5628ea50b3591d4997b55cb3f851c068645,f267089399013a38ca588e88f8d5119ccc6fa4c30ba93bc47f0ad664482533df,
data/raw/realwaste-main/RealWaste/Plastic/Plastic_603.jpg,plastic,3,73e6ba368889611db3319bccb2fb550a1a312acabb332dfe1aa02781de05af15,5197cfba56724a06ea9700131769fd948938d3a9a5dda0a2f84c828d44461c07,
data/raw/realwaste-main/RealWaste/Plastic/Plastic_604.jpg,plastic,3,6fce444f0f905152a3f2a9239e3807f974eeb26ba146b5b0f40764e1610995ac,b51e36197f6b26b62422ed77b770db67e0ee2696c4558ff34da82e82712e2e23,
data/raw/realwaste-main/RealWaste/Plastic/Plastic_605.jpg,plastic,3,bf3c3800a9947c5c502b00bd67fa7f14c77ae9c5e1561f05e7f819d8913e169a,423f29bafc06f36f8bf87a0448e7d912938edf8bb1ce475794f5d88009b30cb1,
data/raw/realwaste-main/RealWaste/Plastic/Plastic_608.jpg,plastic,3,c48fcaa1d2363637cdd4875385dcfa6c785478727b89b869f561649ff1782277,1053c6287781ae989649666faa88d0fb5f06b59f2204982ef82a46cfdd719566,
data/raw/realwaste-main/RealWaste/Plastic/Plastic_610.jpg,plastic,3,0151d18d7fd4c5850f1896f2282695f530a8da647cf4822f46e2b25b6435c749,ea0df62d9590f581da3f3e8f2da9aefff15ac421f0eaac4d344d99328908ba49,
data/raw/realwaste-main/RealWaste/Plastic/Plastic_611.jpg,plastic,3,9f0c5a465b7c5611414d7a3c5774ae46e6d58ce2a9fd3d66a36f4e542c6f4134,84dbd60aedc337ae8a0f81a528cbc0be7182bd46b5a887f009c9503d87e56a77,
data/raw/realwaste-main/RealWaste/Plastic/Plastic_612.jpg,plastic,3,9537d62ad628ae7555454e26a677f153795af34c03c34fcb23be0e87d4a42c36,0a63d26e502e8c872ad6cfa87302037fdd3dd80700236eda3fc2af8b752ce046,
data/raw/realwaste-main/RealWaste/Plastic/Plastic_614.jpg,plastic,3,66294b790aee9ebb127bc7418d474c260de57306e2394d26ded452b336809adf,4f4a9e0dcd65c6794944ee667361d01b84bdb9af33c92a504e614185dcbaf0a7,
data/raw/realwaste-main/RealWaste/Plastic/Plastic_615.jpg,plastic,3,95c53a80123bb1b6ffd9ba9442c7908a41f8a8306e0208465b6e261b1d88dac8,1b2ca43b2fc54f760a98667bf81ecd83fd79da6fbc25cd7777edb96bf2c554c8,
data/raw/realwaste-main/RealWaste/Plastic/Plastic_616.jpg,plastic,3,e9c408c10d48773640a21e211cc800c10f69149c5f78a9fe61f64cfc290d99c7,fa98f5a5165ec7591882547d2eb5aac6a1e0501db245644d1138ab392cc8aa46,
data/raw/realwaste-main/RealWaste/Plastic/Plastic_62.jpg,plastic,3,f82e01756e2cd92ee59e58450136ea4843ce8c6cd99efbeef60c8a5e25236e7c,fd88cf01035fa5a9e4bfdc82f6ca04fb52ac5ee7039200dec3dbbe8e40cab47a,
data/raw/realwaste-main/RealWaste/Plastic/Plastic_620.jpg,plastic,3,87a843e661105264edf97f4fce96acf3e32322e80a67d7955d89705daf730afc,1395cb38a47bab0d61c645130cfaf4a97a5fbf20d367cf6fece5ef6927ee80dc,
data/raw/realwaste-main/RealWaste/Plastic/Plastic_621.jpg,plastic,3,e6614f12720027cefb4e325df60832bb41b755cedb520369cf41afb751da893e,6cb0ac7c97515b6b96681ff512d9fb098a14ce658fc2eabaaa74cc84fd9826d9,
data/raw/realwaste-main/RealWaste/Plastic/Plastic_622.jpg,plastic,3,4e2805b02c6467d17830a1c9638f1245fde21cc63e0d80098a1de8a10ec96fa6,2ba8eb796cb82c38a0143d51cdc6bf9b8b6ed103e026149fac95dfb52c5cba65,
data/raw/realwaste-main/RealWaste/Plastic/Plastic_623.jpg,plastic,3,c2a466379b14db4be0fe7cfca2893f5975c790d66ed6130c8dde10244bf2ca9c,8553244ae132810e69b89f5c38565f03564f860108936861927468185d2d44ca,
data/raw/realwaste-main/RealWaste/Plastic/Plastic_625.jpg,plastic,3,542262299f089b3c0a26f26d884bda0e0e5d4b36a35c961e1524025cfcdbfede,0f5021dbe48ab6e2b2797c35edbf71c3a98e872b5e0091e7c4727d0ae818b8a7,
data/raw/realwaste-main/RealWaste/Plastic/Plastic_628.jpg,plastic,3,5c40be4fc1c46a588d4e615247464217ec5a3fd8d3cda268e1da04dea7f99d21,41cec8456c2d6c2a358219d723acc68c46846aa790974ada4b1b065a77064a51,
data/raw/realwaste-main/RealWaste/Plastic/Plastic_63.jpg,plastic,3,5b0192afc4f7a1dcb65beb4d8ba6c9c98f17e6d7425a2b7d3a927a0e7dcb6a1d,c9efafe847c2be27e237094646441df6f530f42b47409940574cd353c380e095,
data/raw/realwaste-main/RealWaste/Plastic/Plastic_632.jpg,plastic,3,e24f21a14cfb7dd3752900ab58671cb5ff2de342cb71e19614ce36b4af744393,bc85df4d0f88af926f84013c713ccac2c1ef50f8a342a35445dbc9f2dbd86742,
data/raw/realwaste-main/RealWaste/Plastic/Plastic_633.jpg,plastic,3,568583f24e6e245b91f25ae4f26ce1d03205ec501454bcbfdc0d38ee86008f5a,b18e148b2ffca61ef2f0006f1e7b96ee14a01bf8931601339f670635ab8642a8,
data/raw/realwaste-main/RealWaste/Plastic/Plastic_635.jpg,plastic,3,8f473c5a0ba45caacfb2588fcba80e365b9d1b4e3f110250fc9abcf04094e321,244b01cc068d85ac13afe7fab9c7dc6b2848d92171892568894d545997f39422,
data/raw/realwaste-main/RealWaste/Plastic/Plastic_636.jpg,plastic,3,f5430bf27697742533a2279b96ff95286e8aaf687f7c53db1bc8875935fefd8e,e6222a75ee05c8a256668106aa1ee193dd8bfce2139a2905da0957201ffbfc21,
data/raw/realwaste-main/RealWaste/Plastic/Plastic_638.jpg,plastic,3,2f95cef9f535987a3bb12bb55a1e6b0845b1a10e992494d496637727cd6ab217,294d292af5ffe40eea454c992447e89d86604bdb7e64e0e93c35a301240fb026,
data/raw/realwaste-main/RealWaste/Plastic/Plastic_639.jpg,plastic,3,7f7bb5269435a37061581d65220a6060f57b35ba3302898f92eeb98d38a63d12,fc617212c64edc3d9470b4b4cb2a86ed2a36896771ef9631ceb083bcce03270a,
data/raw/realwaste-main/RealWaste/Plastic/Plastic_64.jpg,plastic,3,32767f38f552ea1bfd5b6e41a9d118cd906c53b85cb21646378399a89ff27118,87162c7c013a8a08b22ebe082113c4ced1dafffdf43719c367e75fd46c3c1ca3,
data/raw/realwaste-main/RealWaste/Plastic/Plastic_641.jpg,plastic,3,c5010e1318a175e21473b401d10cb28c286088e8380a2669deb66bc1d727caf2,31af76dd02b7198deb699a0aa767636b4c9f5e9df470cb2bd7f8c52186a2e78e,
data/raw/realwaste-main/RealWaste/Plastic/Plastic_642.jpg,plastic,3,8973f652f305066b5f8d17248415e1d74bf37fc23acb69b29ad71d3551afc396,4adf371b73d8c33aba5bf4801f08bff35e0de72ff93d1399cad0ebba87b2a2dd,
data/raw/realwaste-main/RealWaste/Plastic/Plastic_643.jpg,plastic,3,ca4dd709f8303aefde9c94364c2d89099531dbd967e4ff2ced95a823f52d22ce,69dcc97f03d1af4228ebdd7d8827f7550bf0ac93c3fc534f03754929d3a80f69,
data/raw/realwaste-main/RealWaste/Plastic/Plastic_644.jpg,plastic,3,be9772d83daca77e17d15243e7c7b4e4136a087148b5177eaeff3d8ebf30fcca,0d76447457e1b7e641d455596a6df86e13519c292df64618e608788231760d22,
data/raw/realwaste-main/RealWaste/Plastic/Plastic_647.jpg,plastic,3,d7c56c341c991de8c3a7da3a45aa769794a16e4b6fb800ac17f60da93c632ad2,219fac0d1cca07eb6d16ac14680d0a59ff6abc045df7017f0854ca8db3ea339f,
data/raw/realwaste-main/RealWaste/Plastic/Plastic_648.jpg,plastic,3,b4981334ec81d7e31b582ebe0b2f3305e8ce3bb17046633e81c7a284759d949e,974b064236f3cdb0c3bea445d7970ada25542e7f7a8467567d27bf6b162c12f0,
data/raw/realwaste-main/RealWaste/Plastic/Plastic_649.jpg,plastic,3,468aa033d039de00e8c10fda2efcd20ebf75abff800d1f2dcbd6eed9af6b4b9b,1337e03b769977d037cf35887513c353ba3e206ed242125a0294106c7918e98b,
data/raw/realwaste-main/RealWaste/Plastic/Plastic_650.jpg,plastic,3,839cfa315a0f0e01cfa1aadaa979cbc661a9bc2f002882bbc13297a20b109d64,64442e11a040ef3b78ff7f912c540adc09db5d743ba405a4a0aa75955ecd90d1,
data/raw/realwaste-main/RealWaste/Plastic/Plastic_651.jpg,plastic,3,a7eafeead6300394141bc4e6ded22700db66458c8411b68b8e5c556374e5c82c,fb86f3b88015aa3c027d5e3f932a467de5a00527056369e4609556d423012510,
data/raw/realwaste-main/RealWaste/Plastic/Plastic_652.jpg,plastic,3,79dc2a7b0fb07c68d473553b11394c64981a6037cdee91dbf2c68c5502b44563,d3abff384aed8c03693ce27a882163f3878fbcd30caa8ed0678761e8fed8d25c,
data/raw/realwaste-main/RealWaste/Plastic/Plastic_653.jpg,plastic,3,b7dde03bb73dd0d5c5a67ad7227dd068f2dc2230c9bf5dbbc5b2e321b3cdaf21,0b486ee519c485793a629db4516dc927e15a2ecaea07761adcd190387971e67d,
data/raw/realwaste-main/RealWaste/Plastic/Plastic_655.jpg,plastic,3,b62d0e32b94544b3d38589c801cc7565d30f19bc983a6e2e9588c602c90e12af,6ce42a98cc29e0695ea80ef93d9f7376a860eb4e54d209455ce2963b5e455ce6,
data/raw/realwaste-main/RealWaste/Plastic/Plastic_656.jpg,plastic,3,31530a9e88134d88c6d58afe65d6ddcee46075f22642e648d5a251c5f04c6c43,e352ae1cf25c571692abdf86567fd0680084c33580dd8641b636ae495fc2aadb,
data/raw/realwaste-main/RealWaste/Plastic/Plastic_66.jpg,plastic,3,171b5b83f003523a8adc5aa248785290654e777746d751d57d0a75e021e835a5,a14bbb14a977151310846d3d019b1b1099b23aaef6baa6d061e46ebc0b1da0e8,
data/raw/realwaste-main/RealWaste/Plastic/Plastic_660.jpg,plastic,3,efd61a978ebeaee17c6afed3a45dd1f18d46bb26ecc73069db78d4af65f80600,4802b36d9d2ca55895be7659334e3082fbcded59fe9438407faec17d188af09f,
data/raw/realwaste-main/RealWaste/Plastic/Plastic_661.jpg,plastic,3,d1aeaf2e75c9042830f26058cf1310c9af2973532af021c92a894667382a665b,8d71b2e966d20ca76ae9dd4923fe96c85e7860b3b2076f5ba0f0dcc8da66cef2,
data/raw/realwaste-main/RealWaste/Plastic/Plastic_665.jpg,plastic,3,92f6769446d9ee537262ba7cf35400d8c3b9f98402e4e53be27a68c7db942e11,d67ea24adedc0d94df2cc6fd971db06133f1c2fdd159ae0442abf1eb77f292f3,
data/raw/realwaste-main/RealWaste/Plastic/Plastic_67.jpg,plastic,3,f80978ab76466483ba1974788cd727b002b2b5f3167966241315773b2714b724,ceb244d49f9a5337ac7b9f524e2de248b7d11aeb6f3dc014857d10582d4a80d9,
data/raw/realwaste-main/RealWaste/Plastic/Plastic_670.jpg,plastic,3,3123417d01885979c32f060fafd355baf41ab1eb36be2f780742c5ad0e64cc26,d1a5a2392e7e171e2d634183cdff953b748820ee81b9de4c10f54383abd007ec,
data/raw/realwaste-main/RealWaste/Plastic/Plastic_671.jpg,plastic,3,fa973ab5c2662d4288e8b6de959151e44852935a3366ec2735eed792c8714d6e,92c83fff058feb1caa3a2bdfb8e6e5eedab4ae4d1aed99d556d103b0c1d890e1,
data/raw/realwaste-main/RealWaste/Plastic/Plastic_672.jpg,plastic,3,b00244364490c8e764231eb6435596af20b8bb101243e4788376d4a47f18b2aa,014bdb178192daff0182a9b6356b3f931fe561711925099db58558b020d5262a,
data/raw/realwaste-main/RealWaste/Plastic/Plastic_673.jpg,plastic,3,0e83fb23611959c0443e29dfe5b046e4b443f2475c67e5d5ebc462406d1b094e,d625fc68dbcd039585e4542bf5d696227286a0b0049a88ecbfd35250ca0205a4,
data/raw/realwaste-main/RealWaste/Plastic/Plastic_677.jpg,plastic,3,24e4771cf78ef8b6ab0993844d8427f27204f6c30ab8230a33b5732b63c4bd7d,67afa31219b59bd95a08c85be11129f9aab411e9fd2a2de0db85a487b3d74f6d,
data/raw/realwaste-main/RealWaste/Plastic/Plastic_679.jpg,plastic,3,94c69bf20260c3cfea1e9b6127fb175ee5e5992654ba0df8803ae8f3038cc148,72739a4afbcb6e88e2dd7a292bb921f68738a15e1776c54cb86d755417224785,
data/raw/realwaste-main/RealWaste/Plastic/Plastic_68.jpg,plastic,3,830f9c97ef49bd7c7d116a4231123630e33af74b217cda56a56ed0fdec927c30,d84ad6ac9ab715fbb23fba7ba74c512296d120397daf999b9274e27c0ddcdcc3,
data/raw/realwaste-main/RealWaste/Plastic/Plastic_680.jpg,plastic,3,50f8ce768f5815bcb14c13dcc34823e86a9f7f58025092a9136eec46f6579d82,2a18dbd966c9fb705f037a74491e5ac7bdbf5e1b5ae4b7bef5157c853f784e5e,
data/raw/realwaste-main/RealWaste/Plastic/Plastic_681.jpg,plastic,3,8c4c09c25ff78ad55da970b4a1221e9e94da7d751448a8193a54b935cf60f076,0968168f8b544e3d4142b33e8fa3a571a84a3648a767dbae4116b3d9743e48e3,
data/raw/realwaste-main/RealWaste/Plastic/Plastic_682.jpg,plastic,3,42a5196b6e7b212e29853840b121637512b06fa76206f7377aaa5628f6d0457d,356334bf4af2eec593a91307ec20795fd4ea3e2b0bc2e525c4eaea800d06a26a,
data/raw/realwaste-main/RealWaste/Plastic/Plastic_683.jpg,plastic,3,00f03ecc81d1f5cae27134922a87c5f9058394e3a33191fc68976d5af14e9659,998e8af83c751bf67d2320cef655951be2b6f8d77881c3a00dc36c93c1f97173,
data/raw/realwaste-main/RealWaste/Plastic/Plastic_684.jpg,plastic,3,618703d7266c8fb9dbd2adf7d0a2133fe2b7a6314414fa395f681331c5d062a2,193f51636acfdec0c67a0a3345aa902d6f969a1709a7aac84566ff52a41d7a79,
data/raw/realwaste-main/RealWaste/Plastic/Plastic_686.jpg,plastic,3,0b87a99f52c7d27f2692d62bd5c0a2d7e092274770319da71d4d209f6a44cb45,3ce8d79a00587033269df196e2ae8bec703a9827b372ae45b16542ad2dce6af3,
data/raw/realwaste-main/RealWaste/Plastic/Plastic_687.jpg,plastic,3,04d33fd91bb2a609e89427934010572f063ab0fcc6b605bf0255c69cbd8b229c,2a79e8259dcd81b6d29839a2922228728831e06bf0cc946743ea7b3e67072ca1,
data/raw/realwaste-main/RealWaste/Plastic/Plastic_692.jpg,plastic,3,14c62c05325c59e158368ad2f0f76d6f8ba9b28f754f9955af725d42efedfce9,9c39e4f75bdc525895fa382a16670fd8cc36250cfaa2bfbdf68938557d236d7f,
data/raw/realwaste-main/RealWaste/Plastic/Plastic_693.jpg,plastic,3,d54373ac548f48daeba96717c0c7a3fe87fab62730152c757b0f109fd351f500,8ad8eddc8ba96f731f3c7703ec0a31f2fa23caa2592bc41dbf39f36f0ba2cd20,
data/raw/realwaste-main/RealWaste/Plastic/Plastic_694.jpg,plastic,3,c23f64f04bfe143dfb5b87f00563849a17d0d23437492f53290a72ecfb24d31f,ca78899fc3b46ccb27347ed1f773ef3eccb0f9817d63a315c33c17f79fadeb4b,
data/raw/realwaste-main/RealWaste/Plastic/Plastic_695.jpg,plastic,3,f4f6176b7e3f6c3b47fac76b0b6f1f2ac55503d26d9c00af83964146fbdb5837,e4221ce3bf6e3ccf41265f7f5d3ebb4bfe662315abf715a0258315d7c48d5c5d,
data/raw/realwaste-main/RealWaste/Plastic/Plastic_696.jpg,plastic,3,6bff228d3dc720045b2cde72678a86eeb16d36f739910a7ff40c1df0596119d5,c26b01ed7fcda6455685e1f9fc5d3b0a2943b1c1d7dca0923c1062b1b0f9c7c9,
data/raw/realwaste-main/RealWaste/Plastic/Plastic_697.jpg,plastic,3,da4ef013f23550ae0276ec366530a7d3ce8db944641dfdf168e3c9c909770004,dafd79b6e701dc13ab4c8a97b200777694480d5cdd9be7089cd7934b4714289b,
data/raw/realwaste-main/RealWaste/Plastic/Plastic_698.jpg,plastic,3,5c2dbaa221ce6f0c1acd4d5606d1bc2f66c7446b867debe505eb0210739e75b3,916fdccd42e22b3912f21a0818ae3b5a523f41d50d5102135e784f2d35479272,
data/raw/realwaste-main/RealWaste/Plastic/Plastic_699.jpg,plastic,3,664a212262bc9bc5770eff27c87c818000339bca648a0fe431f12f68e07a0895,0952b0b7dab59eff945ae2bb3d5220cb7af7d2ad38a9e967c063831292f3b302,
data/raw/realwaste-main/RealWaste/Plastic/Plastic_70.jpg,plastic,3,f6a7feb0ca05c727e4187c04e6312a20defdd35b84e766bf18064bc96e05b505,d4dc2391334f05cc1fe9d1b1b5674ba9022ee2352bb8bca76b373d06e88ffb81,
data/raw/realwaste-main/RealWaste/Plastic/Plastic_700.jpg,plastic,3,485c5f29d86dec70190f2bb3f6443ca1d105d4578d99955d27a6d9262bca0016,70a608724a77eae76d97fb495bf542d44332bb87d55c93d31a868cfbde646e63,
data/raw/realwaste-main/RealWaste/Plastic/Plastic_702.jpg,plastic,3,b9da18689a32676ff0ffccf18fbd5c9b13a15348be8c31f6e06e124296c0231c,9add2b62bad7a67e82f077caf004ae91057f3acaafc7f1ef3a2092ac24167506,
data/raw/realwaste-main/RealWaste/Plastic/Plastic_703.jpg,plastic,3,c7d4323041ac185662147d569ed4398df93a2dbd04f00938d1188639089276fa,44a6a27b790e41005ba269bb62f12fb7d8119aa85664feda0333738d25d5e85a,
data/raw/realwaste-main/RealWaste/Plastic/Plastic_704.jpg,plastic,3,aa6ac977963e376eba6c2f4dce8a44516608f3d2f0e7564fdcdfa8b4fc6cc0ac,bb835131d3424d05c9646d2d673f171de36596bce724f95a5beda3005365480c,
data/raw/realwaste-main/RealWaste/Plastic/Plastic_707.jpg,plastic,3,e49db89bcd472d3b7efc4bc1c51b150a03eeeab282ca121ba2dbd865d5f6f1e7,666512d6ac6300807786c76b7aebac52fcba904606c3a797367ed368426142ee,
data/raw/realwaste-main/RealWaste/Plastic/Plastic_708.jpg,plastic,3,00e1f6b8a9572b3f805e3e179557c5abdbecd1ae4c455ed42096e56a40dac7f3,d07a09de4f06072329c03f6d2c4b6c62c550ff64a3e1d03bd7b847af739d1803,
data/raw/realwaste-main/RealWaste/Plastic/Plastic_709.jpg,plastic,3,d360dda568a1335c44203722afc639ad6da1015f3234be9ac454178b38655e2e,d43cf1eae63957ea18c95d9fe4ad6002c60c8a9ce98c19055db58db9b29f14e1,
data/raw/realwaste-main/RealWaste/Plastic/Plastic_71.jpg,plastic,3,4f7104fd61e56a736bbd7840fb50fa1f832aee2459818709041cfc29095c9a2a,09a59d5965863751712bc86e0966f7dd020407e18171c9933e56f83c9e439eb5,
data/raw/realwaste-main/RealWaste/Plastic/Plastic_710.jpg,plastic,3,5664fecec2fec36f97f38e81dcec48c4269f9c30d4e87e58cc81c44526b6ba34,e1fc98c2d88c58a43986b7fb846cc52f9fdfaf5ae1989e2b7741728c90377226,
data/raw/realwaste-main/RealWaste/Plastic/Plastic_711.jpg,plastic,3,3b5e74911613a808eee95102a232fa6ccf4f7043033f8c1cdc6aaf6ca1a55e21,b1a67f2ba9197660c8fe40808749e97fd33610bae0a39997e330610b52c830ca,
data/raw/realwaste-main/RealWaste/Plastic/Plastic_712.jpg,plastic,3,41285774c86ca634ebce2acc78eac328a60c2d5a63d57aecfebfe54b8bea4148,a06bff0a7dbdf9131dce56aed15e885e12c6e223d5adb2356536c59e593de9d3,
data/raw/realwaste-main/RealWaste/Plastic/Plastic_713.jpg,plastic,3,c0cf205e9f3ef29360d52084373c560e2b1cf06f5d7fe3c22726983d7599f3cf,4ac908ae3e969b54e9343a4ca4f6bd8d401f572091f1546192908aff913d8fae,
data/raw/realwaste-main/RealWaste/Plastic/Plastic_715.jpg,plastic,3,9aa7e92202782874a985a4800a4838662676fccd0a8aaaec1fb256da24361448,8462b3fa5d9643f1a092a1079bab817cbc34b3ec9fd70c631330dc83f43c5aa2,
data/raw/realwaste-main/RealWaste/Plastic/Plastic_716.jpg,plastic,3,3630d0b1b58dd8964a3324dadcb0a8444a195b4ea6253ec3ff44276511135e1d,832ee51c194f977ad391abdcf753b6b0d9cc2fae564a81d014545e8e206ddf3b,
data/raw/realwaste-main/RealWaste/Plastic/Plastic_717.jpg,plastic,3,d2a5441f51926d18e3194129055b67dabbed306e05620d3774f0be736da1f912,69907198dccb308b60ac990c9474394292a031c9fee4cea8e8b95a35d19f427c,
data/raw/realwaste-main/RealWaste/Plastic/Plastic_718.jpg,plastic,3,1c49ea28e6bc870349a23e7ea8fb5766dc3b370ceb6eca6c16e65e05b93e1ad6,2589b4b154f208063362e14b1a6474e15c0769aefef0a973e97d48395d7faa55,
data/raw/realwaste-main/RealWaste/Plastic/Plastic_72.jpg,plastic,3,904505dcd5aa97a68c814a6f0fa414e467f25721a040587612db99652d042e71,a65502faa3196e00be392ca5c679155ac25f17ee23e1315d6df931a7d0c5dbf7,
data/raw/realwaste-main/RealWaste/Plastic/Plastic_720.jpg,plastic,3,27ea2f97a679af9ce7bb68d23fa9f784a092c415318b5922a6fa9b0d66bd8032,e89a56ace1709d6d81436e41775051d778a9cb3466c52bc323b8d81651e9e552,
data/raw/realwaste-main/RealWaste/Plastic/Plastic_721.jpg,plastic,3,8e6610d07fde38db04d21270d98ee0e8a116d389ff87d0b4b4cfac855058e93c,5a5d5645e85b6f2aaa8e22c41259354c663748ec1d2c1f33c357f824ee3d36d8,
data/raw/realwaste-main/RealWaste/Plastic/Plastic_722.jpg,plastic,3,bddd06570573186ad8633cdcc762b25bcfa73c4c0652bee9389dcd4af370f3e5,38be7917fcc1086e821c5789714e200d8b5a720c53f1badd24e7a905d6e0e171,
data/raw/realwaste-main/RealWaste/Plastic/Plastic_723.jpg,plastic,3,09ac0254c89e6fa6f889bb3d2394fb36c2d175ce909f3218e53ac6fddb4d3f0f,e8ca88ff54e151585c9eac8c4ffb1405da50bb4d2cefc2489b4d09588130a160,
data/raw/realwaste-main/RealWaste/Plastic/Plastic_724.jpg,plastic,3,c721be0d4ec18f8705b2737dab5c2957b52d5eefb580d3c5e959148e43d33dee,a05e5ffd0302541aca0d25df989b9982170bc0b1e7ecde4edbffb09ebcecd4bd,
data/raw/realwaste-main/RealWaste/Plastic/Plastic_725.jpg,plastic,3,3a49c44b1f32f7eede6d26af8aacdab38e2c4860c97011a8cba42e047ddd7285,3404ba06d044d7d5f8f6ff240a9bce91e7a8e8cec52f692d2b3b9da83cf058e4,
data/raw/realwaste-main/RealWaste/Plastic/Plastic_727.jpg,plastic,3,04b5762f49178bed5691fd496a2388b0b299be5a6b8d95d4af2d928840c9efbf,aa4296598945e1e788f2bddc33dd644f45fd39abe9fd37cf14a050ba56c6cdad,
data/raw/realwaste-main/RealWaste/Plastic/Plastic_729.jpg,plastic,3,08cb3e727756ab932f433e4706e2013b6dbaa694c81e3dc0666522f608bc03f2,2c4eb09bf4eea30ba41cb11adcbc23b7b74ad4855a8000322078c227c9c27fc1,
data/raw/realwaste-main/RealWaste/Plastic/Plastic_73.jpg,plastic,3,5dc0cba1274a86f1daac3c0d634902bdec21600814b7ffd8b9c29ebc42b7cd5b,7a9ba8f6cf150bcfcfd8709baa6581b17306f24f9b1200aebfeed4b5247e384e,
data/raw/realwaste-main/RealWaste/Plastic/Plastic_732.jpg,plastic,3,be4401f86d834044353b4a3545fe7570976a300e480780458a725eaf3dc6ab9f,2c733bab7acd49ef09808dedc7986234ce17dc0089dc0389ecb0afa44e67752c,
data/raw/realwaste-main/RealWaste/Plastic/Plastic_735.jpg,plastic,3,6bfcc68364cf7ebce098b0db338f0b082e232b67f5bf87c948c9b440e4338f00,f882cc619572135968c1f143910b596937abcbe68e05c860db9f389d7ea2e73f,
data/raw/realwaste-main/RealWaste/Plastic/Plastic_736.jpg,plastic,3,7ccb9ee73cd1b0935d6a4084a37c82e07cb89647670e37666088ff5c076bbc2a,fb58d28d61794e2a58a0c259b817cb2c5b4b8688b8d8e7a834561e7e5070891a,
data/raw/realwaste-main/RealWaste/Plastic/Plastic_737.jpg,plastic,3,dacf7228564ee9f8c4d6858028ceec68a106f98faaa0d7630670a66c582a4de7,12d8530cd94a1ee512737fa1859100f1318ea8ab91a517eb7b8d7b520fd30060,
data/raw/realwaste-main/RealWaste/Plastic/Plastic_738.jpg,plastic,3,98bc795f8260b4dc3034b0be05a2ecac345091719c2e8b853b678de803e5d8ee,0bc58c71053c281f566eeb3c5aec1aa5609d74287c961668ede2cc586cdb1c6f,
data/raw/realwaste-main/RealWaste/Plastic/Plastic_739.jpg,plastic,3,97d7b530327cb90e79fd23874ab10bbee2aad61d69cf691d8734613603fa998f,7071be6b37f92430a679488387db58770a3d054433d17d61ff90afb616fb59ed,
data/raw/realwaste-main/RealWaste/Plastic/Plastic_74.jpg,plastic,3,12fc2e4b589631394fbd44fde75dec6739eeb007723b04d35d6c631e69a7edff,32298a5e46639ef3470abd2436a0e57620ce544e901a701eaf6bb3df89a026e3,
data/raw/realwaste-main/RealWaste/Plastic/Plastic_740.jpg,plastic,3,bf238acacc02e5b7546a1bcaf81818ef211b991c657c51c7c22bcd32226963c4,9f4afb3ea92a4abb6b8bc5692910cc59b1143911b0bfd547fb476c4b6532558b,
data/raw/realwaste-main/RealWaste/Plastic/Plastic_741.jpg,plastic,3,825cd6fc306d0c833ba76ba5453810314841971b83263bc4eaf39cc539b9b599,90bef8c5c6e748c056c4ad376f165316120d3b63f22b5ac0138434db321c93d5,
data/raw/realwaste-main/RealWaste/Plastic/Plastic_742.jpg,plastic,3,a2e03443c4b753ed448c2aff022845cb38f3cb834d68e8f41e56be19b78dce5b,06bbd38e9075d3580786f6f30275dabe99f86c91d547d31cb4a0ed5f89938fa0,
data/raw/realwaste-main/RealWaste/Plastic/Plastic_743.jpg,plastic,3,d61afed33444a44792a4f183de8fbb417b3330a340285555b1248ad92c81e6e2,143bc61ae400f549ae3351ecef0affd5ee877c6fe25dfc9c74c548af3f9fdf8a,
data/raw/realwaste-main/RealWaste/Plastic/Plastic_744.jpg,plastic,3,f5c8e86864e0c5d22a55f4546db90157f9fd595d89dd195caab58e2ea3d9ea51,4528745c004670597c1e8e260899a2304c1206c4a7ae84ab29f5063049967ac3,
data/raw/realwaste-main/RealWaste/Plastic/Plastic_746.jpg,plastic,3,dda0306e25a477442cd34da066be51a37e8e12a8a1d81bdc55330fc40989b6b5,868f0f3c7e49162c952629393eec7ab624aa6138287a55f8faed64e87c50abf8,
data/raw/realwaste-main/RealWaste/Plastic/Plastic_747.jpg,plastic,3,cdf5459f4f9ad400aa6e34578ed009b02e1de29168339c4784e0c8ed97c23d0f,9927857bac934b9deaba94578f685ebbffef97e31e249a956c06c7a86e83ba0f,
data/raw/realwaste-main/RealWaste/Plastic/Plastic_748.jpg,plastic,3,e8169a6066e497abcf04a536a03399b84c9a4a0fc418833dca5e25e0ce3368cc,124aeb6d8cc8438c90f66d0fa57e135cc5ba9377528a59e058101c8785710f98,
data/raw/realwaste-main/RealWaste/Plastic/Plastic_749.jpg,plastic,3,8557384015195e4e8c341ac95c37af0f65aacf3e5f197fef87297d99bebcc6b7,a9e3e72c4b4b2242ec8b83a7c79d831544e70c59cc3864aa47cffd28a986b588,
data/raw/realwaste-main/RealWaste/Plastic/Plastic_75.jpg,plastic,3,042225c6a571db7968d97548c321966f2f11a90e9bd47bb12a95ce57260de270,251be9e224d866fdb6e66a1c6ed6d403903d27d408073de93bd4bbcf55e7081f,
data/raw/realwaste-main/RealWaste/Plastic/Plastic_750.jpg,plastic,3,8722f0dd6a06f11660552eb3baa898148bb987a850591a305ffd7e6a25d370a5,1b60bb9f50b9f1ed367100683eea64a3107074710dc27ba4469cd537c18471bd,
data/raw/realwaste-main/RealWaste/Plastic/Plastic_751.jpg,plastic,3,1e982d99c017b02dd41e8a3dcb1cef4a83992a5a26018b551b24ea3c0a85d339,824517e09b000e1fe9237bbc2492e0a071398c34a42f1785448f12bd16acbe9f,
data/raw/realwaste-main/RealWaste/Plastic/Plastic_752.jpg,plastic,3,67e934b926fc8825261f9e640692204a6a15319e6d7cc81e676aafc4769ce1cd,6349fd2c55c376112e21f75ba9181a101255c68c83af67499c4fe968aa7242ed,
data/raw/realwaste-main/RealWaste/Plastic/Plastic_754.jpg,plastic,3,e492b9ca256f3525bd74f948913ba67118c2b3c950019e8b01f64df2221691e6,48d92c373589070d4ee06c61edcf96fd45d5858d7e353f53f7c43ed03a50ac7a,
data/raw/realwaste-main/RealWaste/Plastic/Plastic_756.jpg,plastic,3,b32a18958086dd892eff16dc5aec7ce8feb17d55074e7fe32205d362f082331d,93980d26dbd253d2b0600b65bed388de25425c0dc1bf6db079c11d171141d0e7,
data/raw/realwaste-main/RealWaste/Plastic/Plastic_757.jpg,plastic,3,07beeca8356a6875e18d57f26515af3a5fc226f7ce9b9786f717828d710bfb23,6360f5f13c329f8c496ea0a2712412082fd29fd055123c3106a293519e4769a1,
data/raw/realwaste-main/RealWaste/Plastic/Plastic_758.jpg,plastic,3,be63bb8342aa7dfb378aa7af3ae3e034ab14c28f3375a55517ea8e72f38e1155,63ce66bfc4b94d5a399768a50ec40f398ad64d4ed84b541c883fc65e33a72659,
data/raw/realwaste-main/RealWaste/Plastic/Plastic_759.jpg,plastic,3,50f15ea2d462e6a09af6cbaeec9be77c483abbb84f381d6dc460b723c253d4e6,73234fae2f836b35d58f2b5364488d94fa8116ce0918adc58c347c160ff6aa1f,
data/raw/realwaste-main/RealWaste/Plastic/Plastic_765.jpg,plastic,3,373f0ecd2621da50a96f3002805bd3dc6e79ef3cfbbffe731fb7481134fcb2b2,45ae19d2a9c1921de06eb0cdaa0015e3ce3d1c5f484d7a5cc27e2331269848d9,
data/raw/realwaste-main/RealWaste/Plastic/Plastic_768.jpg,plastic,3,186a4eae252d172152980f3aa50607393938f13bbde39870368778efdf6cf896,b15b64bcc08a3eacdcfdbe6d66f7bc4e8a6b0ca6a05703f5b4ddb70f541c0545,
data/raw/realwaste-main/RealWaste/Plastic/Plastic_769.jpg,plastic,3,fa225e65a3bda1eeb364ca4b2f5cfc245e864886d170a2c85cd839b3c5f1a8f2,20813a48e4b66fa0d4e95f6137387018f9290af9e6f902c980ee57dc04bdaa94,
data/raw/realwaste-main/RealWaste/Plastic/Plastic_77.jpg,plastic,3,9d4caf190a6c80f4fe87ee91fae8110b64f6bddb4cdf8204b2dc26f6d7337836,a276f710e0f54025fd926c2482bc833ba878446577e87d820bb7cb2bc6777523,
data/raw/realwaste-main/RealWaste/Plastic/Plastic_770.jpg,plastic,3,bc827c97be815b03664056425cba8305a16854c0b93c3f72c337664ce7e3a683,8c19ec26a87e2801a0d728ce48e9176e989117574329bfbcf42171c0b74e9483,
data/raw/realwaste-main/RealWaste/Plastic/Plastic_771.jpg,plastic,3,f24f10382378c659d769e0a9e63b0963f7b4070a68b6420240674c2b467008b7,d9eb2fa968be4d3492d3730caa315ee016622a8ab7445d96d417c704992c0949,
data/raw/realwaste-main/RealWaste/Plastic/Plastic_774.jpg,plastic,3,112cc83fe4df8a484ce8f0a3a7da9b3ee0004c64a60c9e68d9884054ae50f257,9411fb0119f7d3f7253300664500197edd12128c6e46113b0a86eeace63272b2,
data/raw/realwaste-main/RealWaste/Plastic/Plastic_775.jpg,plastic,3,19364644cba611b5a65fcc5eb55f80b44db9c8a534e42c4f181ae267097e9895,2e8bd414501394eaeda331f7811e3b705e9c250ea059298a49c1dff1265c6963,
data/raw/realwaste-main/RealWaste/Plastic/Plastic_777.jpg,plastic,3,675ff3c5d9c3b99fa75475c3c73f85131deae8ca2485884eb6a4acdda290f681,a7ff121ca0378a6af731c28bf565d8585de3a66429d2f4176f08aca86c880bed,
data/raw/realwaste-main/RealWaste/Plastic/Plastic_778.jpg,plastic,3,72ed3e01e94d224ae99800099ce6e2f0a47b8a885c78f0792922a9b9c07bb19c,400a4e88aa5957d5acfc527ff216d76a8fb3d25971c2c15a6c24617e143566dc,
data/raw/realwaste-main/RealWaste/Plastic/Plastic_779.jpg,plastic,3,c7f7b1fd02a122c346102d21630b7e5def00d3e32971195cca508e8a23bf8268,66c07bf40a7e54281b0307b6920b4831b713a4fd1c4fdff7d1b9a0a315143956,
data/raw/realwaste-main/RealWaste/Plastic/Plastic_78.jpg,plastic,3,582452d561debae8a42f04e5f0b3073ee748098040b59c7e1dd27186728f5484,7ce9c2bfe61d47632df1fe196a6e457ad6c42167539587b58210b06a49d3854c,
data/raw/realwaste-main/RealWaste/Plastic/Plastic_781.jpg,plastic,3,da18c7f101792bfff141c0c321b66bb6cfaae5f2732f793a3f1325f4b3ce7409,5d8b9391e9fe09a9344d01c467ab7774bcb5d5bd2eda562bd6382bcf1ebb3b08,
data/raw/realwaste-main/RealWaste/Plastic/Plastic_784.jpg,plastic,3,50d9ce7a86a5046a5fadda8b8d65cb3979eef2428ef63cbe029b058b2d3a22f1,fdf37538b70c4b527741e0f795999f9bbfe4792596ca68f5b013e661d5b00c89,
data/raw/realwaste-main/RealWaste/Plastic/Plastic_785.jpg,plastic,3,3096384c552aa589cc11968b299e7b92c370782f0a96363897571ba9f5e05047,b613a46462843c072a6396e06bb70d68d05c65096051fdbe1b49a375d3123f46,
data/raw/realwaste-main/RealWaste/Plastic/Plastic_786.jpg,plastic,3,cba738ec73b6622e9c35119d985b290257355a05ccd4bf3f9d4f5fb128c43cff,1171f18aa294ab601af1a804f9fb3a216a4349d39fe7c36bcaec8337e62fa9ab,
data/raw/realwaste-main/RealWaste/Plastic/Plastic_787.jpg,plastic,3,4837d9093cef6c8cb97db2c78e10296311404165b2b702420a4d5362e874fc95,0ac40c5a10c7ff5d69cc4bbe64b0fc318062fb1dbd99998517994c1e5d409216,
data/raw/realwaste-main/RealWaste/Plastic/Plastic_788.jpg,plastic,3,e6db588161d85e49efe946bc7e258da54a36ab7907b3704b12edd89908767659,827a25a1aefbb7fb5a4afe5204308c4ffab6755fc05dafadcc53f649ecb6b9fb,
data/raw/realwaste-main/RealWaste/Plastic/Plastic_79.jpg,plastic,3,2bec147ace19ddec22dbc6110c83dd30b043b517ad22aa0242f72acbfddf01f2,d3a4639a91a0870542aeddf6ab7d13fb45140c66411ec31ed9cb30bd40d4e0f9,
data/raw/realwaste-main/RealWaste/Plastic/Plastic_792.jpg,plastic,3,f021b2db2b43438de3f831015e2cfd39ed0bfe1cc8b7dc4fb71aa6347c59175c,fdac81f8477fa20d9ea1342ed40003ba54462a6371b39922247a611d579ccfb0,
data/raw/realwaste-main/RealWaste/Plastic/Plastic_793.jpg,plastic,3,e844376a9e4fcf396bd50fdc7649c142a9a8e484fd3934c6ed2a5effb4987370,961675a1a301dfd5b448c0c6b9dc56cb9e77fc26f0ee1ea7f76c7575acf47c2e,
data/raw/realwaste-main/RealWaste/Plastic/Plastic_794.jpg,plastic,3,95c9eab4c09287255310f9f149d720d63df7a1298f6f5aa163bb139ca4f72092,525eaf58650e2740a2f568d98dbc98cdb1b00de4bb865187cd553e75d591ffff,
data/raw/realwaste-main/RealWaste/Plastic/Plastic_795.jpg,plastic,3,00fc991b96cef6ec37252655ecd5d213744899b9f8ba122bac27162454629540,a69368f6fafe901179c236a4b626316242f021466c2eb233ca419040e35adccc,
data/raw/realwaste-main/RealWaste/Plastic/Plastic_796.jpg,plastic,3,2d6ada0396ccbf742663c928108dcd5be32e236557bca261be998247992a2905,111441d47e88ddbee5813228063a23e7897a80be7ac56f334c1b20c6e767dda8,
data/raw/realwaste-main/RealWaste/Plastic/Plastic_797.jpg,plastic,3,16cda6ee6aac0840cc4ff943eba2310b4cf5b688bee7cdac6d272764077d6721,af9c5a9351e48904a83a18ab8c63e93b0c5e19923c00178dd2116fcf5cf0033b,
data/raw/realwaste-main/RealWaste/Plastic/Plastic_798.jpg,plastic,3,694daa58a902a9790bdaf5bdad7662b46af879c614131223e232ae5ddc0f8950,43ba3cdd4f1f916db13bc51869e71a08221d47e9577f7a0c0117f5c7069703de,
data/raw/realwaste-main/RealWaste/Plastic/Plastic_799.jpg,plastic,3,d39de32da2d48efc371abcfbde10816eecfcfbd4f467a1470a28cab61c6807bc,2e466d914b1935819bd1f4cf97b5dccd3bfe8a0a3c1689c15d2e1cb56748129a,
data/raw/realwaste-main/RealWaste/Plastic/Plastic_8.jpg,plastic,3,a5108a1cf4744c494bb98f6e4245b0436c19cfcdd254e239e1d62d7617b1859b,aaef4907e0c44bb2e896adf4748227766f45d335397e15835bdb19d832da7a94,
data/raw/realwaste-main/RealWaste/Plastic/Plastic_80.jpg,plastic,3,d5cacef94b2824f07fb9f56ede011510e98d43d6a5b233a42d54984242e32298,36ece25e7c5f5a17ffb27f640465ed25587a4c6c258c3f0ab68a2ae96ceeb7da,
data/raw/realwaste-main/RealWaste/Plastic/Plastic_800.jpg,plastic,3,b11d27398d98eae5c789af4aee6cd8e9c7fc164346664f7b29a106f1691fa56c,de18ead8e3228d02b60511b6fb142e72ed87c16dcfb572781f7544f65ecd5427,
data/raw/realwaste-main/RealWaste/Plastic/Plastic_801.jpg,plastic,3,a7c7bf290a562cda28c04fa37edd4775dadf8a37a42e9c515d210dc89e6acfde,60680fb0beeb968a639453a1426d68261528cdc182d55433d9c46bda9e71f235,
data/raw/realwaste-main/RealWaste/Plastic/Plastic_802.jpg,plastic,3,1d64b76058c37110618a3a2984dffa7bf0e0a519aa274037d8ec43d553402db0,e13dac0f32ae3f8813ade655d9c1b10cbbbbf43592b57038b217aed6ddd30c4c,
data/raw/realwaste-main/RealWaste/Plastic/Plastic_803.jpg,plastic,3,606c3a3159e570aa2440eb6a4be41e9659985569b319f1e32a87450018be5f28,aaafff00f5a32907082189bc7aee04c510427a5db4a477c1645260ea5ac07c19,
data/raw/realwaste-main/RealWaste/Plastic/Plastic_805.jpg,plastic,3,a7240f84d595b534279f5ca8c074a2eeb84fc13e5e01584771f90707e7ef7722,522529c5e30b57a5444fb11d64a17450b4aa3ca28fe3b6f7107cdb55a034cda6,
data/raw/realwaste-main/RealWaste/Plastic/Plastic_809.jpg,plastic,3,848b442e8a9d337e4ab519098ceb69f2635de8e95e95b1fe8d63f03917b35101,7ba0dbbd8b26a7542e107fde295456eb3fca0ecf5d8c346679787ce0da1a7fa2,
data/raw/realwaste-main/RealWaste/Plastic/Plastic_810.jpg,plastic,3,ed0d16b6442b1253c42315c46c92841e05316ec906c7a8090213d9ac6a8e885e,2dd67f7c13bb731422e28eecd0494e7647d87a5127f875efc1a70dc33831149a,
data/raw/realwaste-main/RealWaste/Plastic/Plastic_812.jpg,plastic,3,1b6113cde674d34dbf59639b295097d4507b285b14a02f7924ca1ef2cb88d707,36019bd3e0d2e15380c03bb33b26a34613affe62d2c82827b636bd3258d67366,
data/raw/realwaste-main/RealWaste/Plastic/Plastic_813.jpg,plastic,3,be6b456e6af0074a0196709340b0eff60075cca5228fc60b104c26417016d56b,81d7b3e1b4ca039e9a8d397b530221c3c930e9191a914c90383e75eee948cb47,
data/raw/realwaste-main/RealWaste/Plastic/Plastic_814.jpg,plastic,3,f983c50f1ef1459f17d747796a04b2a5eca26318249da58088f7a0d76fd59938,1cff9c8e4af4ef0118f5609b634db4557a4639c01d7b366923d8291c99a9f422,
data/raw/realwaste-main/RealWaste/Plastic/Plastic_815.jpg,plastic,3,617a4697073720d61399f46fc14339842ab9d67b1a4b5da6b72c136b8c1133e8,bf07b0d1cc67a27991c9a8839ff4af6f6a015dbfeb038fbc8041fcf69a13d909,
data/raw/realwaste-main/RealWaste/Plastic/Plastic_816.jpg,plastic,3,785b45bdadc3e2dcb329d28999fbe417df5d37d1ce1e38f0af47532d5335ba48,3a675ab135c6a87af238b9414b55e591e114080d786791da6b3b5586c76fc5da,
data/raw/realwaste-main/RealWaste/Plastic/Plastic_817.jpg,plastic,3,ce7b7cfacde126809b36e4f159904f6997762ccc9a22a02dab6348916367df90,62ded005ec71f2248a0f57bf8ca880d6e93201f9f641acc70f30c8f4a73fdaf6,
data/raw/realwaste-main/RealWaste/Plastic/Plastic_819.jpg,plastic,3,45d109c7edbbcfda54c2bf485ab0adce9915e680374f5e93bf89b58092813ec0,6896fcbbeeec539a1e8f178edd24a5076e3116e85268bf7593955e247eb6c6f7,
data/raw/realwaste-main/RealWaste/Plastic/Plastic_82.jpg,plastic,3,f8a9c61534af2599f3bc8b26007fde230f8c439cc87a9c6b60c8ad3a972733b5,5dee3e4871d2737bf0d67e51212f6913f081ef87c6b9c677f5d5bcf36b33fa0b,
data/raw/realwaste-main/RealWaste/Plastic/Plastic_820.jpg,plastic,3,fa8646f6214ad5d36c9a46e6306e728998d00052e533f6347cfd82e063b93dd6,6ac751cb7705438f3fa6c6a48851e4761ceb6bed0c8bf8099f96892e6ae600e8,
data/raw/realwaste-main/RealWaste/Plastic/Plastic_821.jpg,plastic,3,b0378b155e7b6081e095c7a71a3bd7f89f6f7a4cbe8df035ddb271ba5445edfa,e7d4635b2732b07f6d4de1561de5a63f84374a9b6b2a3f0596ba7278659ebaa9,
data/raw/realwaste-main/RealWaste/Plastic/Plastic_822.jpg,plastic,3,21736394651a4b125185025ac9d2eed2f9c5f129e965187f2e5c9707e2d27acc,94148481d780edded8fd50fd2cff80965b8cc4f6f12167aad8d4d04a1d050430,
data/raw/realwaste-main/RealWaste/Plastic/Plastic_824.jpg,plastic,3,4d06bef611e3ebc846c95fe50d6718e240ce07e586226425918c85bd5bdc4994,f318a132413c5a8efe384d62e0994a991bb0b6d25cc592b527e644f37262281a,
data/raw/realwaste-main/RealWaste/Plastic/Plastic_825.jpg,plastic,3,ea51bcd966a3e1e28dfda4870c9603151c66e6fa52ef73b297ba6e5a29b991f8,2666e8bd85e4a3a5658f1becbb43efa7b4c71d485a6863e31a5795eb8ae5a63f,
data/raw/realwaste-main/RealWaste/Plastic/Plastic_826.jpg,plastic,3,a29682ce071e1d71f3f2f1e83427f6599035f812682cd21acaf5e6912ebd8a0b,d383eb03d2ca3a0c9286daba3575cd72e652d64d2df1a479eae6fc40a74972e0,
data/raw/realwaste-main/RealWaste/Plastic/Plastic_827.jpg,plastic,3,36ff5a88e62bd2fa9cddfda58e6bd1433f6b4add2309d2049f5b2c6fad93bf67,20d89d4a5e705dae41548e041adbef1182b8e099c72432a239c35d027763d464,
data/raw/realwaste-main/RealWaste/Plastic/Plastic_829.jpg,plastic,3,e0f2e99391693618b9db1a76c5db4b6d14386248322c4fa1c575aaed087b374e,cf2ec72118af8d57de96d006fc99ccce400a72aae17749761f386c08ab780cec,
data/raw/realwaste-main/RealWaste/Plastic/Plastic_831.jpg,plastic,3,153bfa7f94eefcf4f85900d9e3fb94e2983db4727667dfe64e0e8f02ba54be94,8683a65ff27d7e51d70d25fbfb36399afc2c9d8d7daf158500180b7a6a357e30,
data/raw/realwaste-main/RealWaste/Plastic/Plastic_832.jpg,plastic,3,b301830510b9339106960c8c8b608855b890d575ba200d4e9a15662d0f971f13,5df1ffde429a2397cda020da5d367cba54a5528093dc7346ae079a0bdbebf692,
data/raw/realwaste-main/RealWaste/Plastic/Plastic_833.jpg,plastic,3,5baa2ef6bb03f554519c0b03abe4e2cc790d63d76d492469f0a377810a3e7a99,dd9f456d94d6ba6c3e5274831a9c383b2413db844559da39d6e9ad1f3c3f7109,
data/raw/realwaste-main/RealWaste/Plastic/Plastic_834.jpg,plastic,3,9ed593bc00751a43ab5d3802f70512600b0f12546c57cb780c4d67584c71a1a1,3b205dd88197d38a886c7fc06403fd04b55e8dde3b65b84e761155daf80fc798,
data/raw/realwaste-main/RealWaste/Plastic/Plastic_835.jpg,plastic,3,34b235b5fa2523163acd41e3a1639d85c6f84b9bc839d72a4483bef6394ac3c5,f5935af6bda6c5b5f9544b7beac4a501d6435b5d936ed806a8136b433940c5b2,
data/raw/realwaste-main/RealWaste/Plastic/Plastic_836.jpg,plastic,3,820b4df43a9c7bbc9b6d5396d96c97c4be09059952e6a719cae97671d02f295f,ea3dc07541b285c632b1a27db67cbb477f4dbeb1e2b0f4a0106064e5ed0ad66a,
data/raw/realwaste-main/RealWaste/Plastic/Plastic_838.jpg,plastic,3,983db675c34bfe8c5b950ddad428309ca120fd499d54d33e5a6040bce2889692,dc5ad9ce0136db1733cdfbc355b08714d55a3320ded9238de20c3620d7424dd0,
data/raw/realwaste-main/RealWaste/Plastic/Plastic_839.jpg,plastic,3,611cc31d33eace9ebbc014b793e5717618bd611fadcd593a8095a8d25c8a4b3c,de2296987ca8a697ec65d8fe71e6880fe057bc6835745566c58d063e6749d462,
data/raw/realwaste-main/RealWaste/Plastic/Plastic_840.jpg,plastic,3,7e97c6c7aa2142fd93fe4a5065fdc82063adc48a144efbb2f9aaca1f59a28438,1bc86956e0d77714a578ba83e0e10221b0f20600b3dc328dc51a759a6a5cc835,
data/raw/realwaste-main/RealWaste/Plastic/Plastic_841.jpg,plastic,3,30948ae7c82cd9c3c60fadac6038dc58efe3f7ac5b90d600c4f104f5c8cd9ebb,2a10fcc2176bc1fb8a0d9a7cb1b8097a32b877d5e2232baba6db28d34e6a74c9,
data/raw/realwaste-main/RealWaste/Plastic/Plastic_842.jpg,plastic,3,88845c4c3cb3d5867106a6121d4c0d22b9f8fce465ce197df159cb16094ba662,43de839edce6ef7f13b0a8a5e4fd2aa32058f12c79950782df8529791e9ff8d9,
data/raw/realwaste-main/RealWaste/Plastic/Plastic_843.jpg,plastic,3,105abd376db3778d40ae69ce433f61be568f04142738f47ab108d68936741b68,e3ecea819727368ce4553805f780c068dc906d5badbd4c9299652bd904ee0495,
data/raw/realwaste-main/RealWaste/Plastic/Plastic_844.jpg,plastic,3,e10ad623ba8f7155f4130a75ff3648cc92b94cab4715020951d6280fb79c8e8a,61c91ee0a295fafadd35ba076f16c59959996b1030964fae072d6264871113ce,
data/raw/realwaste-main/RealWaste/Plastic/Plastic_845.jpg,plastic,3,25043af1d13cfc6fecd09f09dd03e2e24f2d9a1a648a1f3588f7927bf7cf94bc,fce0a211c39ad68d8c078852f6ca823dd048ccb1d4825c95c42c2a7236c017b1,
data/raw/realwaste-main/RealWaste/Plastic/Plastic_847.jpg,plastic,3,ef822b9f0df7646f2a4c53269cdb3d5f44e2432f1ac08a7c1d1ca510f142ef6e,2d48eb8985428c85f497caad6f27eff07fdff86044c124ea3f46b0432e3bf930,
data/raw/realwaste-main/RealWaste/Plastic/Plastic_848.jpg,plastic,3,b33f8071ad39a5f39f835e001286a14f95814a402ba767dfbe6d399a624a3d05,8e5df74c7eda21d23789e6495a566ef474e11aa555dc78b4d9089497438621a9,
data/raw/realwaste-main/RealWaste/Plastic/Plastic_849.jpg,plastic,3,0dd809ebdbf0296ca1e03dd357aafb0ee6027242efb206184c73b6c1dc56a75e,54c1d2624c5516c57d155a8583846e7648da2aff16830df4c599fbda586293a5,
data/raw/realwaste-main/RealWaste/Plastic/Plastic_85.jpg,plastic,3,d9396c4ba0c863526dc145df90153eb0e3ff5598fbe0cbd7fd8ca1e5c5c638ac,1c8bcf17600012e9fbb3a43486491ab5573ec10817b2cafea6d6b6699f1291ee,
data/raw/realwaste-main/RealWaste/Plastic/Plastic_851.jpg,plastic,3,439c9d25a754935e91b430dcd8306448bf3e91ea62f6eef1d6dfe35f5d5ca1f5,ca4d91428c553577158c8af13c2b0559c8fb1ed7316bf1b1b0b4b475c0a839d0,
data/raw/realwaste-main/RealWaste/Plastic/Plastic_852.jpg,plastic,3,f32086743d7fa0600ab72ae3c10316c8cac2fde3dc6ae946b11834afc378521e,72e4321c0de8b74ceafeaf8ebaf92293602b8e5c7f56a113a46f9f99d00be92b,
data/raw/realwaste-main/RealWaste/Plastic/Plastic_854.jpg,plastic,3,7a69fcd03bc7fa554e4bc5fc89e6cafcc7ab333102d54edbb7cd9726df16de23,a2dd269d6a3f18f977ae5ac028ed8f722454ca77a91b406b2bfd725b9459bd4c,
data/raw/realwaste-main/RealWaste/Plastic/Plastic_855.jpg,plastic,3,71d90395638e1f52a373b775d7df7558ef92a462d6db1c9f2441de7744e80df4,064acc45ba9bd688338d8f96814b9af4be0dfb5b9808941cab1988e93a3e02d5,
data/raw/realwaste-main/RealWaste/Plastic/Plastic_856.jpg,plastic,3,433d7ce67d9561b2c5e70d18c71380fdd1708f7a01a5e4790e263362ca2be0fa,763374d8207db0f43baaef7d387490486eae53b19fcba5d94da6799b6b5b386c,
data/raw/realwaste-main/RealWaste/Plastic/Plastic_857.jpg,plastic,3,6d7620e4a893f809bbab7335e16b87fb5fb96cfc09677ea1a3d497a16488c4bd,8b7910e225bed94860180e0b98b63ab737a2bbfd862fcfb578beff8fa2bfc73e,
data/raw/realwaste-main/RealWaste/Plastic/Plastic_858.jpg,plastic,3,0d686ead7813fb1f47517b7b331b11d95f9f3312c2871791b3495926f9809734,f2222692bebbb76bc7b92eba5afbc86cdc9c479835633bacccea4cefec97c553,
data/raw/realwaste-main/RealWaste/Plastic/Plastic_86.jpg,plastic,3,187098a2be4c8d7f18aa720009e661699e1cf4f4c8d0ede94f7e2774ddc36c91,3b9cb486e714d98b09ae9deb3c8d0f0956542d4f03744196f98ebe0d2f4fee61,
data/raw/realwaste-main/RealWaste/Plastic/Plastic_860.jpg,plastic,3,3ccc706a6822486d701fb061cc408c5b9d365c2ec89d34978a40d62563e9b15e,ed443dea818694cc2ae67491a2b80be82395f7c53f2ef7071948aeefe0cfe7ee,
data/raw/realwaste-main/RealWaste/Plastic/Plastic_862.jpg,plastic,3,fd23a939ff08fcb657801df82bbc6d9ee1c54b4a1b065fa554a5f09514f39882,892338af4b3011f44bb69ecacf3428f73cfd87f7a151882b2ab0e4432161927e,
data/raw/realwaste-main/RealWaste/Plastic/Plastic_864.jpg,plastic,3,5eff670f6c9a695b3498aabc2fd386282bf6aa531e94e0d549c807f6bec7ae26,0abfc3939f339a4661ff94b2c111b52ae12f5df03366d089455955b5f244db5f,
data/raw/realwaste-main/RealWaste/Plastic/Plastic_865.jpg,plastic,3,fe7ab16b31c3820679f391f0f82d1004cac931e97bfb8ecb8b8b4264b1befeaf,fec130d49719836f0414e4ee72694a6b06ffde6018023802583b2d65b51ddc74,
data/raw/realwaste-main/RealWaste/Plastic/Plastic_866.jpg,plastic,3,5cfff79e03f79f9bc36126b2cbd0d2a2587d9d34589c37cfd05f924b5bb4f85e,2df0d0b935c2a1e0ef24c12f7c1cdf9cd57128a08e3e080edd7d5dd5818ce02c,
data/raw/realwaste-main/RealWaste/Plastic/Plastic_867.jpg,plastic,3,c1518d97123d97bca9b50f19596d1c30d097478c991b28f9e310a3e8226a7547,b7a0b2373697c0352660feff142276cf91fc0a932827636ffd9e71a565ffa98b,
data/raw/realwaste-main/RealWaste/Plastic/Plastic_869.jpg,plastic,3,9dfeeebe5e2bb85dc4a81da38e77022ae2f8b206103de4a4a13376d9a186005c,6763d5fc13499a0a25718a080ec7bcb1d2c951c4874cc935bd12191200fd5f7d,
data/raw/realwaste-main/RealWaste/Plastic/Plastic_87.jpg,plastic,3,3585daf9bbdf4aa477e7b549fdc68f7a3186cd8e986c6e2cbdc181f8e12050e6,a6fd00bc14a26566f537f100c85f95d132eda5d747ce4106e195bb143fc61b87,
data/raw/realwaste-main/RealWaste/Plastic/Plastic_871.jpg,plastic,3,f4efc27f40fc1c412b27e1a0a81762eb3a7ef91ce5e60114810373bc8b0fc2b9,200005d05d12d2054c0030dd4142376f1be35bb725f5525ee26b9124166d23ea,
data/raw/realwaste-main/RealWaste/Plastic/Plastic_872.jpg,plastic,3,4a1ae4526fccf5355e1765c3c5a129393f427e0e7be31a1c4b911b1820a5fb66,dd98bf7cbe0a8fe899c722cc5fe8e54209142d77839f9dc3708910b0baab9220,
data/raw/realwaste-main/RealWaste/Plastic/Plastic_873.jpg,plastic,3,6b289b9e603c9b32f1cfaed8bbe09441c686321c9f725a672a0f326e6174b1c7,20a2ebd7f8f41ded7b03bbfa2fa4f8fdd521ec588895706fb1239822e8db6439,
data/raw/realwaste-main/RealWaste/Plastic/Plastic_878.jpg,plastic,3,e965692961d04e1626c70da6dcad07ca92222712805e660e9792e9dc627fc5a8,e195013d308f18148a8e70b17f6a6231ba6686094c880d54c98dc6fb77a7ef63,
data/raw/realwaste-main/RealWaste/Plastic/Plastic_880.jpg,plastic,3,748d53cc30ed785c27461737c908f62a41547e6cb921da4b7da206f12944174b,6f3185ff981d64512a7dd6b0e76f96baf720ca0272ca91aa6a7c1904e5369388,
data/raw/realwaste-main/RealWaste/Plastic/Plastic_881.jpg,plastic,3,293d821127eb236c2d9fe3a87447100c88b5846cf184e7db2049beef6e3fe82c,391847f4cb7bd0e4a6633a9459a1d984d925e16deaeb3caa1ae7f03d7034cd98,
data/raw/realwaste-main/RealWaste/Plastic/Plastic_882.jpg,plastic,3,ab13ffa26168f75cb00faf525191d94768dd3d6a81b9e842c414883f9f4efb9c,3b03b0498db2887a0b9123d32846551a3ec9c539cf37ae0dc2d753c8a05e6173,
data/raw/realwaste-main/RealWaste/Plastic/Plastic_883.jpg,plastic,3,5f12d7fe88fd633233007c7aebd4397d380118e4f0d124adbc8caf8f6db569b9,e5fdfe9f14a7fad025cedcb7744195c19974e52509088e6d692119213eef8367,
data/raw/realwaste-main/RealWaste/Plastic/Plastic_885.jpg,plastic,3,1f472fce8aa9f933ed8b07d80202757bf3e1efe5ad27664faf0f113d5c5f0410,8f6a12708d894b28ea4b707f69d8265e116010fb2a03f07c2eb1ee0b4ebb3d5a,
data/raw/realwaste-main/RealWaste/Plastic/Plastic_886.jpg,plastic,3,730635705d595d77946914dc2968836b8f9b7515b3bee6573671f104999263f9,d7ec9c5bd881acfa47cda77751a33ba153eddbc9152f4e7c3a8441bd2aaa22a8,
data/raw/realwaste-main/RealWaste/Plastic/Plastic_887.jpg,plastic,3,6c3190390cffd225be071c6decf93dee6d6c6439982f7b1b2f38b8e6bab6e9e5,a4b422686a47dc7a9b2c6a95c2f3fab9bf575f6c881b4df396b9f3b63588a827,
data/raw/realwaste-main/RealWaste/Plastic/Plastic_889.jpg,plastic,3,ef16aed43fc3eb6c360f8d4c4457213762a9b3dc72db0ac23fe3ca18996d3297,252cc4ed48aed17cce23c3d49f2551215b06e1185f84491f83709b8bf5dc7f5d,
data/raw/realwaste-main/RealWaste/Plastic/Plastic_89.jpg,plastic,3,c8f3ba1edf5c1fef07857c2cc6608b4d78d0a380d2176c60dd6c9c97bacb26c0,6ab0d68d08d105d74bdd8cda9420c370c5a4e249921a0efe4ce1d54fc2afae7d,
data/raw/realwaste-main/RealWaste/Plastic/Plastic_890.jpg,plastic,3,b2e67f5854f4701199460453d4a660e60072fac91a35beae185596651409bbee,4e161c8cfb9a64e3d8f24b13570d305fdd99f98bd810e43245c32e27becbd781,
data/raw/realwaste-main/RealWaste/Plastic/Plastic_891.jpg,plastic,3,821c0611ef064dd2b8a20433671d10b66e2f938c51a856bac52d60af42fa94a5,92887d6fd971f5e271219673294b4924dda19b2f7a84cc2cedc5839cfb46634b,
data/raw/realwaste-main/RealWaste/Plastic/Plastic_892.jpg,plastic,3,fd599b218912a1a405566c57b376b7249b17069edb829dd7c2095a49154b3437,00ca63657898b03e5673ba120f19274fa55da13971a69b843b2d0684dabed252,
data/raw/realwaste-main/RealWaste/Plastic/Plastic_895.jpg,plastic,3,58e45d49d755393ab0fca697cfae444ea66f0e83afa0c0c56a4f9ca7a1a0a49d,c2fdb349351f18785e24285c352ffaa4060283355897824832e11f65609b356e,
data/raw/realwaste-main/RealWaste/Plastic/Plastic_897.jpg,plastic,3,8b48cb8bb9f3aef25b749a7f5e4143613eb12867d8e4f9a600c59a2ea63cc9e1,847bf5516a407df177caf4d7eb02763bdbea3d3307c21463aa68d12890ea1c7e,
data/raw/realwaste-main/RealWaste/Plastic/Plastic_898.jpg,plastic,3,05da65a6d0b0f2faa21015a15e038dbcd065c8fed16ce614202cc103ab85fd4b,989592d710a145e344731c93d02be854400b663d1361d9c0255fa60cfff3ce2f,
data/raw/realwaste-main/RealWaste/Plastic/Plastic_899.jpg,plastic,3,f89a59de86a2e4ead3c30cdf8eb4110d0be4625563ca6f72e2ef3919a7b44ad6,4eb18032072ac348a023554d38e7d4be91cee716a3cbb71bbb4a618d32345778,
data/raw/realwaste-main/RealWaste/Plastic/Plastic_9.jpg,plastic,3,a0dc113759a43db147963489d3d77aa459a7ab6eae6a5ca14e26517c16feaf47,39389e185b34161285ce7524a860a6952de7654cda1e7643d62aa8b38bb2aba3,
data/raw/realwaste-main/RealWaste/Plastic/Plastic_90.jpg,plastic,3,582bc96330d1031c2eae8114099e7fcbb12b211081e61210470ef7f368596c45,969af82f43875a5981d87e5c5a5ef11ab8042bfd74e3bb2e9a921132f44078d1,
data/raw/realwaste-main/RealWaste/Plastic/Plastic_900.jpg,plastic,3,e2efbf96a69477aedf13abf6e441ecbe24c77e6bd8943603a7fc87250598f659,43bd4678c4061741b04aec0159afdeb8d5efe28243df8172a9eb5c306cc193f6,
data/raw/realwaste-main/RealWaste/Plastic/Plastic_901.jpg,plastic,3,c39268dd1c287b72e7627727fbbe5e18c6fdc0eaff6ecca0ba3768bcae37fdb5,8a1d7348f1d2a52f64bab90aee9e116ede53ed85d413e02f8c75c32d91a842b7,
data/raw/realwaste-main/RealWaste/Plastic/Plastic_902.jpg,plastic,3,64f67f82336333483faa4dbfa2e3aa1a79e0f4212370f1893c70842e80228772,cf1f14aa0e41cf423fd9fe0a14eaf2109bee42da8473833e8798927e7f5e38ff,
data/raw/realwaste-main/RealWaste/Plastic/Plastic_903.jpg,plastic,3,17f685d7e0316590470a4dab400361ffda06c9317a37d83347b540e4be260f81,6964b302cd96be9b8b4be530fe04d5fa8a39186d2be6ab06fb0dc960ae319388,
data/raw/realwaste-main/RealWaste/Plastic/Plastic_904.jpg,plastic,3,7b89a53e089a252252abdc840c91053ddd4ccc8e08a0753435207e8c7d4535d7,23d330276eff5f831029cccd762dd8123b887080b124f1636d52912155d12818,
data/raw/realwaste-main/RealWaste/Plastic/Plastic_905.jpg,plastic,3,449b18a2a39124a12de31cce908c99c464c15edfeb5d45752ad6f3d0ca90debd,3803e1c1f4e2b0b4bb4aa1a0a0ee776c78dd949cee5c83ed08ba58860f98b1b9,
data/raw/realwaste-main/RealWaste/Plastic/Plastic_906.jpg,plastic,3,1aa6476d11a768f6ad7fc5b521e0723554026d1bf35671bbe8da292d7f05be81,a38a2443980632d52515ac368677a6d4b951f3beb1b821b3e932632bd257ba20,
data/raw/realwaste-main/RealWaste/Plastic/Plastic_907.jpg,plastic,3,dece704bc1f3b113ca14ee2af216bd6c8238ba8f4605ed49599124f45d990931,88ab3b219e3f8019f5b3e2fad750aa5afa5e247b9d8936c9ac47f9cf933cb47b,
data/raw/realwaste-main/RealWaste/Plastic/Plastic_908.jpg,plastic,3,ab2b24567d8951e10358982db25ecb7fef595f6e341670b86a41988c11eb2f09,0032774eec4b90cb4be3d9d35b6228095eb228a738b54b46b016292dbfa7667c,
data/raw/realwaste-main/RealWaste/Plastic/Plastic_909.jpg,plastic,3,19eea11e95b8018228cb39168297671215861e7f231f83e330e531be50559221,1565a2751357a35c513e5f6729ef237dfc9ded222ebc2a12ef1f3dd576b53644,
data/raw/realwaste-main/RealWaste/Plastic/Plastic_91.jpg,plastic,3,ba8bb7dba2ce8588741ac6a704e278fbcbd19eec1caa921549507a7ee1bf6054,99c15eb66cb5417b3019370b3394ecc0f5423194e8fc248178f68c6cc99349a3,
data/raw/realwaste-main/RealWaste/Plastic/Plastic_910.jpg,plastic,3,09b042e8a13aee97f2c331a0e15f5dd54fa3a8ea619dacf928c5074a8ae69fcd,7d361b71a9db51465befb094cf3e22263c2f3406f434d1515c178096db059c4d,
data/raw/realwaste-main/RealWaste/Plastic/Plastic_911.jpg,plastic,3,287adccb8d67e265ffa9dbb169c3b12f9d4ebfa21834923a48dc1c8277b40d7d,0746144c5f51ebaaea0926365cb342efc8d3c17c227854d3e8704f44d8a44e33,
data/raw/realwaste-main/RealWaste/Plastic/Plastic_912.jpg,plastic,3,bae95115e0e975f84bf6e98090e079bf85cb66c6177febfb069d5749a2ae7ee0,bb4cda5afb80d7c8cacdb5497742336f30219b246ebfff4520adbcc0a13150f0,
data/raw/realwaste-main/RealWaste/Plastic/Plastic_914.jpg,plastic,3,267350bc22c4bfca93fdb893b39bf4ab0b4c4606fd0e8aafbf07d4da0ecc9b67,8572586b48457fefb13e00610feec0b2644d22f5426074af62cb177c1b2b9c0c,
data/raw/realwaste-main/RealWaste/Plastic/Plastic_916.jpg,plastic,3,ea7f46d167b629f477cf8114a45e28d9fa5378413d0a8e2ef116c101d2759b15,8c0c4cbcbe92a818d02320a54b67dc6f706d47d68c35b79f7b8cd4e1a69a4e63,
data/raw/realwaste-main/RealWaste/Plastic/Plastic_917.jpg,plastic,3,00ffe2ed6babd7ef3e342b10703a4330c0ee92f0e55042bb996a95c68010965c,9bceaefbf8f3c39e68fe12d913a18031c26f121f43588837976264e2bd4e416e,
data/raw/realwaste-main/RealWaste/Plastic/Plastic_919.jpg,plastic,3,24f2f58cc3b497156e9e7f6940f3c50ece4d8a2ad716779f9ed108c49edf2ba5,aa2e2ad3b6b954ac8f8512d95a86ece63447660b61d2de210120a0c1125644d0,
data/raw/realwaste-main/RealWaste/Plastic/Plastic_920.jpg,plastic,3,7aa68418b1ff42c17e6f2c8cd3659aa0b0d1b541765555fbcf1c4e92f7ca7960,fbce7b3216bffead3969b4d42d06ba28394de4bde1e9fbfa5c608a6613cea940,
data/raw/realwaste-main/RealWaste/Plastic/Plastic_93.jpg,plastic,3,8ce24ca3b6e5d1be9d7b837958cdcb22bc06bae3a7b5e2f95becbe748a8e0237,3bdc4b8bce89d6993f4ae7cade732a427d93542e08337d2a8b157151c652ab68,
data/raw/realwaste-main/RealWaste/Plastic/Plastic_94.jpg,plastic,3,c10e6d0efd5b5d589ea71f5cb81bc710c3f78c8484e4bc539dbf3bf48824278b,ac839ecae33ad2ae3da1cc69daeefdd409c1125e5897316482fe1c4e5c815feb,
data/raw/realwaste-main/RealWaste/Plastic/Plastic_95.jpg,plastic,3,cb3409edb0a13c74e966d57eba4c63452be7af42952096f1f63b27a0d7834662,3fad8880c8a81eaeaf6e3d72d22c106882fa876a17011c8cdb2fccc2cfcd504a,
data/raw/realwaste-main/RealWaste/Plastic/Plastic_97.jpg,plastic,3,bddced25547e13fb2fe1cefba7f6d8ea43d9840960fe193cb4edb9e87275c391,1c7be0c77e1e4197aa4d53059a1962e7dcbbff9ea253b5f814c0c5a192528dc0,
data/raw/realwaste-main/RealWaste/Plastic/Plastic_98.jpg,plastic,3,b33aa052b0e4a5dca7159abb6d75d63b6440a41a08fe6eeed55ecf2ca11859a7,eb54622a4caa5f1f2fe05a11de9763060edb5e8ec8f1dde2cfdd055e3ea43e57,
data/raw/realwaste-main/RealWaste/Plastic/Plastic_99.jpg,plastic,3,243d0791a2cc4575bb830230cb440ee420fcd482b577d06e7fc8b7a75c4096bd,9ed6a6a1b2bbf76c92b347b280f5e1b442c44d9c8272dd80215a6eb26250845d,
data/raw/realwaste-main/RealWaste/Vegetation/Vegetation_1.jpg,organic,1,4ed3dd18dc4510a866c6bf44ce3e801706a8b91045221e1698c057361e02fb4e,b1eb60f155980c999abbc471849789a1af7c1f4e6a1bc4b7a324565ce2092d6f,
data/raw/realwaste-main/RealWaste/Vegetation/Vegetation_102.jpg,organic,1,02a30eb9a120ed5dd9ccea165f81bfabc25322153c59ead44413f6fd3c76463a,4842558f9c14d421729e26a33b694feab579542d4378e7897e0e0e6467d7d14a,
data/raw/realwaste-main/RealWaste/Vegetation/Vegetation_104.jpg,organic,1,37f49c26860164e988e9290c4cc1edac8438300ac8ccc40fe805838f2a670c00,5bbcdf2c147048eb8a0eb0dfceaffe9c42b050f0e48f674e653ec96fd99f2e63,
data/raw/realwaste-main/RealWaste/Vegetation/Vegetation_106.jpg,organic,1,3322c1a844f482acc80e4865273592b1f83e2de91424313567eff426cba7a08c,2664da3f46aa6d732981f6cd62917949500b1070894571919c367670b8cc553e,
data/raw/realwaste-main/RealWaste/Vegetation/Vegetation_107.jpg,organic,1,e7cec323c0e6bb803676f5003d7c342ff2ae7d379f5b471f578513493cdd93c6,994aed47de4de96036e5ae449f1dbbacf46e5e2847e044b2c3df68d23765f583,
data/raw/realwaste-main/RealWaste/Vegetation/Vegetation_109.jpg,organic,1,3515442eeaaa37cde27853a7b4eed7f9b6d42fb679546057e0843327147cd582,a7f77ec0261bbcb6049fd9eb8f3acc90c44564eeb0f856e8f03a0feaae0f06f8,
data/raw/realwaste-main/RealWaste/Vegetation/Vegetation_11.jpg,organic,1,a12c1bfd7825167a782ffc952c9533095ff84f72538c772fa60887b7cee70a6f,41c694db54ab955b969c0678c3f81d1ed35ab417ae6e70bfae43516cdeeac830,
data/raw/realwaste-main/RealWaste/Vegetation/Vegetation_110.jpg,organic,1,2e10f26de1a0ead0817a4cdd9bdd4d67b8796e33cf2a75f377fd7c2e9dcfb50d,937cb04cdcc073a5993ebeebefc0bd618379134fb521deed89eb69d978e776de,
data/raw/realwaste-main/RealWaste/Vegetation/Vegetation_111.jpg,organic,1,3d08e2f925eebf77df90f86c429ade216435d15fec2ea63aeae08402fde79bd7,beab6decd76e25cf8e72ca59d486e29a841a3b914d07f3feedf210e8e44acd3a,
data/raw/realwaste-main/RealWaste/Vegetation/Vegetation_113.jpg,organic,1,ef6b66388b005eb59d85ef9ab36a1df34fa39870ecd04cdb210d4d91338108f9,578a418d930745bece2c8d638b9fdd86bfe4729231517f40c836f4ff4601c44b,
data/raw/realwaste-main/RealWaste/Vegetation/Vegetation_114.jpg,organic,1,12911e8dbdcda3fca798c4a43cec51346f480a126d3c860183024a3d460897b9,4c962f417a1925f18ce0d2394916a05657449f12868c0c54a854617d9cb38bd9,
data/raw/realwaste-main/RealWaste/Vegetation/Vegetation_115.jpg,organic,1,89e407f1f87f453e33dda8f0b49b5812732a9cc67249d3c52b32cd3958b45b4f,08c89841d48bf61a7c47be989f4d0d540ed927b2e3aa67f095600b629fd2b73e,
data/raw/realwaste-main/RealWaste/Vegetation/Vegetation_116.jpg,organic,1,7630b5173764fb68c924f9dee19a4e4cd40d7a3789c8bfb1971806061f96fbfa,7660a608996dc2e4d5a17321fb88dcab1fa6d59edeb36f6129fdbc3eb7740b90,
data/raw/realwaste-main/RealWaste/Vegetation/Vegetation_117.jpg,organic,1,ca065a293d89aebfdeb3a5f0d45c8faa2f02403aff05783bafeb8df14f8d9b5d,73c5e77cf7828fdecd8d53a2142a9d495ee8adadc7cff804c08af17c5e7e8981,
data/raw/realwaste-main/RealWaste/Vegetation/Vegetation_118.jpg,organic,1,7f1b7465cf011b8b02b7ecab9784b6f137e440f5e0700f267eb0e80922732525,d37234ee823adef47ccc525c309271c742c34de13788ad370442e496093a4901,
data/raw/realwaste-main/RealWaste/Vegetation/Vegetation_119.jpg,organic,1,6c7da453572c2f3ede0da6847a55fd94ee9eaa228ddb300e56361550c084f420,c569a20efdbaa4475255a74df9fe127fc879778e317abd5669fd50ab9c7a41e3,
data/raw/realwaste-main/RealWaste/Vegetation/Vegetation_12.jpg,organic,1,feb661a44864bfd554a0f10d95a3dd7f5faf94a71dcbe93f6ad61791c794c4a4,d1e8b191bdcf743945718b9a175bb87bc0c2bc7742f2d6fa063854ebea3fe5fa,
data/raw/realwaste-main/RealWaste/Vegetation/Vegetation_121.jpg,organic,1,97d693fa291a3b3c0deac22c4c2f2e78627cdd92525cbb611d3b3a80ed1b0948,13f9f0c9603ada83f8a82acf9e0903b4556c861e2f00b3c068d0361167071b96,
data/raw/realwaste-main/RealWaste/Vegetation/Vegetation_122.jpg,organic,1,bc3a400e0c06073a363bc02f71ba433efa5fc52a623b3905093ed858b178ad23,efabc1aedf9e1f1be5063a23e5d7dd3a66e9cb21cc339baa6e8d292f3eaf0138,
data/raw/realwaste-main/RealWaste/Vegetation/Vegetation_123.jpg,organic,1,c266ec5f6cd2285f9f62529eb7b211ef5ea7c98381b664a86f02b85cdaaf61e8,e74db5ab97d38adbac501daee6cff4c937ef758d62bc93ecf52c22212f4d0437,
data/raw/realwaste-main/RealWaste/Vegetation/Vegetation_125.jpg,organic,1,6a5092903c49ac6001ffa1cd733f379d3d0780a4e57dd65f10b09480b765c135,3343e3c14b019d2535c749f184fb5884a80dbff1c969558e9ce6be62f66651c0,
data/raw/realwaste-main/RealWaste/Vegetation/Vegetation_126.jpg,organic,1,2f26861b9092e258454865d8c0cbe30ec9b64dc59e60ce8973a59dbd5524caf6,6cf061faf03ebafedb0bf31e2f11d2c1d21bbb95228663cc5b665db141b7b690,
data/raw/realwaste-main/RealWaste/Vegetation/Vegetation_128.jpg,organic,1,73667da63ac5e3f0528e814f8a01d52ee46ff11c952dcafcea98abf7fd602653,1414dd6e6d0eda0754bae413749e187a7e600a66cd43ffcfb999136719b4223f,
data/raw/realwaste-main/RealWaste/Vegetation/Vegetation_129.jpg,organic,1,2a30afa55a7a4bdb87880cd9da06bad769edc38bda62beb98c560903904e7796,d4a5725925fff00ee60a131c14321450f171099c28b7cece9504d8ae8537f27f,
data/raw/realwaste-main/RealWaste/Vegetation/Vegetation_13.jpg,organic,1,2311994998cc955852596d8480f1774c124853f2e4b34a6582f2a331c478147a,175c7bfd90f0256a43ac0c8cc3dd3580b5152424a09ad30587662071d3fa77ac,
data/raw/realwaste-main/RealWaste/Vegetation/Vegetation_131.jpg,organic,1,e11ef79f5b9e91ce564732c6851aac048feed95b0a975fb18acb62c5be71321c,c49e2bf6c15484716b86f1906a51ed79a9f4e9addc2a4b35fbe55b0b7739a016,
data/raw/realwaste-main/RealWaste/Vegetation/Vegetation_134.jpg,organic,1,2c16991df4abce6911515a7319f63c5ede140093cc9d6ea194b90bf902e2fff1,32bf131767778c7424e42aaee4b36166e7aeab3c3d47b73d423322092a3036db,
data/raw/realwaste-main/RealWaste/Vegetation/Vegetation_138.jpg,organic,1,24438cadd47b77bf0dace3f36a8c36f05000f68f4396701d7ed2e918f688128a,235c3b56001d7847eb1bd9df08c3be6431d11d97f41efb51ef03929a1a4190a7,
data/raw/realwaste-main/RealWaste/Vegetation/Vegetation_139.jpg,organic,1,f5bef4328b90133dcc56eae4e55865dd4047a8052a7534eb988a49a4d7d1521e,3dad2cd57e45a85dc27017cf08b9d90dd2a1f4050c9a9c84a15b2883bb0b3d42,
data/raw/realwaste-main/RealWaste/Vegetation/Vegetation_14.jpg,organic,1,41690e32878a3d589edd722c60ea9781201182842c6fee4f9ed3910a37404fce,6a46dc26b4c3f2548a0e7df8395ea4ac5e2ba373725fcbece544cb013e46c1b3,
data/raw/realwaste-main/RealWaste/Vegetation/Vegetation_140.jpg,organic,1,c5ff986b6dfb3baeda9f04bfdb96cb9e30a98b8ed908125f339eae8b202942ee,c8a52c800d7f638dcdfb0d2a74cd4ffce80d22f6adaa0be2076c7d88d8512350,
data/raw/realwaste-main/RealWaste/Vegetation/Vegetation_142.jpg,organic,1,2c6e374a69eb8ada8df353dea584f7c0fe2a04e0304f420088f5dc0d4b3abbfd,e13301b124ba2d849c36ff915734cdb117f65f07b1632d985d4c244899cc7713,
data/raw/realwaste-main/RealWaste/Vegetation/Vegetation_143.jpg,organic,1,14c9e668dc4e04e916ed3c5fbe6fb6997d75fd88336998c9ae3eea7296ac2ca6,8e3ded4e743ec84ec91b6bb5ff851d3528bb41ace5170ec75b2e5a4dd9c46985,
data/raw/realwaste-main/RealWaste/Vegetation/Vegetation_145.jpg,organic,1,9748f464d5a55afad6c30ff609b5fd32f8944788e5730571fe3cab220a5d1f05,1f69335d449c96e4b718a5c630ba09fd058dec141a82820c5d1e75667c9164bd,
data/raw/realwaste-main/RealWaste/Vegetation/Vegetation_146.jpg,organic,1,1555bb93aaaf63746b1aef7557041ddb605a3ba8d26b269d12f3244722fc4ce4,1a2b3d07d6a1ae8e581691e818f183427af1c7651319a64ce884281107ebf456,
data/raw/realwaste-main/RealWaste/Vegetation/Vegetation_149.jpg,organic,1,ec049cfc72d4794ed848e005a110faf75dbf5665d32eba8040d0520aabadebe1,4cfbefbe102cdb0316d8dfc0b07377fe2c2122f533db39fac384d1ef5a207b6a,
data/raw/realwaste-main/RealWaste/Vegetation/Vegetation_15.jpg,organic,1,386f010625c6864520c01ad20d8044d3106ca006e55126bb30df3b62c68983f9,e59adce69a1ec9ea4917d7bf4fe2fcc2c9b609ce2d48757a25438e3b161312dc,
data/raw/realwaste-main/RealWaste/Vegetation/Vegetation_150.jpg,organic,1,55e647da63abd7f60ea25a9abc54c578782a723dc80994b556ea63e8eab60d9a,58a747423e2da2aaca0fe64f230fb6bd8bfb1959f615d78f2dcffe469bd3b489,
data/raw/realwaste-main/RealWaste/Vegetation/Vegetation_151.jpg,organic,1,4d3046c0907a6838396a59fa009709e11e6f6468a456b71b40bb879fa01432bc,e98b14bf8ae81d7b5472cf024f3853af4c2a43fa612c4dc82e2852ec23157c0d,
data/raw/realwaste-main/RealWaste/Vegetation/Vegetation_152.jpg,organic,1,58a391994d44d406e629b32bce0f9315d21886e92abf86012e3ef29c2885bc40,47dcebec5672fe5551443c543258331217c03eb3eb3355c220d291eaeaa205d1,
data/raw/realwaste-main/RealWaste/Vegetation/Vegetation_153.jpg,organic,1,851db34ae1d891ff801fe41bd5e6764f673a28d583dd83e3253c5dc8656ea58b,8ebc937983155eb708e1918ed797b4b76cdb5d761dfd7cdc78a2e056c6d57823,
data/raw/realwaste-main/RealWaste/Vegetation/Vegetation_154.jpg,organic,1,19924af51592a3bcf0ab3e5d73e4146d173cee538e4c7c15d9eb579b9d8b1ad9,cac0e0e207471ecc9b92ea7e0264473570dd0f735390b5a81756bf4b23d2cd7d,
data/raw/realwaste-main/RealWaste/Vegetation/Vegetation_155.jpg,organic,1,3770302ea4e06d523e0e877063ccd939a317f21b9be9c6ce7b4c9bf15dc15ab2,6110db6e74eb2270620eafcaa74347c9154816672d6dee6c3adc4311e4af0573,
data/raw/realwaste-main/RealWaste/Vegetation/Vegetation_156.jpg,organic,1,2f32d6752c97008d1ad709de165a62f6cba47505c77ddcf5032b16e717e9fea5,1a56a752a3845d402d331a6b80650912514d4d4311ecdfaf6cd61d5b4505711d,
data/raw/realwaste-main/RealWaste/Vegetation/Vegetation_158.jpg,organic,1,f873a83cf35953d97535dce05bbfa4d48f3ea79a8866c85775949a47f69b4b2c,6cff9bdd4dc342faaed046c3d9775aa78349962e3c47ae008dcc7422f6879a35,
data/raw/realwaste-main/RealWaste/Vegetation/Vegetation_159.jpg,organic,1,7d13f315cec554910f2c7f70019ab895c75a2563ccad4eb7572c17cbb88e97ed,31e11dbf8f590750e31413a10fd44e6cc1d93abd83d98e9c275d78642642fe3f,
data/raw/realwaste-main/RealWaste/Vegetation/Vegetation_16.jpg,organic,1,eb26608869c356e6365f84ef6f6767cebddfe7217d853c907f43ca5b21f937b0,eb283582d45d9044282e40794ae9c6fe9b73ce37e45b117d209fe816096eb9fe,
data/raw/realwaste-main/RealWaste/Vegetation/Vegetation_163.jpg,organic,1,a3fad105c893283a72af38c60c73467d89f6a49a855ca545e9b1a3713352584e,b013d1f2fc1e8cd7f6b68b1decf23a9114cca56f40d16461a9b66405eedbe6a0,
data/raw/realwaste-main/RealWaste/Vegetation/Vegetation_164.jpg,organic,1,723c4d24b698ba4f841a8c3e5f6c45df666ae26c8133e2717f2a9d91028fd277,df277392f30946a9423208ef2aff00c3caef115e7b7d721c400cfb7ca3eb8f8f,
data/raw/realwaste-main/RealWaste/Vegetation/Vegetation_166.jpg,organic,1,db593798faeb3976bba18cf43651a17a629c5d66f7fdc65e503d8bc0caf15031,7f7320e37831dd9bfcd402ab729d5a24e8ef73a5f6a7d7b713385e5f3b1e4e56,
data/raw/realwaste-main/RealWaste/Vegetation/Vegetation_167.jpg,organic,1,ecbd5060997951a61736a92a8e8b84ba6c5f9490bb40df6be33702c286bd358d,dbf69f38d70116df15243af9da076896d2679d52eea040fedbc983b289876994,
data/raw/realwaste-main/RealWaste/Vegetation/Vegetation_169.jpg,organic,1,cac0b7e54613632551baa87454beedf12b4d30c1bb4cee53b50ac58a2ddea89e,17930b25bc45e7cb6ed70e208fef467235d25511bbe4aa3f4e623d6da46596fd,
data/raw/realwaste-main/RealWaste/Vegetation/Vegetation_171.jpg,organic,1,06d85f3742541ce5abc7db4602485c729d0d6e3f9ca5b383b0334e247bf39b6c,9a478f600f2b4e9300112d6ad8abc1dab70e05ee6a5a712bba3ea0c15bb9e715,
data/raw/realwaste-main/RealWaste/Vegetation/Vegetation_172.jpg,organic,1,1d7ba358704efb51239b5523f52529fe25abd3bcccbacecb3c786e55f34c48fc,6a7e267cb9cea2f6bd1e5d448260ad7ba9fe017590e9e8683940e17e20039b26,
data/raw/realwaste-main/RealWaste/Vegetation/Vegetation_173.jpg,organic,1,3b5dcc8c8f4e74b4468a94780a102faf4c6dcbad49fb15bc12c6c1cfa1d44682,8d6bd7811f4baebaf31e19d7a351b7296564810359b7f149c559a23da6ca694b,
data/raw/realwaste-main/RealWaste/Vegetation/Vegetation_174.jpg,organic,1,c47d5a4d3f745fa298b82d456c3c41eefdf2710f51bf33e80bb6c438e23cd428,dfc8b76704496ab52a373d242486f753a1fea7aadd483772be1d071ffd7801c8,
data/raw/realwaste-main/RealWaste/Vegetation/Vegetation_176.jpg,organic,1,d558629ee228dca8f9f54daf2b6e69eb3946e51586d9e0bf0de8bc8be4ce7eda,735a1f000a0eb4febbaabe4beb625427646e5adb483c8a4e546d226d1936dd28,
data/raw/realwaste-main/RealWaste/Vegetation/Vegetation_177.jpg,organic,1,e2164c41481daccd317c8a5f79a3248a0302507ba1086010296240c0051743f8,ef2a98629fa7b7bae2cf44b1dbe78c9b0d93ae90b26c5ff52536ba264e96157b,
data/raw/realwaste-main/RealWaste/Vegetation/Vegetation_178.jpg,organic,1,d9429374c83e2b156b27b4266ed5c5067cbb44a78c61cc5a21118d1c3bf37e23,0ab13f75406c5b52d09d3ea155f27036b7f452e39c48f8888b642d5591bcd03d,
data/raw/realwaste-main/RealWaste/Vegetation/Vegetation_180.jpg,organic,1,b91718106018dc69410c02161b05e47f44e8d7ac132178e48cd689b331c14dbf,ec80d945447788023ad15ab50863b0726019d28787bae42dc9a8ba98423c5138,
data/raw/realwaste-main/RealWaste/Vegetation/Vegetation_183.jpg,organic,1,8bd087167799949447ccb1472c7023e650b6e18d4bf3628ee49064d40e2eff5e,bd8940931b5607c2bea3b7febf04ac62261f0d146f5ef4ebb6689f6992f5ac91,
data/raw/realwaste-main/RealWaste/Vegetation/Vegetation_187.jpg,organic,1,a27ea20e1b49bda0c5c47e6d9f2576b7f13ea22e5e24a717feb63bdf30a56ab2,f83a7e2ec59d6f301882e1ece8db2c65e053ab5cd3109f35598196a670f7cbac,
data/raw/realwaste-main/RealWaste/Vegetation/Vegetation_188.jpg,organic,1,ba7fe6df70dcde4689ab835b19050e86a4388de1fea40d1a633f03d18f7c1658,115435304deec7a4528f350ea4f3d8f9baa82f283404a654dad9950eea73e8aa,
data/raw/realwaste-main/RealWaste/Vegetation/Vegetation_189.jpg,organic,1,9335535343219727abda097c388fc3240476a3a45648d67e2bf4a5bc569a7040,b92547f16c738b7590534b69af78609df6d08a5651d761919178f35aa072722e,
data/raw/realwaste-main/RealWaste/Vegetation/Vegetation_19.jpg,organic,1,736a84f631223154e8512f1dafa199f4c2845d5b904622612881847df708a46c,69d71b74d5627ad78652e2d5eb765f1245dcb2dfa25b7d3f0b8c749066540905,
data/raw/realwaste-main/RealWaste/Vegetation/Vegetation_191.jpg,organic,1,90aea8d4ce6924a6f736d6d917b97adbc5f768b0262ddfb472958ecc2d841265,4bc7435518576506db8816f52a8695fbf3254e14da6213e7df25cd488484665b,
data/raw/realwaste-main/RealWaste/Vegetation/Vegetation_192.jpg,organic,1,7fc06ba2d9eb5fd3ceb12977bf46ed0470358be4ae11fb84ec9b24916b75c1c7,fe54e68b77b60b7e17dd6c741d5f70718bf9e7bc0e5fb949b2db03f5efdec508,
data/raw/realwaste-main/RealWaste/Vegetation/Vegetation_193.jpg,organic,1,9d6b09be96dc7473cab3eb370c1c8ad7b98a21b6974dc901c2cbc8c4d390c3bb,e64afd87373540ded79e1ec1c03ee7f5ba5885c1c47181bcccf0c0179ef85380,
data/raw/realwaste-main/RealWaste/Vegetation/Vegetation_194.jpg,organic,1,346d9588128e89815b8fd8a89c67d6520bf15f039eee23d5122e1c352da2a6f2,9f5e989b9d3620a688527a47a7e3975efee9c1fe9bad85066e8e379a4c05a723,
data/raw/realwaste-main/RealWaste/Vegetation/Vegetation_195.jpg,organic,1,dd6363bf7b8ea7bf4e915dc0d8052e6439f934580bfe761d7d64d239a1c82348,ef2107cda0ca8382e46ae0eccb0bcc545b8964a3909bad4f0bb5ba8d0aea5ab0,
data/raw/realwaste-main/RealWaste/Vegetation/Vegetation_196.jpg,organic,1,86a7ee8b65d1b5c338b12a91e14c21b03b6c03ca777e61d50d343e3a63be7797,0bbc720861ac255bd667f948ae002e2c4f9e5007fd8164bab8624a4b1979b700,
data/raw/realwaste-main/RealWaste/Vegetation/Vegetation_197.jpg,organic,1,dd3021314c467f7a0e7bb4c5b1886ef8fab4c85e143e82a4ce1d1b1259248266,3e4d5d4b0396700a012e68a9972c6ab65286159dbd5eff7dd7c2884be7dfaf9b,
data/raw/realwaste-main/RealWaste/Vegetation/Vegetation_198.jpg,organic,1,37001aad024ee10805569b660ee29adac35465df05a72f483c03df3cb397acaf,02b2f7ddcc54b116bbd4868cdeac4d6c7869fb560e3de17b59fe0916faa83715,
data/raw/realwaste-main/RealWaste/Vegetation/Vegetation_199.jpg,organic,1,a3a07e0fb1c5ce2b8d241255ec1a2346c8d7c0fa92f2a0e8afba2515829d021e,456becd6327f272e907831b259c6866ce131773f0c3f9e99eee46133114220eb,
data/raw/realwaste-main/RealWaste/Vegetation/Vegetation_2.jpg,organic,1,133f5eb6e629a1bb54471979395dddb50477d9e9a5352e62cb1d5864238666d1,06964a65c6b05a0655465f94ff7027e25c3bb17a9e353e1b273d29b4d4a14ce3,
data/raw/realwaste-main/RealWaste/Vegetation/Vegetation_20.jpg,organic,1,3a2072f8e20954b7cf0e9ce2752b71f7fb2b3c7bfcce3dd516e1d839d2a732ce,c290c5989c2df725c5286fad635bcc1299dce7194cf7de913910658eeb6895da,
data/raw/realwaste-main/RealWaste/Vegetation/Vegetation_200.jpg,organic,1,a1f75c6aae24a5ba5d2f7738c3051c62f1aa0f7f50aef5d7622670e4485e91e4,1e54b47639719e36af2b037290567ebd50c4743a9c91835b46f2a6ad9fbe321e,
data/raw/realwaste-main/RealWaste/Vegetation/Vegetation_201.jpg,organic,1,43a56b40cf2c1ece28ec54fb5e70cca3f5f682f1ffc7e47150527a3f0988a757,0009c25237c1dc78ae6cb7a2ef350a2622f0199a5e7afb8ec8e8514e225ca213,
data/raw/realwaste-main/RealWaste/Vegetation/Vegetation_203.jpg,organic,1,c15450d7e8df8101999659680cff34b4a6f7507cfcba16e1e0e9e2ef98936c48,446ccb77e6dc8bd1bccdf52c3fcedbf2a24d3baad4bb639dd2857a1ed89945bf,
data/raw/realwaste-main/RealWaste/Vegetation/Vegetation_204.jpg,organic,1,756751d4606d570de90cdfe187df2cd1105348516defdcb0982b712291234939,4399b3e31ee0e71e3a6540586287c918753974bc4525b3f93a56bcdef986dddf,
data/raw/realwaste-main/RealWaste/Vegetation/Vegetation_206.jpg,organic,1,24781500b4337bd1c963a6cba8fa3a3c6bb25a548ba3dee58cecb0b484d00d30,288fa3b6c41c366eccc17f057aabcf4a47869edb4228b556d680e9d2668dbb65,
data/raw/realwaste-main/RealWaste/Vegetation/Vegetation_208.jpg,organic,1,e5e42835cffd7d4767b8d4d1357f3addc737dd310ef6b06578b6fcc704cc633c,77adf157966585195124d252c93f7d71deda6af41d0d86f1a4f1108bd86ed70b,
data/raw/realwaste-main/RealWaste/Vegetation/Vegetation_209.jpg,organic,1,4d46b651aa56da947e4f5b9b8d4bfb6b7cb1944be2ab0dd81748a235d286d6c8,2e5122d20de973093c75199fde357f47ff56be96216e8b8dbbd0c7e90e364a68,
data/raw/realwaste-main/RealWaste/Vegetation/Vegetation_21.jpg,organic,1,5ff095a46b83042bff8b3781c70a7aa77692969ffbbbdcfbbdb2a0da1fa1de25,5d745b907acfb24e0b5944c8b9415c30064de95aae62dc9fd6c1e47cde4e6f05,
data/raw/realwaste-main/RealWaste/Vegetation/Vegetation_211.jpg,organic,1,046fab7f87d235dc0dea86ce824dc5869d9cdceb76229dbe396d4d58c02dfacd,a8e3fda03ab346aa2a3d7d3b40513fef7e23a55840f62500b5d8427c230f2961,
data/raw/realwaste-main/RealWaste/Vegetation/Vegetation_213.jpg,organic,1,0ad96abf7db567fbc30b3635d0df6ebda884fee2a1a335f22256370b197712e5,2fcdcc939ffbe3317d3c5a03ba601c1da3158b92a230cdd1ec2b495f011f8a40,
data/raw/realwaste-main/RealWaste/Vegetation/Vegetation_214.jpg,organic,1,b4ed2e304c3380dd601c92e89d3f78aba1864da0aa6e279b3cdd03ab2b875189,c7cc1985a8035b9dd7245eed33af64440f4d16549f6355fdb32092159651d91c,
data/raw/realwaste-main/RealWaste/Vegetation/Vegetation_215.jpg,organic,1,da2cc6600d7b8123624cfff9d00fbfcd54f63c4ec6216c9733d4c4e6958b87b1,6653f21d65582da22b5baee84afac72dc798fe5a107efd7dec1c7d47e2e65579,
data/raw/realwaste-main/RealWaste/Vegetation/Vegetation_216.jpg,organic,1,71aec9f98c0b10fdb6dc67eaeb2c6a94d5909dc5b101d108be2ff1434f989d3d,5c4f3fdd33d86781f3c151f8537eb67c25c7da729c7d82a82434be528e7cf3b3,
data/raw/realwaste-main/RealWaste/Vegetation/Vegetation_217.jpg,organic,1,14c297e033ed726b828142da347d2e71427d80d96c43d77614ad6f4c9e1ae6ea,124a24586081d196cba950715d4cb46f4f6780f87d48ce41f9226f3e6f66338c,
data/raw/realwaste-main/RealWaste/Vegetation/Vegetation_219.jpg,organic,1,2a7fcab58dcf475c1e24dfc48451a54cfa5bd46ab487de572bf70d16771d0428,87cc6916382eee0ae438ffbba566b8075e663b046cc0db3042acffe96c3e4ff5,
data/raw/realwaste-main/RealWaste/Vegetation/Vegetation_22.jpg,organic,1,e7f5674281bc441da40de4f3794cbc953379351b3006b8878eeefa7a8d551ad2,6ef6ac33c16ef036097f4feb556b9e746db280f0b604d59d4b5a7b29ce108958,
data/raw/realwaste-main/RealWaste/Vegetation/Vegetation_221.jpg,organic,1,a33d929c2f6a039fc82db31503d55329f518d84a0049c7ad0075ac84243dab09,a48a070db48e2e894ca8cdd6c8f223a59fef474a4d3b8f4712e79282125d51d0,
data/raw/realwaste-main/RealWaste/Vegetation/Vegetation_223.jpg,organic,1,8108f2dfa7ebc45591fdaced8bf959bbfc4f9224d12fc84d8bc06ee68c97174e,db490ea9e4623ab76873c2571613f4fdb658ece694aba3b91b79cecaea39cbc8,
data/raw/realwaste-main/RealWaste/Vegetation/Vegetation_224.jpg,organic,1,155191b29438b5bc1dbd0aa9b268ed96f7b2ced922594b6f464e52f4db334fe7,f9423caef1b943b002936092aec838de4036f1a0f82b72dd498b65bb1849d984,
data/raw/realwaste-main/RealWaste/Vegetation/Vegetation_225.jpg,organic,1,d6150913e86cea64960fedb1306fc3cb41153f4e05c080ec82f7e47bd79ad918,58599cbc257074bc95be51ef938c77a1b572cfef5b83eedeb6ce66da8abacdec,
data/raw/realwaste-main/RealWaste/Vegetation/Vegetation_227.jpg,organic,1,17078e232647416a58c88b64147440b90efc61677c50d68715ab27b4b8b0993e,7d71e1664ea0b5e42bc2c9d6458b5e6b7dbf7c597ae1ff702972af127319e7aa,
data/raw/realwaste-main/RealWaste/Vegetation/Vegetation_228.jpg,organic,1,cfe83cae132a508855a7fcf167739f28d477c1c4f2c5919ac3b5989c875883e5,8530a8c9c5a19e83b58761d86edd83f61454db24ba0f1df28b6817627095ceed,
data/raw/realwaste-main/RealWaste/Vegetation/Vegetation_23.jpg,organic,1,8406c33d7bc3641bf2a1266f977a0e1b055a5ac7665f4853c6f65c6e7d2b3ec8,25bc25c107dff139c0faecb58b20f216a6b8c63dfe37dc0b9b3cfb9657c82260,
data/raw/realwaste-main/RealWaste/Vegetation/Vegetation_231.jpg,organic,1,ff8022f3281948f16ae5ce2c9f8a4a62c419747b34e9490a78ea1e78494159bf,881377de162d73d9c1d55f091c1604133fda98f8dba23c228c073a754b27a05c,
data/raw/realwaste-main/RealWaste/Vegetation/Vegetation_232.jpg,organic,1,76f62091064aa28d5b523f5ac4fbb7d9f9213e8bf2ab72bfa5a83d10f131b076,660504ab769981f81e8469ee255ea0967bebe83eaca8413c71f3f0ad8e782825,
data/raw/realwaste-main/RealWaste/Vegetation/Vegetation_233.jpg,organic,1,78d021bd62d1befa47d01d4f6adf8a3eda9ee65dac32e6804aa88b1572d52de2,3bd665a30b6094bb7be761b24aefa59285a33221273c900fb7ee0019b09e9340,
data/raw/realwaste-main/RealWaste/Vegetation/Vegetation_234.jpg,organic,1,4e79e3d3e901825c1aec912cae0da0bde6bc97d952c5eefb9e4ccda1cf746905,5e578c19062131daca70a688f4177f190508b5ac348ec521c8b976a483e9f68a,
data/raw/realwaste-main/RealWaste/Vegetation/Vegetation_235.jpg,organic,1,f949c0932d43fd92c6340674768e02a147fc191f4b020ed396da1a590bd0433c,127c0be2e65313637a2b37bfd2cb99646bf530e5f7d9fc4b5282ed09e9f5726f,
data/raw/realwaste-main/RealWaste/Vegetation/Vegetation_237.jpg,organic,1,ea6778a7eebcbd4d51a17181a884b030790230bbd89a56547dc8f5ffde457749,64d519f6cd0c672d969624994ba4e0aa0df2b43a6780381fdd738f276c433979,
data/raw/realwaste-main/RealWaste/Vegetation/Vegetation_24.jpg,organic,1,f865f9c8e5d2bbf1703dce20f1c45d94353282af686beb410664f029a2bea64a,24455c521422592ff93d9d9b03b1960670abf354c24ab7770d373285185bcc02,
data/raw/realwaste-main/RealWaste/Vegetation/Vegetation_242.jpg,organic,1,94a7ebc584e9f15b6c2248b21d3608c47897d89eb5925575277b37b76ce2bf33,3ebf407529de1b5ed1bcc51c0a2c7f926a7ffee0a2d106122958c6e26286f5d3,
data/raw/realwaste-main/RealWaste/Vegetation/Vegetation_244.jpg,organic,1,20e02970c5dbc21ffc2fca625f1c6a917f0059c68206f2bce6c8e6bca2d3a7b7,ff48b1b51fa28aa1aa8af46399de5e03ab582b8615f2359007c46503365d6b75,
data/raw/realwaste-main/RealWaste/Vegetation/Vegetation_245.jpg,organic,1,b5c45ebd4ed47688fb607dfabf85d641f82694c49a418e6e654946af0fd0813c,c8277d58af1ea55ef82a107c376514e15cad3322ba5c24ef00c168b9bd33f8ef,
data/raw/realwaste-main/RealWaste/Vegetation/Vegetation_246.jpg,organic,1,0af0633e82b3ffa8c5757c59b313e74a0bf50f34f49336a71be0dc13ee81930c,5f5b77425be0671deb13dc7194c235ad618f36df6de3cbfe9cdba93c0d01069a,
data/raw/realwaste-main/RealWaste/Vegetation/Vegetation_247.jpg,organic,1,d60844ffa730634baf542beb867fbdef8e9a479f845b4e655afc00a56add3aba,0f67705d2a91e94a3af8d3b4abe6101e4eb59d60ccbbc71cce84ac2a2e2b9018,
data/raw/realwaste-main/RealWaste/Vegetation/Vegetation_249.jpg,organic,1,ed6a0a1720a9d067b188f7e63e2c8f9b3a28c9433ffe579edeb2d8dbdf209cb8,8b85fd9f149e65a7b29eff8995f185914a236a2dabee946539454970cb75042a,
data/raw/realwaste-main/RealWaste/Vegetation/Vegetation_25.jpg,organic,1,b3e39e684ed62c632e22782c210d5bd206290d22dab37491d788c955999b642d,c9f9acb4b15d52bedf549cb919562a0a33cc1980ee0eb3059be99816af7cd947,
data/raw/realwaste-main/RealWaste/Vegetation/Vegetation_250.jpg,organic,1,14c14f06404c3f4e68c1d8ceabb987446ce69c704be4e44357ae15942e91f4f8,d706e38cb876f0fbb72aa5d766fd80da2c408131c5653e73e478c827f5da8efe,
data/raw/realwaste-main/RealWaste/Vegetation/Vegetation_251.jpg,organic,1,c6de0371bbc8ad92105e5b6fcc2725e8ee7ea56e5a5a8e7362c6f030b7938d83,063c2406e66a67f96b2dc4e0e3fc12f2f3c15fd905b7c3884dcbfcc9a46c0fa9,
data/raw/realwaste-main/RealWaste/Vegetation/Vegetation_252.jpg,organic,1,ddf9becd0e4d5c20a92d28ad21d8fbb00b0f37fac938dae4664cc04c2d4af00b,fadc6b8547d58e5b995d9a4936ce2c35c68f3724fbde1f304ee153845c560f3a,
data/raw/realwaste-main/RealWaste/Vegetation/Vegetation_255.jpg,organic,1,6edd8900fde41a09a1c6a4d945bcd2984de4f8e0d92e7e82d39e3d22514ec79b,bc24a93fb6b3ffbb88143c44271ede9212ef0e70d8f30806c8556010228a4226,
data/raw/realwaste-main/RealWaste/Vegetation/Vegetation_256.jpg,organic,1,e5477ff37c26daab97f242c057eef753923b8c7372869ac6d675a67aa4e8bbb0,9d97941bad6c34c12ff9d468abe01794efecea9a946091a4e45511771e996d7b,
data/raw/realwaste-main/RealWaste/Vegetation/Vegetation_257.jpg,organic,1,40ccd12db54fb4667ed40cdf63c7bc217234ffe2db286f3d3c248bdf0b305b58,7e25dbb86dd56cfae4182dfcad4cf83b49b9448ac764d9a32b9ab82d1e92e1c3,
data/raw/realwaste-main/RealWaste/Vegetation/Vegetation_259.jpg,organic,1,e0757a0d0ac8035a828d8b6c834ccf159bd8b176c98424220c2bd1f1f40cbb9d,e15dd26be11845db67c113d2ca170b2dbe13ae9452731da89062e41bf1674b99,
data/raw/realwaste-main/RealWaste/Vegetation/Vegetation_261.jpg,organic,1,ef043712301c9694f6db9494e721c2c509522c8992ff1393b2c84ffdb531fe4e,5663691922e503028077537d32d5b4ce2ff93e1f4e5bb04a9c0c7bbc8d98b39b,
data/raw/realwaste-main/RealWaste/Vegetation/Vegetation_262.jpg,organic,1,cf8e50fdd2907d653e90b6e3b3d1cfc2ffe67c20e978fd42f4876de73a3b722b,a4f7dd3ec8d7b12b371ed1018e1f6ec1dcb1d426220e562a879e69db2016aacd,
data/raw/realwaste-main/RealWaste/Vegetation/Vegetation_263.jpg,organic,1,63838e917c9f7ce0cd7280547b794ddf6359dca92144229f3dff91a9fd601ca2,d6a791d16a43c9cdcd67f514341f000d53d24dd30822678e0c01daeba19cf660,
data/raw/realwaste-main/RealWaste/Vegetation/Vegetation_264.jpg,organic,1,156b6fb8ffc75e255a5fe6843bee6b6174e1306a5f4c36a210c27b53cb3cc850,443c37cbc5ab00133a2e4be23277c27beaea84c543e3034f8794d1942ab7902c,
data/raw/realwaste-main/RealWaste/Vegetation/Vegetation_266.jpg,organic,1,b10b3b52df25219e6256f3c9c7029d7afc5f184884676bffd5f0119dd24378b4,37fbc3abff74d4c35229104db7a4a55bac325b3cd060cebcc91a33f4e6911055,
data/raw/realwaste-main/RealWaste/Vegetation/Vegetation_267.jpg,organic,1,508f9a32597dbfa57017c1a0ce1d2f296efeba4809085c4866125f3917b403b2,f7a4db2a0b3dc51e442305db01105e1d604e19712b72fd48c2b7df83c198db8e,
data/raw/realwaste-main/RealWaste/Vegetation/Vegetation_268.jpg,organic,1,19b90db9144052644b85653138fa89252efbbc4fa241e94a2ae882075a083e6f,c66aa3e6beff8ac4d8716e0dbb0d97f179046ae2df029178bb0d59d8520e5054,
data/raw/realwaste-main/RealWaste/Vegetation/Vegetation_27.jpg,organic,1,7d8dbb5ecb3060eb2e9157f396807cb3fd3570810fd4ebbfbbd509a9200f5a56,c54fc43115550ced4b920b760918010689432d9d2531d284f7517f1278b6b409,
data/raw/realwaste-main/RealWaste/Vegetation/Vegetation_273.jpg,organic,1,bb31c29e6596e6c1e1382ea39c5ac62fba217a690e25881b655bf45f3d08a3c0,5be847e4c87df5e6ea52a9f512cce37b0f80d1fa07ede445453b2d0a9cdfb709,
data/raw/realwaste-main/RealWaste/Vegetation/Vegetation_274.jpg,organic,1,9cfe9f7193878e2b0cdf1d91787d571c7fc0c65714cf7fdc7e1d9edf45b5b2df,a878f20965fc58e9399640edb72b1a082921556f7ad7c6ce4624ac9ecb29ce8a,
data/raw/realwaste-main/RealWaste/Vegetation/Vegetation_275.jpg,organic,1,d9cbf341c9b5f3db943559ef9074d772db1370d50949c551887d2b8baee3b1a5,86bf0bca7fd833944a3692a6418e645aa0cc3cef8d9ddcc908887990017f3f4b,
data/raw/realwaste-main/RealWaste/Vegetation/Vegetation_276.jpg,organic,1,88a89465b19f7cfc4d56b901846e82938348dc91713c74f30384df452639351b,c3db94486172a7ddc0bfad52a3fb883cff4033dc216e96750b147a07c5d1ab98,
data/raw/realwaste-main/RealWaste/Vegetation/Vegetation_281.jpg,organic,1,0ec76101bb4c91d62073014382375e6cee93286e134dbdd8b041226601b19447,426dc0297d23ed962d015300f1ee00d9688a77afb06b9cfa8014a482bd098c61,
data/raw/realwaste-main/RealWaste/Vegetation/Vegetation_282.jpg,organic,1,30e143b1c1f95f23e7842437a103edbe84a8def32ac35adb90161cf66eee9caa,0129a324d86407adc1914f069ad8ba4bf6629629025aecf389f0ba12c08a184a,
data/raw/realwaste-main/RealWaste/Vegetation/Vegetation_283.jpg,organic,1,53599a61da6dc8a936beeb78b6209d27a9407d03e7f71312d84b4f6cb236d4d2,2d867e02bb5d84cfb67d3e534c173c93d5d029a1032888da13456b69f8145f17,
data/raw/realwaste-main/RealWaste/Vegetation/Vegetation_284.jpg,organic,1,904183fdb32a64ab9f999c526ec7d40cd7316ecb4793135e0f86412d4dbcd01e,c346e38545647c73ec991c2effd944a028004ced3f7b00882142532d410f458e,
data/raw/realwaste-main/RealWaste/Vegetation/Vegetation_285.jpg,organic,1,d3924a8b43f5bc6d51c831cea595edf64814eb62587c7538bab88ae0c43444b6,3674defbfe0f97771ed0922db7003fa47e9338430657c026729e2be42d76ed8e,
data/raw/realwaste-main/RealWaste/Vegetation/Vegetation_287.jpg,organic,1,84c60979c22eae0f3088edcc6120fe09ea1ed3156031722778e4f9ce05b1320c,3af01965b9e28098310db96529a94bd48ff93e5d4d0740f66688b81d3287f724,
data/raw/realwaste-main/RealWaste/Vegetation/Vegetation_289.jpg,organic,1,83ce57a4a733d710e98696f657443255daffb72acb26c74ba75a96ef57dcb13a,d859893557468fc44d0115e0cb667176620ac1b6175c7ca4ed5f73c5cc49144d,
data/raw/realwaste-main/RealWaste/Vegetation/Vegetation_29.jpg,organic,1,b5763d8965e0b747b595fe217e3f967611e53443bf447fdc150c8ffd9c9a4a88,9106d2c9c501ed66c7ed9b9b4be980b46c47b45da2157d698f80b7d9bcd913f8,
data/raw/realwaste-main/RealWaste/Vegetation/Vegetation_290.jpg,organic,1,9d316d9b93c383f2a301981b822ff21a1abc77b4ad797329b585fd0191b918da,08bf15cdbaf6acc7749ed54897200fa1d509f572390cae02bc7b6845a95ec313,
data/raw/realwaste-main/RealWaste/Vegetation/Vegetation_293.jpg,organic,1,e22fccb28963f88aed906c0f9869fc7f930eea655bb063658e1354b30d107f3d,6efd12d8c97be1cb6e4584a23239c43bd4a79a74747bbffc692e2162ccfd32ef,
data/raw/realwaste-main/RealWaste/Vegetation/Vegetation_294.jpg,organic,1,d5f4261e83acf25481aa403a37f58ddce86f9a24ba280be74e0fa71d9dc5bb74,bc4b97dc1a6c74e1aff9e1a2a3208ad858582b2971c4250973e4c5a54a8df7a4,
data/raw/realwaste-main/RealWaste/Vegetation/Vegetation_295.jpg,organic,1,baab25f026c67759f2d5a0fa8147841c4f856eb026678894e42c6c13a0887756,00a244c4c74479f5dfb9445a7add5e842e1c4fb1ca737992aa60b2c02139802c,
data/raw/realwaste-main/RealWaste/Vegetation/Vegetation_296.jpg,organic,1,54c43d03a938385d8d1018d37d025b8572c69429223bdc2c2135eda84e60e8c9,a9c956e827133bade4f3537164c539fb99ab979448074e34be6d3e9750a16d74,
data/raw/realwaste-main/RealWaste/Vegetation/Vegetation_297.jpg,organic,1,380c08d3b5773b4254bf2f19c66158d8bb1f61c01e044a9db8ddc086d84b6bdc,887bef474a80d7ff936471f5de398be21e79666280ae7a3e8e5a833fe62b589c,
data/raw/realwaste-main/RealWaste/Vegetation/Vegetation_298.jpg,organic,1,3f33c264178a6f0506c3e61b1cd717206e11c95282d6232efe6599de8ac140ee,e6c1e4da4c953b2cbab98dd0a9d8f82284abaf332423e2b8e5907bfba6d3c57a,
data/raw/realwaste-main/RealWaste/Vegetation/Vegetation_299.jpg,organic,1,31684debf65a1b7c14cc74b9fc52252828d2153b2caa86d22fcac67bb0b5f0e3,679e7a2b6731bcede23ef3e159e81e3bcc02dbe7fac854b67290f32b6f6fe45d,
data/raw/realwaste-main/RealWaste/Vegetation/Vegetation_301.jpg,organic,1,799971cb3608f79f4ab24cae0ee8e3344faddd7c07bb0b107f32cd75927e4143,8d6b8e3db4d7a2aa7e0ee5823f95d274ee98e0408bbeeb6794a73b68476ab752,
data/raw/realwaste-main/RealWaste/Vegetation/Vegetation_302.jpg,organic,1,91e8cd2799e60c1bbc6045e6e0d26445c330638a3c8af37bcdf9595c8ceeaaa3,7e530d0bd4ed49ed9d307354bbe5c3e9e9c406e4f634dc05086b392d7540e089,
data/raw/realwaste-main/RealWaste/Vegetation/Vegetation_303.jpg,organic,1,1870cb45b4f1e910ea7f83788822e3d16021fc4e27c052d56e627f61888a476e,822b21289f7a79d06a8334c0737bfeea4746f6592c5106c164e4fc2da1c21848,
data/raw/realwaste-main/RealWaste/Vegetation/Vegetation_304.jpg,organic,1,5fe8f72656d8ad9a32a235f0f36f86daad404f6c05a4cdb689c0781cb04c47c3,a7079609db5951811d5fa3a40847a479dbb29ed3b14e46d7fb2163d011191a26,
data/raw/realwaste-main/RealWaste/Vegetation/Vegetation_306.jpg,organic,1,a26f4fb36bfe3d9bd2f10537473ab55d597a1058a93a1317854e452b5f150abf,dfc553dc4426d60e0d518906cd284d1cdc84adcf893e13ada60086d3cf49e35b,
data/raw/realwaste-main/RealWaste/Vegetation/Vegetation_307.jpg,organic,1,cf991736d2aab17ad876a9c88e157c8bd65146e72ba78a79d1828be9355cec44,41e713c134e370fda006c1d5dfe8b1b03dff7a541abf96baeafaf59be1ccf823,
data/raw/realwaste-main/RealWaste/Vegetation/Vegetation_308.jpg,organic,1,c7f20bf827d3219aa5a5ddcdbf8b43273d0e48c2ca29e5c83ad81c9a5bd40409,2c7bcdff41f8440da9f98402a44a299bb6c37a348ea0ffb22dcc6740b8640580,
data/raw/realwaste-main/RealWaste/Vegetation/Vegetation_31.jpg,organic,1,943a5626ecafc5be7e92a6a94bfe043ffc23325179fe643ca03487b05ffd552d,b95074eb428d432efa7f4a9eb2fc2b801ed4221b6a8f3e6a85dba4683f139fb4,
data/raw/realwaste-main/RealWaste/Vegetation/Vegetation_310.jpg,organic,1,1cfde2feffe16238fc596ce1fc8824cee458a06c8df88b03ee7ff2369fccbbab,4c0fcdb5d8be032be78853a3b2293cc054f56bee7258702206b785c729367b0b,
data/raw/realwaste-main/RealWaste/Vegetation/Vegetation_311.jpg,organic,1,81c5d9c053592811309a03a7df50c50ad484b4765098f6726a41960ee9e7f4d2,28b8e70a4b3a30b854cf7c6ff500ef37dd4aaa3bf8e1a3d2c68ca8506dabb837,
data/raw/realwaste-main/RealWaste/Vegetation/Vegetation_312.jpg,organic,1,66b1ddafa117dcab3a4c2995559908945496e4995512966ad323af089c04bcf9,29e80459effcc162ee28a1162ffbdb06e94f67b631261489c12cfc30609a3d4c,
data/raw/realwaste-main/RealWaste/Vegetation/Vegetation_313.jpg,organic,1,7a0c4c0998e66a3f72052db90436b56dd59e66c0afa57ebab544da473cff9337,2220970d27f839662d7a8b6ce88a7e253da562f66d4089c79e8cf82170ea8bc5,
data/raw/realwaste-main/RealWaste/Vegetation/Vegetation_314.jpg,organic,1,157826f93e2765adf2aa95107b57ece78b26eb5993e5cf3bf7356b7dc4ba2037,f5c7c04d8c2e17aaed8e3a11d6bdc3fa2d1fb81995819c63695d58591384a96e,
data/raw/realwaste-main/RealWaste/Vegetation/Vegetation_315.jpg,organic,1,fed601e9bcf66a98a9a0924544921df5d2d35d674d8e4a6f7e4bfc7b4b221da7,60d632352f305d9c82e0c9ab2a438bd6ddeb75df04bbc75e0688d3853dca24ef,
data/raw/realwaste-main/RealWaste/Vegetation/Vegetation_316.jpg,organic,1,f30ff190d4acdd013839e8e138b44e49bc4d6702e34b6e26c47b5816ea68ceeb,1539261e2177e2f99a9cbdad8ecaf455e8d6e592a121d8fea2da7406a726203f,
data/raw/realwaste-main/RealWaste/Vegetation/Vegetation_318.jpg,organic,1,8f6cf47dbd58ab71099e250e66fdc745a9c9b8027eaef48eeb002c33101bcf6f,0dd5c60c59d018ddacca6218be516d4331fa99bb1ade5a2ee192cb81eb0ff596,
data/raw/realwaste-main/RealWaste/Vegetation/Vegetation_319.jpg,organic,1,8887ad109ef0034e91475d8b381e239c7dc132be6843023512b89c457000b247,98dfcf109f794d739690002ba53b7f1596918c6e35d7f96728ed1c48607725d2,
data/raw/realwaste-main/RealWaste/Vegetation/Vegetation_32.jpg,organic,1,0ed3fe9d6478e0525e5904920aed687d194d27eb26b0f23ad289dcac08cff70b,e0985ee87f3dab11aa3efba29340c230507b1ceb9adbf941a0237632547ce61d,
data/raw/realwaste-main/RealWaste/Vegetation/Vegetation_320.jpg,organic,1,990a2f553831fcbae78040b1589922a0075e13af788444e9018f8e7dd953ce4d,5bd0ca24555e9405b185b03e48bf36504a988f7e29fe0fd02a9887d4e51be327,
data/raw/realwaste-main/RealWaste/Vegetation/Vegetation_321.jpg,organic,1,802372d2a2d6f82d89988b1ac902dbe02c49046a15d81a3e71dea8a360593119,444a8e3b16fe1c16c0fcff932e7688032334174d43f9fde57fc80f8da2efeae0,
data/raw/realwaste-main/RealWaste/Vegetation/Vegetation_322.jpg,organic,1,0c9d6a1552f0ca8f7a419fdeea441e22e66fd2f58cfeb59a25d4ab345c717e6b,6bafacac9bc4d78e70ab8aab0c814648715cdc78b0c0896f4c9616921dc4f920,
data/raw/realwaste-main/RealWaste/Vegetation/Vegetation_323.jpg,organic,1,032015aecd05252e11273d3a3c90a4572a6d8b05911f22f1072299184daafd1e,31cd602221c4fbcf96a45092db6a2653bcfb98102929356646ad578f6c870e5f,
data/raw/realwaste-main/RealWaste/Vegetation/Vegetation_325.jpg,organic,1,92bce13ed36a25351092713cb267b6103829f774d2df0519eb56e41e52628497,008f98c79802d00909df204e3fd1d58c40cbe63e67dd0248769affab0c3f3405,
data/raw/realwaste-main/RealWaste/Vegetation/Vegetation_326.jpg,organic,1,3a272a2cedb47ff0d917fb54a2c980c4be50e64cc4a697f0af4c79759f71642e,f4914fab7f6df77edde1d4d926502ef5c7393127ed7c01aea7b65b1e02def728,
data/raw/realwaste-main/RealWaste/Vegetation/Vegetation_327.jpg,organic,1,60f18b94883b82906525411fb821b6e96ada9dd653409a880df84ebe973c58d8,303f34b16f95180af85cce9a2da868f0648630acfeddac7a6ce64e50ae170e41,
data/raw/realwaste-main/RealWaste/Vegetation/Vegetation_328.jpg,organic,1,dca819686f5649d21f9ce0737031557f31361f6333063307e3ebc2eedbe70aae,570c8e6fe8592c046aa7e4c762944aea818741c10718de04174840499bf35b99,
data/raw/realwaste-main/RealWaste/Vegetation/Vegetation_329.jpg,organic,1,ef07297b43f3047c341e90b267d6ef39f3516faf8e34ffcdd7b350b0c8f0aef2,be816c0873a1fa1ca2b39d0a645c9b8358fcbca35a8d77cf2867b892b80e1d3f,
data/raw/realwaste-main/RealWaste/Vegetation/Vegetation_33.jpg,organic,1,092d6352b17ca356f2bd9bf7207601517455cf3352d2346f196d6205f729b651,9abda0b9282374627015719276a545ccaba8a0832e8f269fe1053ff2538a600f,
data/raw/realwaste-main/RealWaste/Vegetation/Vegetation_330.jpg,organic,1,33e9466d3b79eac462c8c22a0a85bffd3c8b653c62870be4f653442c449c1ea8,28f8aa9a935a1c49a2785293dfc1e26b10fd0812226b9c60c3df00406890e645,
data/raw/realwaste-main/RealWaste/Vegetation/Vegetation_331.jpg,organic,1,926094ab31f8934b906cd6b2275500450d2adb62b6fbf0d6011a5d756808d7f4,d1a6d04d74b5bf7f86b5240bbea5cf5a8bcf890b4f6b29111587ff3cb623e85f,
data/raw/realwaste-main/RealWaste/Vegetation/Vegetation_332.jpg,organic,1,1e77130ee86bfe5df3ce34eddf98bbe0826fc487463402677d66d16cd618496f,49e56196916b05265c6e87081b7c7f5c98989cde93da21e20fafee2e08eabb64,
data/raw/realwaste-main/RealWaste/Vegetation/Vegetation_333.jpg,organic,1,06eeabd254440fa124a74429397573a67aeb8abd3c1657948fb61322a150303d,0e35b6c5a7a745decb86df0cd765af442e4e8b3b5be94a9416b4a333dd4d9700,
data/raw/realwaste-main/RealWaste/Vegetation/Vegetation_334.jpg,organic,1,6c929741ca57987a1ebbef082ca7f643d5d1acb1fcfedbd9e3257b85b68d3eca,a414bddce6e614f09a9017e833c5d456ff0356cd44e58fee1f3497d28b6ba4f1,
data/raw/realwaste-main/RealWaste/Vegetation/Vegetation_335.jpg,organic,1,95ea78ec2eb39e4f732e67024996017080ad8dc4cb3dabee0d3ff52f126d0d6d,ab826728c8bc7e9f1c1f4e6a93486c5cfe1471eb7ad0f88bf15f2c6d9140b644,
data/raw/realwaste-main/RealWaste/Vegetation/Vegetation_336.jpg,organic,1,63babd0caacb29d68cea6e2ff86d4570d73e8412f551b73bd8bfc59a48b32ce8,516046d667e8fd0a22b5d0366f3683d1d90cb8d6d319c8435ab915cb13bfabed,
data/raw/realwaste-main/RealWaste/Vegetation/Vegetation_339.jpg,organic,1,23479164d0a9d8a41bba70e142a56a24e3ef4d77e4b9102b1af81a7ad3a5a65e,f16cd8a51c43e08da039fa865e34f303d01f0201c1a28c850068ca03ce4a3061,
data/raw/realwaste-main/RealWaste/Vegetation/Vegetation_34.jpg,organic,1,3413854647e8dd6388af652362d75dfd5784f109c08b641706fe988bcd83326c,75e41f80dbddf95ccf12b1638fcab7ee35be71f6ca1f200a7de1b4f8f1c49c51,
data/raw/realwaste-main/RealWaste/Vegetation/Vegetation_341.jpg,organic,1,34c0930be4815fae01c1176129fb008b215f07853801b6356501670f59cf242f,b26a76d59707be347faa5df8e09d0d7d43a1d1d2d01c80f86d07c5f9482169e4,
data/raw/realwaste-main/RealWaste/Vegetation/Vegetation_342.jpg,organic,1,f39deb6dc653fd51281c27add765b14dc0bad37760b5aa1722f035b0f58cbcda,9426038ea5fa1af6f9371df5792f47d72541a4a5f5ffa006d4e5725740bd543f,
data/raw/realwaste-main/RealWaste/Vegetation/Vegetation_344.jpg,organic,1,88b1b1b3d935950cd9a5f707aa2920fbb941a7c07a896ae6ad44b48ab9001a14,ab2bd2900e62d4d36f943d540e1dacbaaa099840984e813ec9f12f5ba41eb8bb,
data/raw/realwaste-main/RealWaste/Vegetation/Vegetation_346.jpg,organic,1,e0f43e1544fd0b2d3249d0e6ea37a2e385352bf9cd12f4faa22dd651644d9526,419a35d4d661fcd679b803563318dca05112f78a9c93f68481ec3939d339e761,
data/raw/realwaste-main/RealWaste/Vegetation/Vegetation_347.jpg,organic,1,602bab0f465e1f4955442371c8d4b102d20bb832415be10ddb8a3c7f7bf9124a,7c4677b25d864b623504d406f68b0399dc7e52b8a6d0fae0865e215480a935ce,
data/raw/realwaste-main/RealWaste/Vegetation/Vegetation_348.jpg,organic,1,ec5b387ca289631288f4829acb31a026f2cc1ed05555b716593d60124a961179,2c4d57af1984695d08b438459bb002dae973d79392df67aa249cd476586ea9b3,
data/raw/realwaste-main/RealWaste/Vegetation/Vegetation_349.jpg,organic,1,1647974750047ab2a97741fbc97b3c4a211cf0758689497a4ab9fc43dd3f6e7b,95a2b86cd7f70e4bef1ce2533ce3f70e6fc90a26ca5049810ef00ba77c4667d6,
data/raw/realwaste-main/RealWaste/Vegetation/Vegetation_350.jpg,organic,1,04ac2215a96ff5abc4b8bd76f85bb51f301337ffd75c01f794d4702a6aa619fc,2dbdfe54c86624f8e0a5c3e15e766ce8669e839df43441f3b8314cbb76fef2e5,
data/raw/realwaste-main/RealWaste/Vegetation/Vegetation_351.jpg,organic,1,5b71bcad8aac59f775f7170f44303cd6b36478c2e13b16f748d922c9b0eed5bd,715f2eb0070b3973b5434fbe5d385fa5da717bce09d926077918f5c3299caa2a,
data/raw/realwaste-main/RealWaste/Vegetation/Vegetation_353.jpg,organic,1,e1bb43ba4d21aef07135e9ad0e8aa286a50e7108a7b5eb6844c8165e0ceba3bb,755f606a02799108b59c74ba0d5dfdf003e7cc2998636ed75c257a540c25bdd4,
data/raw/realwaste-main/RealWaste/Vegetation/Vegetation_355.jpg,organic,1,ccd591aec7f5330bffaa73667091fb5f1997e7d3e1fb16e93687255cff0e9515,7b99b03e9cea8ad898fb40c5c47da94827a15a416fac8af27abba745e0596a97,
data/raw/realwaste-main/RealWaste/Vegetation/Vegetation_356.jpg,organic,1,cc9c727385c2d201c6f7f6f614df9459be27d9f285ab9c8df35d99194d954b32,a0bf3466d0ac376a03b8fb2d79412cce16a181fe24fb58543813cbb34116c4eb,
data/raw/realwaste-main/RealWaste/Vegetation/Vegetation_357.jpg,organic,1,e773fc9812bd94b069e982be38f80e50e13699bd3408b7deba1f94a489710684,5640218fa2703f4ce507d491c66bd0fd4c63f14e7021993ee871fe32f0110c92,
data/raw/realwaste-main/RealWaste/Vegetation/Vegetation_359.jpg,organic,1,2bc8dc614a10e5e71a861b408fa90cf5768a9c75f172c8bf5db7517129452fd6,4fab78a6f192b0c513d86aa81ffd3480010eb7146385cf6032acc2ed2e002ecd,
data/raw/realwaste-main/RealWaste/Vegetation/Vegetation_360.jpg,organic,1,3648df4775829f394e5a504c97718114d104ac5991f07149162b1ae17e9d24f3,88e3062fcfa466faf15a28a5aa0d56d2203ca5b057fe83905f62433a086d55b8,
data/raw/realwaste-main/RealWaste/Vegetation/Vegetation_362.jpg,organic,1,8043fa2187d4465be21adea505417951f20b9ea1581e7ed25e1322b8ea74f77e,9eb0395a233982a1d5b575b7b7b29631df049119bc71d30d541304601546ecf4,
data/raw/realwaste-main/RealWaste/Vegetation/Vegetation_363.jpg,organic,1,05c069b73a1f512ec87f5f39a8351782997928ac0e1574a2dcab1de03f7698c1,9283699ac5e5f018dd4b6fa5d680e06fba63c8c4b355f4e2dcc1bb9198c35257,
data/raw/realwaste-main/RealWaste/Vegetation/Vegetation_364.jpg,organic,1,676f5c5f7a3786ea3d47cce9bb418a8dfa73bb2344e3f39656f297ff08b8a28c,570e39d2c16cca97c7133ae044714cfae6630c6d80c05019cdcdce0d8662bc22,
data/raw/realwaste-main/RealWaste/Vegetation/Vegetation_368.jpg,organic,1,49d3e6a9f572c3b251f8e52eb9bc5d0658251352c0de969f1192f64f48779729,78c6c87d5b1a4e8cafc8ae4667f541438a8572fa75cba0238f19e369672fb332,
data/raw/realwaste-main/RealWaste/Vegetation/Vegetation_369.jpg,organic,1,115287960e0eb9a561b0c1fdf484df1a0b12b096468688b202157609254fc5d9,dfad4bda80605485dd74e73515bcaaf2db06fb2db05519d8bb59300d6f244ad8,
data/raw/realwaste-main/RealWaste/Vegetation/Vegetation_37.jpg,organic,1,bc536051d380125cbf0dcd77f0be48e244c70d8a8765dec86e421e21425bb4e4,6ec6eed18cec88b32a9c97c4a614450421b7e0316947e33080c39f12e0fd0395,
data/raw/realwaste-main/RealWaste/Vegetation/Vegetation_370.jpg,organic,1,b14f6da55303c7703635af9fe9ed94e6d1120063573191e045bb004cdb783520,f17582c3367d72a336d7b01600e0b37bb09137e58f9c6f3c6e035c1315b0406f,
data/raw/realwaste-main/RealWaste/Vegetation/Vegetation_371.jpg,organic,1,d0d8bf95b37080c8f9b6324bade3fce46f52d1830360eb94efc9cb820aca3cae,7293235cfafbe2c77866a66921cf3dad336d227747c85c765b06be22e957f2ab,
data/raw/realwaste-main/RealWaste/Vegetation/Vegetation_373.jpg,organic,1,43fdd0be7d973906eb7bba2c36748db4838372e9f14393b2d06126ad8dc73cb9,37a2d136ec8f72e03692cbde053bea97d7979eccec2457dc547397bb9d604f74,
data/raw/realwaste-main/RealWaste/Vegetation/Vegetation_374.jpg,organic,1,5814bda5c1f4e26641a9c2499732932ec24f738000925a0ecaa708d5da9df130,d10ad8a63a4c34709a5c4ea8c884f90e391f2f6a687995445b19af8bf868af88,
data/raw/realwaste-main/RealWaste/Vegetation/Vegetation_375.jpg,organic,1,c1f82c9e8ba643388dd1a5b70237ebd5abcd30fbcfe54973394bb56fc2b54999,eee08ae2e530ca6b80f47800158f1ccaf504c9b31a0c65b26e1681042bbfcd38,
data/raw/realwaste-main/RealWaste/Vegetation/Vegetation_379.jpg,organic,1,73179e31395dfd788fa09aa222cc5713602ea019663788133d832145e1fc70fd,e0fa5ab39a6ed2328b4af2aa4b89ffff799dc3103e72c868b8e9d7e06ac9fe91,
data/raw/realwaste-main/RealWaste/Vegetation/Vegetation_38.jpg,organic,1,6df76ead484d766176445b7f2f95aa10a6b60608765cfa519736ff141689f764,02de971087629b0197c59af603ac4b9d57b6f45a9460c0f5096479bcd2b0d940,
data/raw/realwaste-main/RealWaste/Vegetation/Vegetation_380.jpg,organic,1,33de4777801a15ab7bbdd51f12fd2a12cd1bbb985cabe5b76a25780e39d754aa,790c7cf2f0342393d834e81a686ca438704bdba7af29bd2c75b7e013a605e750,
data/raw/realwaste-main/RealWaste/Vegetation/Vegetation_381.jpg,organic,1,981e640e33c0dad9643ed48acf8a0d1c82050bb4d2d7786c43e8ad6560504fe9,28a9f876e4e93ae93b62d74db1c52ee3a7062d5f73a8ccf8889cdb15b359fe8c,
data/raw/realwaste-main/RealWaste/Vegetation/Vegetation_383.jpg,organic,1,0f7ce4036b834052da1f6a634598136baf16843b692e67e522414bbc99236e79,2d0f18799958e75a6c5a2f937be73c29c83dbea2088f6c0df859e1e3fede1677,
data/raw/realwaste-main/RealWaste/Vegetation/Vegetation_386.jpg,organic,1,1361ded92304424cfaee89119a128a62ff06e9de7a4a9c54bbee4bcd47272c40,3d4d24d215ec5014e28224c841e7dc9f8453e1f4a5d7fdf8d0cca45a6efc2e6f,
data/raw/realwaste-main/RealWaste/Vegetation/Vegetation_387.jpg,organic,1,0ba9405a2defdc37550208e5ffe47a5b87f7fa5cf1e9848500b6e8d18a85313a,89118898542490832b9c4cb38dc38f337cbd3f074539f77deee8361dca6f6182,
data/raw/realwaste-main/RealWaste/Vegetation/Vegetation_388.jpg,organic,1,0ad07ff29bdbf908ef7148db5f4534469fa6fcb462785ccba182be3f25a11eda,5e6c274377401154dbc4c3024dc578bd8662d30f1632cc35c1a1c89b60af1586,
data/raw/realwaste-main/RealWaste/Vegetation/Vegetation_39.jpg,organic,1,11de9b8a65637d2aa8ff68d37d04d35534aad66acf52d3866134828888ecbd10,d4e3ad00aad9738bf901140c179a179e3a0cd7b0e0a97cefab8f27601af65bb7,
data/raw/realwaste-main/RealWaste/Vegetation/Vegetation_390.jpg,organic,1,0562374b42f4f0f576c1b7103abcfcb74422236d6417dbf7190e5a7cb449edb9,6481bf527ad24deac88af9423e31ea267ed55ef74d949620ee1555df58621eea,
data/raw/realwaste-main/RealWaste/Vegetation/Vegetation_391.jpg,organic,1,49c01df485715fee00e1dba3ef9b52926732f60893931b8520dbf5bd52aea13c,5cdf6b2298b52b078e612ed76bec93609731b5e3d6268db26a5f4f469d2ca2e7,
data/raw/realwaste-main/RealWaste/Vegetation/Vegetation_392.jpg,organic,1,5053980d2117bc859a049621462837fa9668415564d49e1b61bbba6e9dca456a,58d03235b6bbbfd950b02cbe757ae6fcd788c43051ff8a8a54c31a55e05e0ceb,
data/raw/realwaste-main/RealWaste/Vegetation/Vegetation_395.jpg,organic,1,b06efac10d33283faf261a410db7f3e5e938115590651228c0ab2b729ad1fa4f,f1adc09bf8ebab48b1eeb1961c8d0393ceb5a0691ab3754d2272bbd039bbb687,
data/raw/realwaste-main/RealWaste/Vegetation/Vegetation_396.jpg,organic,1,cc782152cb77042ef6bec69694fb39aa0f78f0d0a23911fe5f4327b076bd63ea,95c42e48c26dca70c7b21e32fa8f53fb4cb32eaa785c344553d7ce0813e739aa,
data/raw/realwaste-main/RealWaste/Vegetation/Vegetation_398.jpg,organic,1,eaab9128adebf09ac1c703b431a3ee18fdc413836562f3de449d4a5bf7770aec,23b0eb1d86a0c71bff491f05ec83457749b36530c6d2712ee0356e388ac2037e,
data/raw/realwaste-main/RealWaste/Vegetation/Vegetation_399.jpg,organic,1,b7e828057eac375efb746a2f9440ac626d4fde097ea352d0b6179b7644284dea,4289e55c0b729347abd133f3a13a1865b625e80e2fa14c932c2ffd7ef3f4882a,
data/raw/realwaste-main/RealWaste/Vegetation/Vegetation_40.jpg,organic,1,c664bbc0145a671ed3e6564d61f292f2098225628b9ec373a833bdda230d1d63,3c0b26d9a4ca9f0adf09ffa593e5e9e93893ce7297c1a17410c26aca04df0c2b,
data/raw/realwaste-main/RealWaste/Vegetation/Vegetation_400.jpg,organic,1,a67c120e74d2ed92b451173229f055991d64e6146f8d1e98a12a38a8fafdcfbe,8551b01099ea0b417cb088d758b2179f0c5ce5dd9dd81e3bff54b06ad596b610,
data/raw/realwaste-main/RealWaste/Vegetation/Vegetation_401.jpg,organic,1,68b1f36edc3d605471a94195955cbb6441a8b33539f3bd145515264a9f3d5a94,6656f40c50644c3b6b55e585a01dee834cfc3d4b0a8ad023acae40d117dea910,
data/raw/realwaste-main/RealWaste/Vegetation/Vegetation_402.jpg,organic,1,565799dbc53d39ab4613eb54f732a6e5d81e619625872ee8fdcd8776ee3ae791,23846abe9799e62888797459157504e8a107f133789983ab55795f4afe35659d,
data/raw/realwaste-main/RealWaste/Vegetation/Vegetation_403.jpg,organic,1,d6d032ffa748317ac26615c2adc524b7225c841b2eacf09851c371ef8afac59a,970178f11432fca655b52355f08d124e6271d3055623cca5e4102cb8d18655b2,
data/raw/realwaste-main/RealWaste/Vegetation/Vegetation_404.jpg,organic,1,096acc325958fb993ac2091f52b3c7a5cd7944acf1c6d7c3a79a539b881082cb,996cacbb5eef3b3967849f6b95f2e96a7779f03ecc3d44aef0420da9d2b7b324,
data/raw/realwaste-main/RealWaste/Vegetation/Vegetation_405.jpg,organic,1,9736555a44a614c8fa16c07da5f68465e1ae3bfe5d5d8af975a84eeeb72d4e7e,4546006602e23f38ad5a4d840ba82984e1aed36f47aa3c3e7e116723a56d9610,
data/raw/realwaste-main/RealWaste/Vegetation/Vegetation_407.jpg,organic,1,89248c34b1e3643d7437450911c327d7d6f028955c8187c8ce6018d1e363f06d,a36d5a67917b40d4daeb33245891ba0338fce745dbb0ae229765a68b8d780bb1,
data/raw/realwaste-main/RealWaste/Vegetation/Vegetation_409.jpg,organic,1,3702655572ecb899c09b49edfaad8f1fba8eb6b833ad72eee02361d177f2d84b,2b125ca6254bfda9d02de3993e3895daae48dda873b26a3933e219808c0b4a2a,
data/raw/realwaste-main/RealWaste/Vegetation/Vegetation_410.jpg,organic,1,eb9d27d865a68f92493953aca1f22c5c9c5ebdbab0a8edcb0ca93798f393edc0,69a40e3b5274b06bee8619404cb155110c2a5f08adaec09b62ff895be6bb90b2,
data/raw/realwaste-main/RealWaste/Vegetation/Vegetation_411.jpg,organic,1,ca389c12fa98199d0d13e5d4f96efb137117e74768a74fe01bbe0fe5426f455b,596266180c07fc6f024a5632d13864dc7c63b6bebd2d992cf92ad657d7148501,
data/raw/realwaste-main/RealWaste/Vegetation/Vegetation_412.jpg,organic,1,a7df665cd003125deee3cb2cd89ade7766d598b1d3da4c8621a397aed9191440,5ab2fd766a0bb8cee0ab64ce41c61d758fb77a213f8f8b2e3e9e06941c82857d,
data/raw/realwaste-main/RealWaste/Vegetation/Vegetation_414.jpg,organic,1,fa2e6e7baa7042500b98dbec348c8ddc1ed5927e9e4e2cad91fea558cc79719b,119ed19c9254ecb866e081e99c51d81f25e616746f843172fa74749d8dab2064,
data/raw/realwaste-main/RealWaste/Vegetation/Vegetation_415.jpg,organic,1,12c10f5e8b7345bdcfaf1ef05837478da232921273bfecc0d322764c7b090ec1,55a97d852a01e4cb51934286899fa51c5652acb88bffb83efe2317c208fccf2b,
data/raw/realwaste-main/RealWaste/Vegetation/Vegetation_417.jpg,organic,1,a641478e989bec6600bd1dc6014ffe9345e7e12dcc9311cb970abd7a5d58f224,40e93f0f1e830219c26465b3628e5e6a91cacbc38bc23e679d82b469418ba8fc,
data/raw/realwaste-main/RealWaste/Vegetation/Vegetation_418.jpg,organic,1,86371db888cdf682fea83ec713cb3cd36f02be413c1345a6bccf798c201bb1de,df23a77ad860779ec209156a5b8f7ac60694783f6a4dcb4ff4356bfc3eedb0b2,
data/raw/realwaste-main/RealWaste/Vegetation/Vegetation_42.jpg,organic,1,71d9a08a8563a66fd39aa61c66ae1ae2a7fc5e232a41de5e2560426ca143af10,d0471ad52fe4eb41307510b88a3c838d567f2153e62ed1f32039b2ec0f9d9c96,
data/raw/realwaste-main/RealWaste/Vegetation/Vegetation_421.jpg,organic,1,1685e49e408a98669e8cb40bbd45193e2e8c96967502bfbec13e64332a8002f5,c798d04add74d45b1009f7e7cb66d5964f89e3a79d01da630541c5385a1e1dc5,
data/raw/realwaste-main/RealWaste/Vegetation/Vegetation_422.jpg,organic,1,addbd055e7098ada234d75bf1cd938dd5e2b4da6e958e399c0198cc9776663fc,8b88f89192a3c3296caf9bdeb93ea69bbf4aad1ea764e0e9e6e6ad6a61bd1760,
data/raw/realwaste-main/RealWaste/Vegetation/Vegetation_423.jpg,organic,1,eff4a6b488a51dda6594b25ac5ebb766b2cb28bd63f1d4ed2d57ba4948d2bf03,975405d5108f137b4d3ffc76d06c1650bb4c48ff7d262dd213f65977da7d4cb4,
data/raw/realwaste-main/RealWaste/Vegetation/Vegetation_424.jpg,organic,1,c428fa8dc3a561f7f1c190283a22ffa416134552e7860bfd6cd9dc1b8616bff2,e73ca926396802c0de47b003d2262461d5171bbc09b92db6991e8e93aab56deb,
data/raw/realwaste-main/RealWaste/Vegetation/Vegetation_425.jpg,organic,1,2291fc377ec0c802aecec28ed1f60a0e66775b8e2a3192a217e7bc5eb361252f,7169602a2e0455a8b434666def0bd7628b344116b4f3d93387c3639cb9829a32,
data/raw/realwaste-main/RealWaste/Vegetation/Vegetation_427.jpg,organic,1,39979e56f5dd2b8666fc7761b88ead3e5a833274b968e1a659e39327cd570746,0f1b02511ea3b38540de6d68ffb5169d6e240457015ce0e309e6542dc4f2778b,
data/raw/realwaste-main/RealWaste/Vegetation/Vegetation_429.jpg,organic,1,5ad274d7a2200cfad01495d010231991a795ea0434a814c691340e744266e91a,652f3d6914c6823e72b8ae71e029769fa0391f3db8b33b4ec3b51841fdef14a1,
data/raw/realwaste-main/RealWaste/Vegetation/Vegetation_43.jpg,organic,1,2df7dde23c23c666c6369c907264a6213f6082973bb37f509d85856166ec2ece,79cf6a860966a5d6f414fd28b289b946c38dbf88107ac5ecc1855b2cd0fbc823,
data/raw/realwaste-main/RealWaste/Vegetation/Vegetation_430.jpg,organic,1,1e549c79b684a76b819e1af593cb1bba64a68a63166a80751f7f8229b4ecc097,4786426c964e02f7a8acbc264eb9652d33713282b4002bb509c9dc1ab636997a,
data/raw/realwaste-main/RealWaste/Vegetation/Vegetation_431.jpg,organic,1,af04dbead617a24ee7565857122fd1a7c40066185c1ce2164869df34f2d814b7,d2a1b4a2741de363f00501119c04425aa0979c1634c337aee4efc65881db448c,
data/raw/realwaste-main/RealWaste/Vegetation/Vegetation_432.jpg,organic,1,00b48d3fb6ca8d06d0619825830c618cf57a8d221734de363b458eb053b5fbbd,ec157ebf92b30b06c50341fbbf2f3f2cba7bedd799fb6779a88681825dcca86b,
data/raw/realwaste-main/RealWaste/Vegetation/Vegetation_433.jpg,organic,1,fb91f94f2e92c8df1151211959704f82d7ab2d91c512d044b0572191eacb5379,2aac1bee3fe813b5097089300fc30796b93651ef6c7a8fcc3845d6f672e8acc7,
data/raw/realwaste-main/RealWaste/Vegetation/Vegetation_434.jpg,organic,1,59566122531ffe65b8e7c658b0ff43fdf85006be9ecb03961e7e5b3d7d40bb86,37cb6f712c8de3176000af9dbdef33aeb276da6babed96b825eb8a3f73683a3d,
data/raw/realwaste-main/RealWaste/Vegetation/Vegetation_435.jpg,organic,1,8dea867c0cd385391229e539211db73c00f7b16200fcba04b9c06ea1fc7d316a,4bdd608b53bd43ffed9bd3e976400a2203bf6f9de4ce348cd64989fe39ca3d6c,
data/raw/realwaste-main/RealWaste/Vegetation/Vegetation_436.jpg,organic,1,e3e0fa1fe2b902650d1302003153f9eaa2dc5f98e9b452936f906f204c0afe80,154adabf103911b7cf6a33e5cf967f9a22cf072e6b450035a9c39c01dab74a34,
data/raw/realwaste-main/RealWaste/Vegetation/Vegetation_45.jpg,organic,1,d71821ced279aa0c7299f6d09fbc27e52b8cd2e7a48dcc301f5f90308793a679,e887b9f48b67ba1b1239fb8a2961fa8998197fb8200a403ebc46f7a7828a6703,
data/raw/realwaste-main/RealWaste/Vegetation/Vegetation_46.jpg,organic,1,3c036eced8b6ca55a398cad156da3196a4f962b65774f4f538cd7144e5b3b66f,c21a91facddc85a4b2a19b3eb8d653af3ac81ca790b19f8343e0aed25bdfd3b9,
data/raw/realwaste-main/RealWaste/Vegetation/Vegetation_47.jpg,organic,1,d4162baabd02e8d56526c942f78784e1ddb31d168067dc4487af0c7ff4890c87,8676b383c0cec23e2778936fe79688b7c73b4a1982728220f0a446822ac12b82,
data/raw/realwaste-main/RealWaste/Vegetation/Vegetation_50.jpg,organic,1,73b25bd60dab99c94d04186009a148bb47b51c359956f1b0f5ab611b9b61d5a4,74f2aa195e0c1be73ed79a37860401fceb1ae89de4e2ac73f73f7b69b1c12767,
data/raw/realwaste-main/RealWaste/Vegetation/Vegetation_51.jpg,organic,1,1f7a4f095d94ba63291c14c56780cc2ecfe59d179bc799068861c75794ff32a8,091673b104d92e5d1ed72bb63adeb86b70c6056c22ceb7305faffb23bed72e2b,
data/raw/realwaste-main/RealWaste/Vegetation/Vegetation_53.jpg,organic,1,04d094f7fc293792be2a3ea676a4df5bfbab4cc77d6df318c05635db2bcab715,0081eb136c894bd0db8a198ff6d67315e74201b019309cc0cc595295152e0c3b,
data/raw/realwaste-main/RealWaste/Vegetation/Vegetation_54.jpg,organic,1,5f36945424027c2637edd3440b7b94c63bdb7bfc6df2f710bd64443c2ff5eaf2,eda2c4eae0d710181a455efc7464fd4acb9c61ec1608bcf797f7057e98b30490,
data/raw/realwaste-main/RealWaste/Vegetation/Vegetation_55.jpg,organic,1,79ecb29f062fe931c508e5b43313a8f51deac6ff550f532034f233baa6ce5986,54305b283a4c018fc848747d87afb86e7e7effd5eea1d3ccfd3ff72d1e2b3968,
data/raw/realwaste-main/RealWaste/Vegetation/Vegetation_58.jpg,organic,1,1cecaf01312dfa24ff1d2a3c153c54090f5237bcf348666fd3008b488d0be468,9afc40c8484514f687fc29444895ed11c768b5e753f2f7d7dbebdd3b1734ea11,
data/raw/realwaste-main/RealWaste/Vegetation/Vegetation_59.jpg,organic,1,ac99a467f3ecb56b3433534e6b41fc9125f182bbd81642ae4a408c59c71d8fb5,80961a72ecbbeb68d4934ae450873119c722ee4439ed0c500c0e54e8fcc45543,
data/raw/realwaste-main/RealWaste/Vegetation/Vegetation_6.jpg,organic,1,f95abf1454fbdcf27a12deeaad8ada2bd860d4a669fc880b22b29597919a739c,53e38c7260b99002d55aec5d35bda4a805e08990c582d5801044e94ec5a762fa,
data/raw/realwaste-main/RealWaste/Vegetation/Vegetation_60.jpg,organic,1,a103e69bd8420e085dd483c2da8bf38964f1fbac650bf771649c2cf1efea211e,4bfc3a7ac37bf2396648f0b6c86685c5157b3d771a513a629e600ebcd62d64f7,
data/raw/realwaste-main/RealWaste/Vegetation/Vegetation_61.jpg,organic,1,99ca16a8f803f7848e745996feb9845a2713f00e030ab6a1250e92b76d715007,ae4363bdf7b0cd70d295c7f16521b74f88cb16a6489f52c1323200b9950032ab,
data/raw/realwaste-main/RealWaste/Vegetation/Vegetation_62.jpg,organic,1,543eba538d24bdc461af30e430e137c4ba56c110629660722817bdb6ae979fa0,8560e7abc8432f1ae826e2c86f64ba49c3f4838a7364250419b4febe26e15253,
data/raw/realwaste-main/RealWaste/Vegetation/Vegetation_63.jpg,organic,1,c889d51288bef82a25970f747a921cf5e2565283217d797bcaab9ae50f66ff1e,d73c25d2591fe2bb1f6b98201cbfd7f318a81dc9208de520aa5411663ecc8263,
data/raw/realwaste-main/RealWaste/Vegetation/Vegetation_64.jpg,organic,1,c37718bf940ad2613afbb753e70e6f24722e7f7917533e5f230c3aebf9c3d5e3,fb54a7e558830bcebdbefce378e5e57d4c9a25f11bef973376a023c644b17c67,
data/raw/realwaste-main/RealWaste/Vegetation/Vegetation_67.jpg,organic,1,8674433752b965d9d95ab76f429b3946becc31f8cbae6893b89e0a4ab6550ade,d88eac926099fb4296c8cdbe9b939c487ac761e04fe08a0fe9b7dd955af1e207,
data/raw/realwaste-main/RealWaste/Vegetation/Vegetation_68.jpg,organic,1,3c726a5e79b5f86a38508bc5ccdf4273f4887da0ac03ff7da2d393361854b245,a84e5ccdb23323d841b7fa9ef435440cfdf99e5daa4faeac97a2c747f45609f5,
data/raw/realwaste-main/RealWaste/Vegetation/Vegetation_69.jpg,organic,1,6202b7ceba87f43b46a3b46b8c1c4077464d13223f968dcb40a23816802c55a6,0df18ed6f121d3f95dcd049f9d60b51918fc2a0a92f2b3617a6b9987a3827885,
data/raw/realwaste-main/RealWaste/Vegetation/Vegetation_7.jpg,organic,1,18ae3d5c73d87d3f8abbd9c977daa4306b1c9ac8aec3ab6a7a20f1b0c1a50658,c044c67146ea0d3da2f91b1f8b2051f3a33381b0f8daa5b71b71a9b8e8d0f152,
data/raw/realwaste-main/RealWaste/Vegetation/Vegetation_70.jpg,organic,1,49284814fde496e5956d474b9914610d52c1aa4b8a615018354ed729f058ed0f,fc48c1320bc5588dc8dba3434ed467d5e8fa682c156374bb3df76224382c233b,
data/raw/realwaste-main/RealWaste/Vegetation/Vegetation_72.jpg,organic,1,90a3469114af6decab8d22125b7665def441220615031fcab439c9546031acaf,d2fa1f9fdd0105d278fefb4c25abcdf0cdb8864e8d1f42f08c87409c9aedecb6,
data/raw/realwaste-main/RealWaste/Vegetation/Vegetation_73.jpg,organic,1,9decd1289168ab0a62c4472c8a68ba5cbbda33cdfe27f977c946575f24666d3f,a399b116035ae3e432c60b8827e0c0ae158240ccbe867fcac2968bce9acf0d3b,
data/raw/realwaste-main/RealWaste/Vegetation/Vegetation_74.jpg,organic,1,0841fcfc20f87285274d428e4290523d472487b1fc8063882bd22c33f6e42816,82827dc5e2ad44bd10ac738254880933dbc3f16e226cb7c8853820c86c08ed94,
data/raw/realwaste-main/RealWaste/Vegetation/Vegetation_75.jpg,organic,1,ac2d4ed01c850b5c605b56054132244efca3886f441b0d22e2bffd034aa6c5c3,d5fa29f7888a018040698dd5c01f664e60316af632bafbbb90f74e178b8718fb,
data/raw/realwaste-main/RealWaste/Vegetation/Vegetation_77.jpg,organic,1,182ee2e20f0601aec2f20f5e9204b257e39828c8084c457b02221b137c5a6f4b,4410619a3616c60ad890a8aedb39ce24814fc70ef811a840002051326f2b4535,
data/raw/realwaste-main/RealWaste/Vegetation/Vegetation_78.jpg,organic,1,4a8668604724a85040de879485f6d68833f02d79cb11739be3cddb4c79526ba2,9976d1d5a9e83e9d797d199c9cd6772c5de7c0032808a7f52f79d8a5c6d3b958,
data/raw/realwaste-main/RealWaste/Vegetation/Vegetation_79.jpg,organic,1,5fc03a36859bea5afa6bf657e92fef1fe851f96c80715176da8dfc7cd033b193,840998e862a6facf27bb070b356886f69906b544939005ec715349ab6a294ef3,
data/raw/realwaste-main/RealWaste/Vegetation/Vegetation_8.jpg,organic,1,7ec1cc88913d91e7fb51dbdc85caaab9e4b887422d9436074815920c8db2167d,cc806eacbfa73c50a712af39b4939e7bf1fa422f8840956604a77e59a9623cf6,
data/raw/realwaste-main/RealWaste/Vegetation/Vegetation_80.jpg,organic,1,9a2858671f8adf4ba0fc75d82070ef9b9f8c702bc05afc840af74cea21b60c6d,d56b8554f2b92459b878f73e8b1944ed8b7253f671d74e2bc74436fc286b6596,
data/raw/realwaste-main/RealWaste/Vegetation/Vegetation_83.jpg,organic,1,a47d0ea3dd9acafe10672469ceb1111ac3a8c8ca3e85828708de877f32ebd1be,03d0407f266a3eb014c42dafa41765e60b8d450ca48b515bbe3bb0d08878d14f,
data/raw/realwaste-main/RealWaste/Vegetation/Vegetation_85.jpg,organic,1,c73e5f4c85a6346301bac6a9a1aeb4d9fd34c7c47695fd4455047a3178985386,7217eb403d172059fd0c83dd28b9cb50a74ffa509e378bad4cd39efababe99f0,
data/raw/realwaste-main/RealWaste/Vegetation/Vegetation_86.jpg,organic,1,42c7cd67ca80db97bef426ac25b793f762d7a254aa477eaa0b73aa457512649e,5b1f24bd9bc42bff610d4de0b19ecc36f65517fda068cf7891a5aec42785deb0,
data/raw/realwaste-main/RealWaste/Vegetation/Vegetation_87.jpg,organic,1,5d5ecf1062d08b467579199a02febbf8243adf44ce836024ba788b0436f3484f,d31a05c8a91e009b6c6fcd9f147b0d45eaddc5bb6096ada4dca5b79f56c64945,
data/raw/realwaste-main/RealWaste/Vegetation/Vegetation_88.jpg,organic,1,a3fec624b1903cab4db0b8a0263146353a17aa90389b4ff52696bf921ad73665,b2a39e01b903730f481aba30e1179c435f19a27b48cc43652ca10c10ef45144c,
data/raw/realwaste-main/RealWaste/Vegetation/Vegetation_89.jpg,organic,1,a76cc5fde330d180b37a1a24f24f09077bc6645c5c2edb9ab930d5f4b1b1222b,499bbfe8d62fb34b5d9e6755cfdd949c161bd883810c8d9fbf6d380866b06099,
data/raw/realwaste-main/RealWaste/Vegetation/Vegetation_9.jpg,organic,1,a573d99e58bfa694d24deadb90503c54f0ab8fb6aca596c1b478634a101b08d0,8a971d7d9757a8bb9dc8ca23dde60c98d9f6f9e3f435464366c48d1defa3ca31,
data/raw/realwaste-main/RealWaste/Vegetation/Vegetation_90.jpg,organic,1,7f9fc860b44d103477410841c6a075c7bb9b88937cbf43ca17e875b6b0aeb50b,603f05c2330b433932dc3111cc04d0cb5a70f5e5eba0b5c192875152250562ba,
data/raw/realwaste-main/RealWaste/Vegetation/Vegetation_91.jpg,organic,1,dd7dbc12db68eae91128b591f102840784cb6562e1212a4adb3a1478a5c8c29e,878ed1467c1ec9b26b1fc1814fa349a1d9914b74bc2500e64ee1efd97f12975b,
data/raw/realwaste-main/RealWaste/Vegetation/Vegetation_92.jpg,organic,1,f4ba4d358a19557bb39ff19886d4b05ff68a3f09563cc97207d7632d7d5ad8d8,7c6daaba97765bf7b04cf7da199ed9ae4d6caf1a9096c6dad0283e68fb834f10,
data/raw/realwaste-main/RealWaste/Vegetation/Vegetation_93.jpg,organic,1,f952f4841eb745ab0cd3ea78db84f12de4eed448a4bd8ec7ff2070656986506b,c8b68479589737f0460bb4ad795067f1770669d51c3481fd3b90d2c2ff8c50ab,
data/raw/realwaste-main/RealWaste/Vegetation/Vegetation_94.jpg,organic,1,26df35cb759145e98b63c815cd4de0fea611e6b45e3444d68a3ecc5b3de637bf,44e615cc09a80ad2d173590b1853ddadafdc12b2fa345c06399b0f72013dedfe,
data/raw/realwaste-main/RealWaste/Vegetation/Vegetation_95.jpg,organic,1,ffdb2b1c6352de85e9ade5f1478dbc106ea5f51217b166f352dd9749d78f5078,84a401993856efb02423987da55922a49872c937d5f7551fa1ecaecfbce693fb,
data/raw/realwaste-main/RealWaste/Vegetation/Vegetation_97.jpg,organic,1,41bd771cea4f5d68be6f608e4be44ab828278aaa1ef3cc41aeb05ca0995f6157,3f9a6e7214ff2863f271a88e8389a6da0da269be60bf4898a2f2ea12c0fe0403,
data/raw/realwaste-main/RealWaste/Vegetation/Vegetation_98.jpg,organic,1,1ca950d66cb1294bc8f3df654f13d69de8f91cf882adc736cec462a3dc988a8a,86f85f8f9b3948eefc555ed03f9940192d4a2b76fce863c3f8cbf97e5d22be18,
data/raw/realwaste-main/RealWaste/Vegetation/Vegetation_99.jpg,organic,1,ace560f5995a50cc338e1edb3cf351da1266159bd907e2d34ecfa3f0fd45590d,9221638a2ec45fcc5db44119a68df8aca002e9c0f278604d7fcebd8b6a0db1ff,
